record_id,source,protein_id,pdb_id,chain_id,sequence_sha256,sequence_length,joint_homology_group,canonical_dataset_role,experimental_cv_fold,label_availability
EXPERIMENTAL__1bve,experimental_nmr,1bve,1bve,,db7645e814010ebcd4c1bf2dedd8ae6f493fbb6138befc4a04b513a2939bf822,99,JHG30_ec47b2ad4529,experimental_grouped_cv,4,included_in_development_residue_labels
EXPERIMENTAL__1d2b,experimental_nmr,1d2b,1d2b,,ee4dbb6360419a5a2f39d98a758100fb17a5aa987b1e9f266fc37399faef47bd,126,JHG30_f5f59a868b81,experimental_grouped_cv,1,included_in_development_residue_labels
EXPERIMENTAL__1d3z,experimental_nmr,1d3z,1d3z,,233b4b0b8c4616095bc3249f9375fc345d32af7deaef07117d0383c51d6f19aa,76,JHG30_bf545f42956a,experimental_grouped_cv,2,included_in_development_residue_labels
EXPERIMENTAL__1e8l,experimental_nmr,1e8l,1e8l,,eaf1f8d7f5bf78bbefe1100d912a09893361c57dda057f634adb5c5af6dfe79c,129,JHG30_3bb850007689,experimental_grouped_cv,4,included_in_development_residue_labels
EXPERIMENTAL__1f8p,experimental_nmr,1f8p,1f8p,,7739dc59c133e8e4e233b833d8a461b8156ca1fd598d3faf539bf809058136a1,36,JHG30_7cf1e119d93f,experimental_grouped_cv,2,included_in_development_residue_labels
EXPERIMENTAL__1icy,experimental_nmr,1icy,1icy,,74c1e72a869e75ba6f3024d776a66f639cb9872114b3ec96017fe121724565d8,36,JHG30_7cf1e119d93f,experimental_grouped_cv,2,included_in_development_residue_labels
EXPERIMENTAL__1jbh,experimental_nmr,1jbh,1jbh,,03aea93694fc35f3d36fb2c1db4ca22641adcabfce568811a998d85e02d77857,135,JHG30_666768ad6948,experimental_grouped_cv,3,included_in_development_residue_labels
EXPERIMENTAL__1ljv,experimental_nmr,1ljv,1ljv,,a330836d2034d0511a50c54cd99249f2f6cffb16a9f58e553575295e7ca8b513,36,JHG30_7cf1e119d93f,experimental_grouped_cv,2,included_in_development_residue_labels
EXPERIMENTAL__1mzk,experimental_nmr,1mzk,1mzk,,28af21dae359c873076aa085989d4f16b09936febf201fb038f3d97fad33c422,122,JHG30_54bf8f8bbbc8,experimental_grouped_cv,2,included_in_development_residue_labels
EXPERIMENTAL__1r36,experimental_nmr,1r36,1r36,,1db82d9948defbd6adbd874b17c8172ff36c14289af2adcc11f47e550102a12e,140,JHG30_b9c35c1e9cb1,experimental_grouped_cv,3,included_in_development_residue_labels
EXPERIMENTAL__2ase,experimental_nmr,2ase,2ase,,ed99abdd4ef1398a1641829024749490298dfbf1b41edb39654f4991f035a7d0,178,JHG30_975cbf32a1c4,experimental_grouped_cv,3,included_in_development_residue_labels
EXPERIMENTAL__2bbn,experimental_nmr,2bbn,2bbn,,4239a4a97be30995f3117c9625f03fe4f0df4b2285543edbe76a64c69c51f004,148,JHG30_777fddc4a0b0,experimental_grouped_cv,1,included_in_development_residue_labels
EXPERIMENTAL__2hlw,experimental_nmr,2hlw,2hlw,,db3b0866ddce10f8aae673890399d7df44e0f0f724a5a2777a811c167c6a5bb6,170,JHG30_70e87deaf84f,experimental_grouped_cv,4,included_in_development_residue_labels
EXPERIMENTAL__2jnb,experimental_nmr,2jnb,2jnb,,8294e030ec4a9b6df8f57fd523ccdbca041d9f6887af8e73ac1ede73f9025700,128,JHG30_ccae0523197d,experimental_grouped_cv,4,included_in_development_residue_labels
EXPERIMENTAL__2jph,experimental_nmr,2jph,2jph,,7d1b2fdd5c07e55a1d948edfc4b688b2f26b241952ff291c9bfc142b15c552e3,122,JHG30_3f4e3c429f02,experimental_grouped_cv,4,included_in_development_residue_labels
EXPERIMENTAL__2juo,experimental_nmr,2juo,2juo,,f04a826dd27ef1990a1b4f9215861337627198324792ca3b55ef98797740bbed,89,JHG30_c48474d14add,experimental_grouped_cv,1,included_in_development_residue_labels
EXPERIMENTAL__2jxn,experimental_nmr,2jxn,2jxn,,45e05741a7c6e0e3ada4231f43da2d478c6e94c58bb5f01c758396d6bc9d6d3a,116,JHG30_289bf3803a02,experimental_grouped_cv,0,included_in_development_residue_labels
EXPERIMENTAL__2kni,experimental_nmr,2kni,2kni,,2af952675c56486597162342aca15e2a4e33a769d067255ab4645d7ed742354f,41,JHG30_f3f132b87263,experimental_grouped_cv,3,included_in_development_residue_labels
EXPERIMENTAL__2l4o,experimental_nmr,2l4o,2l4o,,4c1f8c8793ebd5e4853c2dc4abbc6ed06971f4cfab163194ea68c4f28789e3e6,175,JHG30_fd879495b170,experimental_grouped_cv,2,included_in_development_residue_labels
EXPERIMENTAL__2llf,experimental_nmr,2llf,2llf,,e39816f101dec66eb2b8efabd14d050341776976e2ce16c1e4adced4063e2238,107,JHG30_638bed870cc3,experimental_grouped_cv,1,included_in_development_residue_labels
EXPERIMENTAL__2lro,experimental_nmr,2lro,2lro,,4b36516a08b7abbb176a3221bf5ab31566e57d6618626d1aca78991f9dd8e639,172,JHG30_86086dda79a0,experimental_grouped_cv,0,included_in_development_residue_labels
EXPERIMENTAL__2lrp,experimental_nmr,2lrp,2lrp,,4b36516a08b7abbb176a3221bf5ab31566e57d6618626d1aca78991f9dd8e639,172,JHG30_86086dda79a0,experimental_grouped_cv,0,included_in_development_residue_labels
EXPERIMENTAL__2lzj,experimental_nmr,2lzj,2lzj,,033cb799c795caf78d01d952da9e33201fccf1d84cec199d99df50b1cbb1a35c,112,JHG30_1087bdf2b435,experimental_grouped_cv,3,included_in_development_residue_labels
EXPERIMENTAL__2n8j,experimental_nmr,2n8j,2n8j,,787e521525941a7d26a5d483ac12f3df74ff3d38c70b225272c4815777f80763,148,JHG30_777fddc4a0b0,experimental_grouped_cv,1,included_in_development_residue_labels
EXPERIMENTAL__2rqs,experimental_nmr,2rqs,2rqs,,d09faf716ecdd45272a7c2b8897f5a939f54c72cab4502ce6b7521940074ed00,97,JHG30_5dd9604335f3,experimental_grouped_cv,0,included_in_development_residue_labels
EXPERIMENTAL__6sft,experimental_nmr,6sft,6sft,,4fa14b6e297ee451acd97502587aa437547da8e596a010777c77da9ef2f9ff62,36,JHG30_4f22cbc24b6a,experimental_grouped_cv,0,included_in_development_residue_labels
HISTORICAL__1pd7,historical_test,1pd7,1pd7,,fd3f4e3b3414e292bb70d966128525a34ea48373842a51f5089adfbe2b14025d,85,JHG30_9e4d75a55bdc,protected_historical_test_metadata_only,-1,protected_historical_test_metadata_only
HISTORICAL__1wrs,historical_test,1wrs,1wrs,,6bf6f2dc7e9f3b31fa73a5c07d1c5cd2fcdb00fec6938bc3f7a13ca49662b2b4,106,JHG30_3b110e7750ba,protected_historical_test_metadata_only,-1,protected_historical_test_metadata_only
HISTORICAL__1wrt,historical_test,1wrt,1wrt,,052995301199c134b50dd6ebc7136faf0af82efb1a85c25e897b622db6cda9d9,104,JHG30_3b110e7750ba,protected_historical_test_metadata_only,-1,protected_historical_test_metadata_only
HISTORICAL__1z9b,historical_test,1z9b,1z9b,,c76f902289c4e49d7af7b7c543ba75ce5c1aba089e5c98a5f03329b8457e1222,135,JHG30_4194a54033f3,protected_historical_test_metadata_only,-1,protected_historical_test_metadata_only
HISTORICAL__2jwt,historical_test,2jwt,2jwt,,13e6dafe54024ceeb02dd7c7f522028d755bff90323b8bf816eeeb453a1731e7,61,JHG30_df2eb87f1c83,protected_historical_test_metadata_only,-1,protected_historical_test_metadata_only
HISTORICAL__2l6b,historical_test,2l6b,2l6b,,8346c345e46e2414058c2b938b9de14e298bdb5f7902401aa8692d538045b1d3,106,JHG30_cd5f0dfccb7c,protected_historical_test_metadata_only,-1,protected_historical_test_metadata_only
HISTORICAL__2luo,historical_test,2luo,2luo,,7e4bdbc1ded54e58b504e2abd1f15fdcbb06908e8d77c97aa714449dfc26288d,164,JHG30_7cb93d0fd564,protected_historical_test_metadata_only,-1,protected_historical_test_metadata_only
HISTORICAL__2m3o,historical_test,2m3o,2m3o,,90332e1a15ff5425b7f83ec241f6849de932ab6a0f3122d19ad321055d0dc48a,43,JHG30_00e62cb6176c,protected_historical_test_metadata_only,-1,protected_historical_test_metadata_only
HISTORICAL__2xdi,historical_test,2xdi,2xdi,,158fb4e40de6e35363d8bd92281b49889195d457df5a907032aba4c772426130,105,JHG30_3b110e7750ba,protected_historical_test_metadata_only,-1,protected_historical_test_metadata_only
HISTORICAL__4aai,historical_test,4aai,4aai,,e04a8505acda6e4417407990c55f666a73aeee283e35eda2ba85560fec99dd11,73,JHG30_53e6f0aa21c6,protected_historical_test_metadata_only,-1,protected_historical_test_metadata_only
MD__1a62_A,md_ired,1a62_A,1a62,A,0df3e4f4d4b698b4bd0a36850c5e2a3597670b6fb3e3d26b0a87e151abda9a7d,130,JHG30_352b9435bee0,weak_train,-1,included_in_development_residue_labels
MD__1ab1_A,md_ired,1ab1_A,1ab1,A,ef9ea8f822d7c26debbc4e3923e167f753455563e46d045a79c0531cd10fba49,46,JHG30_5ebf8e821e0d,weak_train,-1,included_in_development_residue_labels
MD__1ah7_A,md_ired,1ah7_A,1ah7,A,666040cd345f80ad995462083d66c3c11c47523545ae6e9cd7d66c1d45c152f9,245,JHG30_111c8433fc38,weak_train,-1,included_in_development_residue_labels
MD__1ail_A,md_ired,1ail_A,1ail,A,151429e00d80012dea492086244fde3a18877175d07a12dc0b3ce913f18d89f5,73,JHG30_ce6bfd7301ad,weak_train,-1,included_in_development_residue_labels
MD__1aol_A,md_ired,1aol_A,1aol,A,73df2250f47e8e9e232ae1de844b5874b919bb0c49b8b04bf62c17ad6cf6c43a,228,JHG30_eb7da1ba651b,weak_train,-1,included_in_development_residue_labels
MD__1b0n_A,md_ired,1b0n_A,1b0n,A,0b65e1498555560b8dde07430a7c331aec41417a03117913fdb4d7342cbf0dce,111,JHG30_030a687c29f4,weak_train,-1,included_in_development_residue_labels
MD__1b2s_E,md_ired,1b2s_E,1b2s,E,a014502804fd3538eb83e2984404e8dae6739cf05a2e774e1427b255076ced93,90,JHG30_36575e6f61da,weak_train,-1,included_in_development_residue_labels
MD__1b2s_F,md_ired,1b2s_F,1b2s,F,a014502804fd3538eb83e2984404e8dae6739cf05a2e774e1427b255076ced93,90,JHG30_36575e6f61da,weak_train,-1,included_in_development_residue_labels
MD__1b8d_K,md_ired,1b8d_K,1b8d,K,d27742ef9519d81f0720c57792ec521b3fa408313150c10df803d8fe748780e5,164,JHG30_95b5c236aba8,protected_md_test_metadata_only,-1,protected_evaluation_metadata_only
MD__1bgf_A,md_ired,1bgf_A,1bgf,A,be7879e0807b17f2f2636d3df3998798ebf05390b1ba030f2ca7a73fc2a46550,124,JHG30_ca4683cf460a,weak_train,-1,included_in_development_residue_labels
MD__1bkp_A,md_ired,1bkp_A,1bkp,A,4816514bbe147fb813a3cabe6b81d7835f9b16539d9f5c257954f1426ffef127,278,JHG30_f6956f6748c4,weak_train,-1,included_in_development_residue_labels
MD__1bq8_A,md_ired,1bq8_A,1bq8,A,f284edff601ec4d1716545f70d93996a220dd6f405a79268dc999b082fac3385,54,JHG30_65a07c8f6b92,weak_train,-1,included_in_development_residue_labels
MD__1btk_A,md_ired,1btk_A,1btk,A,809edf8f0f18c9d816c5e436a1534e8449636d2b7d7d0811f8306274fd6071ab,169,JHG30_5ca3da0a3ff1,weak_validation,-1,included_in_development_residue_labels
MD__1bx7_A,md_ired,1bx7_A,1bx7,A,a8c12dd78dca7f3460710e0d313dc0aa71666ca56b585964a4fa28b2498d0a4b,55,JHG30_12223bb20c54,weak_train,-1,included_in_development_residue_labels
MD__1bxy_A,md_ired,1bxy_A,1bxy,A,d8cbedf3ef2adc843d9e0f7c0c161efe24d6094a99ad9fa316383f7eebded20d,60,JHG30_bc884429d84a,protected_md_test_metadata_only,-1,protected_evaluation_metadata_only
MD__1bxy_B,md_ired,1bxy_B,1bxy,B,d8cbedf3ef2adc843d9e0f7c0c161efe24d6094a99ad9fa316383f7eebded20d,60,JHG30_bc884429d84a,protected_md_test_metadata_only,-1,protected_evaluation_metadata_only
MD__1by2_A,md_ired,1by2_A,1by2,A,3a964ff8df32950f3e9f55d4e9a037eb87fb092a1fcb8059644c15a83ead0a9a,119,JHG30_c6a1354722ea,weak_train,-1,included_in_development_residue_labels
MD__1c1k_A,md_ired,1c1k_A,1c1k,A,ff79ffad6ac582688eafbe7573a15db97c3ba2263cd1be5c172535e1c85bd8cd,217,JHG30_6d69c77a71b6,weak_validation,-1,included_in_development_residue_labels
MD__1c52_A,md_ired,1c52_A,1c52,A,1b2147980e1a8a08be3928ae4deb425116f1c908db1f562e5cebe87f100e760b,131,JHG30_bffd40cb41a9,weak_train,-1,included_in_development_residue_labels
MD__1chd_A,md_ired,1chd_A,1chd,A,75856b24378a15ed6dc3fc8c7403e75db5ae0ee77bf1366a86cc351c58fab417,203,JHG30_abbddce0acff,weak_train,-1,included_in_development_residue_labels
MD__1cm3_A,md_ired,1cm3_A,1cm3,A,834ccdda60bec899711694758253de85b67655b04fa6ce62fe2f2b9d84a4b7b7,85,JHG30_073e388c9112,weak_train,-1,included_in_development_residue_labels
MD__1coj_A,md_ired,1coj_A,1coj,A,373e83a60cf1ecbae87fd7d26db8b68f23aff6870473f9a02d351619959e7e30,212,JHG30_417f22d9269b,weak_train,-1,included_in_development_residue_labels
MD__1cpq_A,md_ired,1cpq_A,1cpq,A,50f4a7b43deb384d3a4b81571b4f0012b79d72e929c5e1ed2205790b9ae13540,129,JHG30_32d41f52b505,weak_train,-1,included_in_development_residue_labels
MD__1ctf_A,md_ired,1ctf_A,1ctf,A,068338b1883385d54fba253debf64270d25d45e2802add7af2c1430f95203dcb,74,JHG30_d7876a7d52c1,weak_validation,-1,included_in_development_residue_labels
MD__1cuo_A,md_ired,1cuo_A,1cuo,A,c992516aecab2b209ae4ac065c735265853d4196f235c9fd74c8e1f728c1edd0,129,JHG30_7c6daf0fcda2,weak_train,-1,included_in_development_residue_labels
MD__1d2t_A,md_ired,1d2t_A,1d2t,A,06cc84dc09e4631e0b7b7f34563490a628491aba6418cb1658c7d5a00f6146aa,231,JHG30_d65f2d1af36e,weak_train,-1,included_in_development_residue_labels
MD__1d4t_A,md_ired,1d4t_A,1d4t,A,f0b9a62b7da1078b318e3a79e67dd550c3c90b5ab96edd0c89a9ac276a6328e1,104,JHG30_a6043233ef98,weak_train,-1,included_in_development_residue_labels
MD__1dd3_A,md_ired,1dd3_A,1dd3,A,4663d164e1bce2412cc88503c9a0544b5019660618c2a6ecdb77f8d37b121f3d,128,JHG30_463b12fb43c8,weak_train,-1,included_in_development_residue_labels
MD__1dd3_B,md_ired,1dd3_B,1dd3,B,4663d164e1bce2412cc88503c9a0544b5019660618c2a6ecdb77f8d37b121f3d,128,JHG30_463b12fb43c8,weak_train,-1,included_in_development_residue_labels
MD__1dfu_P,md_ired,1dfu_P,1dfu,P,28b0c1fb7c8669ccfac0beb75e76d4d36176b11143e58521c9a2234e76394930,94,JHG30_9a5f2eda4b13,weak_validation,-1,included_in_development_residue_labels
MD__1dj0_B,md_ired,1dj0_B,1dj0,B,674609915e9d5bb714c4eb26b767cc91bdb96bcfd742cb39fec32e3a0caff4de,264,JHG30_4a6ece23c8d3,weak_train,-1,included_in_development_residue_labels
MD__1dk8_A,md_ired,1dk8_A,1dk8,A,59364ee88c41fa01a24763cd4f13334c44c8ea4dc710340b99b9901512eb6dc0,147,JHG30_6f32745def30,protected_md_test_metadata_only,-1,protected_evaluation_metadata_only
MD__1doi_A,md_ired,1doi_A,1doi,A,7cd88f02e57c312417faefeb4257bf221dfca17acd60a318dea90d3b13fb5e5b,128,JHG30_5cc578d4d334,weak_train,-1,included_in_development_residue_labels
MD__1dpt_A,md_ired,1dpt_A,1dpt,A,67941bb6e7393180b44a645ed852f2f137d4517f7215c11e9f67d8fe5f56caf6,117,JHG30_969d0f038f7f,weak_train,-1,included_in_development_residue_labels
MD__1dtd_B,md_ired,1dtd_B,1dtd,B,f6944a96473fcc596396e348494d6401e2a03e800122690c63c24aac9b6a8dcd,61,JHG30_c72ebdeb38e7,weak_train,-1,included_in_development_residue_labels
MD__1dwk_A,md_ired,1dwk_A,1dwk,A,947527cb44ad345f9a1c7be32df69d9024ad308ac30fcd5036fe6ce2e838193f,156,JHG30_23c442c6e71f,protected_md_test_metadata_only,-1,protected_evaluation_metadata_only
MD__1dzf_A,md_ired,1dzf_A,1dzf,A,cbb62a307ad153c255d09b1c38b21b1866a034868655b605fa2a8e4f6e878fa7,215,JHG30_60f646bcb481,weak_train,-1,included_in_development_residue_labels
MD__1e7l_B,md_ired,1e7l_B,1e7l,B,9eabe025a3117286a4f5ba175faf62e672977ed51e277ef6f81d0af640ed0e87,157,JHG30_5732f5adb88a,weak_validation,-1,included_in_development_residue_labels
MD__1ear_A,md_ired,1ear_A,1ear,A,80861e1ae4df0be876d1637becd1a378ef58bdfe2fd18efdfd018d0f265b0b32,147,JHG30_0f87f8688d15,weak_train,-1,included_in_development_residue_labels
MD__1eb0_A,md_ired,1eb0_A,1eb0,A,80861e1ae4df0be876d1637becd1a378ef58bdfe2fd18efdfd018d0f265b0b32,147,JHG30_0f87f8688d15,weak_train,-1,included_in_development_residue_labels
MD__1ef1_C,md_ired,1ef1_C,1ef1,C,38885c7440e2a96b364101f9718285e6e2b91d57f97cd64a6ffcd777570ff2ab,90,JHG30_ea280c98411d,weak_train,-1,included_in_development_residue_labels
MD__1ef1_D,md_ired,1ef1_D,1ef1,D,38885c7440e2a96b364101f9718285e6e2b91d57f97cd64a6ffcd777570ff2ab,90,JHG30_ea280c98411d,weak_train,-1,included_in_development_residue_labels
MD__1egw_B,md_ired,1egw_B,1egw,B,0d44d507867adb97eb9f9c782cad5c380502328e48738a2d55a90804fabd8e63,77,JHG30_57f6d9646b55,weak_train,-1,included_in_development_residue_labels
MD__1egw_C,md_ired,1egw_C,1egw,C,0d44d507867adb97eb9f9c782cad5c380502328e48738a2d55a90804fabd8e63,77,JHG30_57f6d9646b55,weak_train,-1,included_in_development_residue_labels
MD__1enj_A,md_ired,1enj_A,1enj,A,33a2395260bf71669ac0e8598c7de1ccff1a123bffe89df6ba76fd9cd757034a,138,JHG30_4b748fc2c2a0,weak_train,-1,included_in_development_residue_labels
MD__1ez3_B,md_ired,1ez3_B,1ez3,B,1862b38e8aa1db7aabe7285ac1b727bd2e55d55507f5845ce1f8e475d817d996,127,JHG30_1166fd939926,weak_train,-1,included_in_development_residue_labels
MD__1f3u_E,md_ired,1f3u_E,1f3u,E,9de8e9aa34fb781fd89fd46bf1e722bd0479f79399adfc7a76e74e8276126b2d,118,JHG30_5680ac1086f3,weak_train,-1,included_in_development_residue_labels
MD__1f3u_G,md_ired,1f3u_G,1f3u,G,9de8e9aa34fb781fd89fd46bf1e722bd0479f79399adfc7a76e74e8276126b2d,118,JHG30_5680ac1086f3,weak_train,-1,included_in_development_residue_labels
MD__1f9p_A,md_ired,1f9p_A,1f9p,A,6d3b6be45a552dfded7a1cedd5a145e551ce0022fef0209391ebbcfc9ee8d78a,85,JHG30_91ed18ae2797,weak_train,-1,included_in_development_residue_labels
MD__1fcz_A,md_ired,1fcz_A,1fcz,A,4eab90fd71acfe8ce19a5b45b36e9026b5f18059631adef9b8e6f25998a1f9b9,235,JHG30_f83295a0dcc5,weak_train,-1,included_in_development_residue_labels
MD__1fd3_A,md_ired,1fd3_A,1fd3,A,80b2e571696e504921796704db3d98f079b090d8f92db166d5fb06c46b907eca,41,JHG30_7063e4801d92,protected_md_test_metadata_only,-1,protected_evaluation_metadata_only
MD__1fk5_A,md_ired,1fk5_A,1fk5,A,36dc9ce6bcb56036b40afbb94b7fda9ca6a7fcd2eafb3478e2c5715b5b682957,93,JHG30_13b2e8c24866,weak_validation,-1,included_in_development_residue_labels
MD__1fm4_A,md_ired,1fm4_A,1fm4,A,175e75d86bd2433e82e818660271e762d105f3b6d0aabb7247890c42cc844502,159,JHG30_23cec51a292c,weak_train,-1,included_in_development_residue_labels
MD__1fqi_A,md_ired,1fqi_A,1fqi,A,bc15f4d192d7558cdd1a70f1c50d0e5fc1f64115b60a31572bfe0273a6c6c527,147,JHG30_ec51cc3ec87d,weak_train,-1,included_in_development_residue_labels
MD__1fs1_A,md_ired,1fs1_A,1fs1,A,5e6cf214c3fbe084862b2498005ee52583de1c94d0bd1fee6b3ac58db6e11c61,53,JHG30_430dcf3e9ee6,weak_train,-1,included_in_development_residue_labels
MD__1fs1_C,md_ired,1fs1_C,1fs1,C,5e6cf214c3fbe084862b2498005ee52583de1c94d0bd1fee6b3ac58db6e11c61,53,JHG30_430dcf3e9ee6,weak_train,-1,included_in_development_residue_labels
MD__1fx4_A,md_ired,1fx4_A,1fx4,A,4e8c435ed859f3153223b3c0ffc768cbfe0b531a815dbd98cea03654b0df8f9c,231,JHG30_68bb91a9bc13,weak_train,-1,included_in_development_residue_labels
MD__1fxo_G,md_ired,1fxo_G,1fxo,G,6d7c70f2a015024deaf10db91aaa082a21e9986c7bdaf15f37d205312947e502,293,JHG30_e9940275defe,weak_train,-1,included_in_development_residue_labels
MD__1g2r_A,md_ired,1g2r_A,1g2r,A,75ff2c049c7c1d3eb24648bc7ae6daac0a85f652a44eb8449f120c0cc551b4cd,100,JHG30_c27f4c93f5a5,weak_train,-1,included_in_development_residue_labels
MD__1g6g_A,md_ired,1g6g_A,1g6g,A,1f03cf481496fb9831470630d0cfdf5a132865505eeecdf6c5c6b2df8bb42af6,127,JHG30_4792371cf648,weak_train,-1,included_in_development_residue_labels
MD__1g81_A,md_ired,1g81_A,1g81,A,e14fddfe4aaef193f357363ba562412dc0a5af3fd020958ffe4ea6c304462aab,164,JHG30_e59ea0ef1a5a,weak_train,-1,included_in_development_residue_labels
MD__1gqv_A,md_ired,1gqv_A,1gqv,A,7e29d58baf7d33676c70f8971457e724e07e0270df4c9e083de874f408e19694,135,JHG30_ead4e1e13649,weak_validation,-1,included_in_development_residue_labels
MD__1h02_B,md_ired,1h02_B,1h02,B,932a9a2ed2adb912817402aa49cb2d1d59ddc4a9fa579f7e0b9ddd2ac3f08099,70,JHG30_6c5c22095720,protected_md_test_metadata_only,-1,protected_evaluation_metadata_only
MD__1h2e_A,md_ired,1h2e_A,1h2e,A,f72a6bd72d0b06d3e509f09802b07ff0d58f1f5accbb99c6f2f875b3fadcf680,207,JHG30_89a7d6f43486,weak_validation,-1,included_in_development_residue_labels
MD__1h99_A,md_ired,1h99_A,1h99,A,645eb8ddce6c99734b72f9cd56ff8b9bdd599cb38f1c2806ccdfaf0137664856,224,JHG30_b1f5339f6d11,protected_md_test_metadata_only,-1,protected_evaluation_metadata_only
MD__1hc9_B,md_ired,1hc9_B,1hc9,B,01c59909cda3dfa2ba40c952a1ca375e8b8d464c7bd62c5abff8a3d9bcab8325,74,JHG30_bff0ef26b4e6,weak_train,-1,included_in_development_residue_labels
MD__1hoe_A,md_ired,1hoe_A,1hoe,A,068c69133abf89adcc78a49049cf7a54e12c0bb503b168527b80ed7f727e13b7,74,JHG30_08282fe49b96,weak_train,-1,included_in_development_residue_labels
MD__1hq0_A,md_ired,1hq0_A,1hq0,A,ce4740b8faa81bf35366a49a8f87c89cd6006aa4a3581e9e3f89d71bc8ab45d2,295,JHG30_f3e98e3e49af,weak_train,-1,included_in_development_residue_labels
MD__1huf_A,md_ired,1huf_A,1huf,A,1f2660bd3e79b55231d4c0c59cfb5ff972ba19c865ebd4ac9d7143ae68160b83,140,JHG30_fb5a4ab71a53,weak_train,-1,included_in_development_residue_labels
MD__1hw1_B,md_ired,1hw1_B,1hw1,B,b2b863f0e4031b6e1e52a4f310efd18c09b543dfa1103f46a8683212250fdf6b,239,JHG30_c60c5ea34927,weak_train,-1,included_in_development_residue_labels
MD__1hye_A,md_ired,1hye_A,1hye,A,0c6345cb21898278ab2caaee7132a4de5a2a217fa602fe544d128f788c2b4666,313,JHG30_43bfbc8decec,weak_train,-1,included_in_development_residue_labels
MD__1i0v_A,md_ired,1i0v_A,1i0v,A,654fa2cf426ac8ef6194f60b0ac91dd029572218d6e1f1ff7c2870e9ca6b63b8,104,JHG30_dbb60ec5323a,weak_train,-1,included_in_development_residue_labels
MD__1i2t_A,md_ired,1i2t_A,1i2t,A,f086c09a62460d1c1d4e292387dfbdf057ccb1d324ff721587d60d1e34728524,61,JHG30_ed8eda01534e,weak_train,-1,included_in_development_residue_labels
MD__1i4m_A,md_ired,1i4m_A,1i4m,A,384d56151103776a72296c50976dafa478eeae1f269a3354b8e8a56f81f322ef,108,JHG30_a640207d1728,weak_train,-1,included_in_development_residue_labels
MD__1ifg_A,md_ired,1ifg_A,1ifg,A,f0c88a0a2c55481d5515c9811cc560d80d6075f2b26a5001d64fa513391717c2,140,JHG30_e3c37af44767,protected_md_test_metadata_only,-1,protected_evaluation_metadata_only
MD__1ijt_A,md_ired,1ijt_A,1ijt,A,9950e82248a021d9041e2b11526aeb083bed73c9781ee8ea6c916d141ffcc7b5,128,JHG30_2f14d1db4b56,weak_train,-1,included_in_development_residue_labels
MD__1ijx_C,md_ired,1ijx_C,1ijx,C,125ce6b377bc56a33b6256460a74702db9d3eeb7e2b9e0d88e32f46a4ad491c7,127,JHG30_26b628efbe65,weak_validation,-1,included_in_development_residue_labels
MD__1ikt_A,md_ired,1ikt_A,1ikt,A,5679bc508e7f35c825243cdeda48637381cc29bced63b6a27630c929a1b13a96,120,JHG30_e3c841191aa8,weak_validation,-1,included_in_development_residue_labels
MD__1im5_A,md_ired,1im5_A,1im5,A,d21328d8eed9f652f13e00dbc2da9d75a8c518344c59edcc3b0c647f929b2e7c,180,JHG30_f84ee97a8728,weak_train,-1,included_in_development_residue_labels
MD__1iqq_A,md_ired,1iqq_A,1iqq,A,ed43c4f7358dd93a0a5f3659803f3c0aad7e1d3843aca70b917cd045d53da409,200,JHG30_4230e46672c8,weak_train,-1,included_in_development_residue_labels
MD__1ix9_A,md_ired,1ix9_A,1ix9,A,d7eb06830cce990a3ae437027435fea78d9324cef45b3261c3b915630de2f1b7,205,JHG30_aad51617ed33,weak_train,-1,included_in_development_residue_labels
MD__1j0p_A,md_ired,1j0p_A,1j0p,A,48e91ae63dc36c7aa796dd7850aebe2d007a47f89a685a254b21b8fd0a94d6d1,108,JHG30_83d03e1ad972,protected_md_test_metadata_only,-1,protected_evaluation_metadata_only
MD__1j2l_A,md_ired,1j2l_A,1j2l,A,0d1ab7c8ca4c545d1393a73bcaec9ce6504e0b0a626df91e27790c0fb3470019,70,JHG30_2b9c2e79c4f2,protected_md_test_metadata_only,-1,protected_evaluation_metadata_only
MD__1j5u_A,md_ired,1j5u_A,1j5u,A,c36150b22e89965cd6f8a0a5f998400647ab3bd3cafb67911cf70c9a251cdbcd,136,JHG30_dc14553fbd2e,weak_train,-1,included_in_development_residue_labels
MD__1j77_A,md_ired,1j77_A,1j77,A,aa1b42b4fa4ff4801e1f076c3e134acfa2ad2af33f12222c7c490a759a4c7a5c,209,JHG30_7f0f8c460be9,weak_validation,-1,included_in_development_residue_labels
MD__1j8e_A,md_ired,1j8e_A,1j8e,A,33c536c4830cc69f5bc0721314cae9b016d464dfaff3ea7beb382925b44a5d2d,44,JHG30_919c8f8c0404,weak_train,-1,included_in_development_residue_labels
MD__1j8r_A,md_ired,1j8r_A,1j8r,A,d3d48901c52221fa58053151e4713bdd9fb5abbd5ad991435745e53f2af4df70,196,JHG30_d191bf741258,protected_md_test_metadata_only,-1,protected_evaluation_metadata_only
MD__1jhs_A,md_ired,1jhs_A,1jhs,A,8e9e6b6d8ff0e96b75dcf4583b2dde9c7d94bb4b999a3825659c0602c09fd69f,188,JHG30_1e954265f210,protected_md_test_metadata_only,-1,protected_evaluation_metadata_only
MD__1jif_A,md_ired,1jif_A,1jif,A,f80221359f18b12a4f22954f3f42fae8338096fbf105449923b3f839a80159b1,122,JHG30_a6d2667c6102,protected_md_test_metadata_only,-1,protected_evaluation_metadata_only
MD__1jke_C,md_ired,1jke_C,1jke,C,67c201851e1493d9fa9cdc1641caa4bf82e5aeb786d8a8e5c8e5aae554cf90b0,145,JHG30_9933ade01a71,weak_train,-1,included_in_development_residue_labels
MD__1jmx_G,md_ired,1jmx_G,1jmx,G,54910b48b2c4b7c80905ad36c1a85a88b547bbab0328dccd9a170b7964e35960,79,JHG30_f79090fc0ce1,weak_train,-1,included_in_development_residue_labels
MD__1jo0_A,md_ired,1jo0_A,1jo0,A,96cc4439d733faf611a585e12233ac2622f404ea4a607143d72bd93c7c64e936,98,JHG30_c2a8ad0e619c,weak_train,-1,included_in_development_residue_labels
MD__1juv_A,md_ired,1juv_A,1juv,A,be28c4cba009ae26e06d5bf1bdf3243f0157068d585e0e637c968c23653ecb96,193,JHG30_b0e5d2efa449,protected_md_test_metadata_only,-1,protected_evaluation_metadata_only
MD__1jwq_A,md_ired,1jwq_A,1jwq,A,4f00f2979d29f4623792d6885b68467486b9ffb318a9dbceb428332abd00412b,179,JHG30_e095fe8300f4,weak_train,-1,included_in_development_residue_labels
MD__1jyo_B,md_ired,1jyo_B,1jyo,B,7bcebaf4ed4d3c578fbb78724b409b58db353f3b9b38600f81f6243cd0da4864,130,JHG30_9fd48c958e32,weak_validation,-1,included_in_development_residue_labels
MD__1jyo_E,md_ired,1jyo_E,1jyo,E,3a252525c9399200eb61041a10ed6bc9fa85bccf7ab822922913682aa10879e7,105,JHG30_9994f6a3ecea,weak_train,-1,included_in_development_residue_labels
MD__1jyo_F,md_ired,1jyo_F,1jyo,F,3a252525c9399200eb61041a10ed6bc9fa85bccf7ab822922913682aa10879e7,105,JHG30_9994f6a3ecea,weak_train,-1,included_in_development_residue_labels
MD__1k7c_A,md_ired,1k7c_A,1k7c,A,04bca2e2ce40dac8bff8c7539c2c3f32ceabb6193901ccd9386246efdf7a8b08,233,JHG30_0506174fa212,weak_train,-1,included_in_development_residue_labels
MD__1k7j_A,md_ired,1k7j_A,1k7j,A,2a9206bdd698c19eb13a28262e72cedab5cb7938b446eb75c711855722113e7b,206,JHG30_b84d2da75be7,weak_train,-1,included_in_development_residue_labels
MD__1k8k_E,md_ired,1k8k_E,1k8k,E,2e90490e5cbfa2b315325ebac90105629c6038962f9e84819af11ad66258ab08,178,JHG30_350e1d6a37e5,weak_train,-1,included_in_development_residue_labels
MD__1knt_A,md_ired,1knt_A,1knt,A,ae3680bc8812f3dbd1b25fa9468d6b8998f4c7d9daadaf988540e6eb7a7c6ef9,58,JHG30_6d3770f15715,weak_train,-1,included_in_development_residue_labels
MD__1koe_A,md_ired,1koe_A,1koe,A,a9f70be0694edec06e05960b346d461a0c4b2490d7b7160a6f160560a9a7fbc3,172,JHG30_976ffc334abf,weak_train,-1,included_in_development_residue_labels
MD__1kop_A,md_ired,1kop_A,1kop,A,dd44b3a666abfe1a1dfc3c4df1129128abcdee025054ba99396a9bbc5003be3e,223,JHG30_64e5a1aacfb0,weak_train,-1,included_in_development_residue_labels
MD__1kpt_A,md_ired,1kpt_A,1kpt,A,db7a9b0ed0ffb38df26c44be2c813d910f8fdbb752cbf1b9c11aab4628c5bbb9,105,JHG30_230d3f727ce1,weak_train,-1,included_in_development_residue_labels
MD__1krn_A,md_ired,1krn_A,1krn,A,8e5835dbfd4013b10ce32c6986bab26f41c04a2261393c6728545c119e51bab1,88,JHG30_6b7296c90f80,weak_train,-1,included_in_development_residue_labels
MD__1l2w_I,md_ired,1l2w_I,1l2w,I,55b06929a6cbf772b981f351394919257ab82eb542d83113b477d28adb0ba2c6,69,JHG30_2af3deba364a,protected_md_test_metadata_only,-1,protected_evaluation_metadata_only
MD__1l2w_J,md_ired,1l2w_J,1l2w,J,55b06929a6cbf772b981f351394919257ab82eb542d83113b477d28adb0ba2c6,69,JHG30_2af3deba364a,protected_md_test_metadata_only,-1,protected_evaluation_metadata_only
MD__1l9l_A,md_ired,1l9l_A,1l9l,A,bf9d4881a77eb209d6d776498136cbddf7d5c352f27f9da8b93873ec00c5ccfe,74,JHG30_a2e7acd9de4f,weak_validation,-1,included_in_development_residue_labels
MD__1lfp_A,md_ired,1lfp_A,1lfp,A,9cc37bfccdea1dd63cb25c2a2b58ec2821ff425a52789af75a4c6e9e82429a0e,249,JHG30_67f94314532a,weak_train,-1,included_in_development_residue_labels
MD__1lln_A,md_ired,1lln_A,1lln,A,6eb7a0e5c96985587843d9984e4cd4d781987e38634bfcd7ed35a02d9b161cd2,262,JHG30_3bf7fd092991,weak_validation,-1,included_in_development_residue_labels
MD__1lr0_A,md_ired,1lr0_A,1lr0,A,3b4879ccfcf4242f83bb3df70c5a5fef5eaf553c2a84e2b1f21401b80df83a75,129,JHG30_9b73c0b973ca,weak_train,-1,included_in_development_residue_labels
MD__1lri_A,md_ired,1lri_A,1lri,A,492108a795068e6808906d71a060c9af8baaf5dcb5069a8a66dea107988c4758,98,JHG30_e0b4b1b4a03d,weak_train,-1,included_in_development_residue_labels
MD__1lwb_A,md_ired,1lwb_A,1lwb,A,2c0497734bf82948d9bdf5ae8e81a78dbe0a8901f1c96fe72f08c1e4ab1f5623,122,JHG30_811b443ff8a6,weak_train,-1,included_in_development_residue_labels
MD__1m5q_I,md_ired,1m5q_I,1m5q,I,e56aa8d02bf1c350460923a1575af5ee53a37acf1494e33fd423736eb8e54610,130,JHG30_4274f4469053,weak_train,-1,included_in_development_residue_labels
MD__1m5q_Z,md_ired,1m5q_Z,1m5q,Z,e56aa8d02bf1c350460923a1575af5ee53a37acf1494e33fd423736eb8e54610,130,JHG30_4274f4469053,weak_train,-1,included_in_development_residue_labels
MD__1m8s_A,md_ired,1m8s_A,1m8s,A,332674f0ca0e2d315154b4195f2c9a7bd5cd76b4d98d89e1e71bcfa58a52564d,124,JHG30_4711397ef09e,weak_train,-1,included_in_development_residue_labels
MD__1m9z_A,md_ired,1m9z_A,1m9z,A,41f1c975b8037a0c5fb16def915075f58cf27df2eba5520930ccc6b237311e2b,111,JHG30_2edaadf6fc63,weak_train,-1,included_in_development_residue_labels
MD__1md6_A,md_ired,1md6_A,1md6,A,14091e80916984c97cb28911a4ecdacae72a3604e2465bba74076c1747389aa5,154,JHG30_5cd0532b3201,weak_train,-1,included_in_development_residue_labels
MD__1mix_A,md_ired,1mix_A,1mix,A,5a0969db5b3038b8c17063b9bb6705e13e572516827f4dfdb2400a545d259e3b,206,JHG30_e262b2ba485d,weak_train,-1,included_in_development_residue_labels
MD__1mjf_B,md_ired,1mjf_B,1mjf,B,ca86ad7e63843c8f1d4aef48adcd09f2d03c1b17ac910a223c5c325afeb7170c,281,JHG30_8b77a54e1aa7,weak_train,-1,included_in_development_residue_labels
MD__1mk0_A,md_ired,1mk0_A,1mk0,A,c0e391821fe68583c654ef2f76b91c6fc77ae95be4facc2a9aa54162be7fb282,97,JHG30_8903cf6254c6,weak_train,-1,included_in_development_residue_labels
MD__1mlw_A,md_ired,1mlw_A,1mlw,A,079820e42201f44ff0a2c203ee43e62da3b10a660d76f4bcce1cd2310f71f877,301,JHG30_56895606595d,weak_train,-1,included_in_development_residue_labels
MD__1msc_A,md_ired,1msc_A,1msc,A,e381ab6a6a3b5f5ce0ffed526f8a6375ec72567fbd0b04bb68763004e91099be,129,JHG30_1e7c17a5858e,weak_train,-1,included_in_development_residue_labels
MD__1n2m_A,md_ired,1n2m_A,1n2m,A,c4ab641d4fd8935e209a2fff12a283c2d65dda0eb596d57ffba090653c28f312,165,JHG30_b120416d6974,weak_train,-1,included_in_development_residue_labels
MD__1n8o_E,md_ired,1n8o_E,1n8o,E,4728cac1d3ccc4587931ead3a1c010a9f227e78d9bda6f3126de07cef88866e0,142,JHG30_e3c37af44767,protected_md_test_metadata_only,-1,protected_evaluation_metadata_only
MD__1n8u_A,md_ired,1n8u_A,1n8u,A,bf55b780c3cc0327f50bf92aa7f4ed4a0385fc1bda13e4fd6036cf446243dabc,112,JHG30_7a421a199b19,weak_train,-1,included_in_development_residue_labels
MD__1n8v_B,md_ired,1n8v_B,1n8v,B,bf55b780c3cc0327f50bf92aa7f4ed4a0385fc1bda13e4fd6036cf446243dabc,112,JHG30_7a421a199b19,weak_train,-1,included_in_development_residue_labels
MD__1nf8_A,md_ired,1nf8_A,1nf8,A,33a0c3e376bbeb2eb85eea9a5b582fcbfb1d6dc99cf4d9c65b04ced6b6affe91,207,JHG30_273e03d08b98,weak_train,-1,included_in_development_residue_labels
MD__1ng6_A,md_ired,1ng6_A,1ng6,A,8dc0a0658daa42be41d42c5ff8da88b11e3ba84f5f0e0efcdeaf49b8be7f4c22,148,JHG30_7fd7abfbf65c,weak_train,-1,included_in_development_residue_labels
MD__1nh2_B,md_ired,1nh2_B,1nh2,B,f9b2e945a1dd7ceac459d2a00fc3fe1797305a2a5b8d2667405cc0aa95bb376b,53,JHG30_a3468e1bf0de,protected_md_test_metadata_only,-1,protected_evaluation_metadata_only
MD__1njh_A,md_ired,1njh_A,1njh,A,a6cf08ea63b11358db2fb39f0e8434dbd0df36e357d6b96f308f285e16ea4ce2,119,JHG30_8c8ed47dc43d,weak_train,-1,included_in_development_residue_labels
MD__1nkp_D,md_ired,1nkp_D,1nkp,D,fbf8cbae36b9d9983c37dede8f5f587998c4718d9f9b323f1daa67a4ac2bcc8f,88,JHG30_dda7ffd7c943,weak_train,-1,included_in_development_residue_labels
MD__1nl1_A,md_ired,1nl1_A,1nl1,A,1c8cf9067b8505cd108fd683411489575c3983ea4d7fc30195186a066d6940e8,147,JHG30_914659f91fbd,weak_train,-1,included_in_development_residue_labels
MD__1nnh_A,md_ired,1nnh_A,1nnh,A,73ebd63d63e555f9625cf3e2a5213d5b239b318b9a557a2ed198fe60f87f185b,294,JHG30_1b6dca78757f,weak_train,-1,included_in_development_residue_labels
MD__1ntv_A,md_ired,1ntv_A,1ntv,A,39fec2f6d78acad36d0a23f4e756cbaaa9700d7a441328491b0a37c4d75e7fd7,152,JHG30_6e342ac045d6,weak_train,-1,included_in_development_residue_labels
MD__1o1x_A,md_ired,1o1x_A,1o1x,A,68839821caab372484c87cb5d54835f233068bff94c97a6aa55f7e765145402c,155,JHG30_956a7fdf80d6,weak_train,-1,included_in_development_residue_labels
MD__1o4k_A,md_ired,1o4k_A,1o4k,A,7a866a7768809ddc39b70c7063a2654d8b56d50e68137225550fa63ce82c72a5,108,JHG30_e23a53af426f,weak_validation,-1,included_in_development_residue_labels
MD__1oh9_A,md_ired,1oh9_A,1oh9,A,811c956beb7087752a7a36a02a424531f6362aa6e516724f7c8f01900d0c06f3,258,JHG30_52006533c4a2,weak_train,-1,included_in_development_residue_labels
MD__1ois_A,md_ired,1ois_A,1ois,A,9763601405ab526482b76fe8c5fdf89b9e4820de379636ec0cccd26c958cf881,223,JHG30_7a95f7f7ba17,weak_train,-1,included_in_development_residue_labels
MD__1ojh_C,md_ired,1ojh_C,1ojh,C,4d2b2c4aeefd60d48e08964a46ca77b5e9a2fa8fe6fc1a7a756b8d632dccb455,65,JHG30_a96551c7360d,weak_train,-1,included_in_development_residue_labels
MD__1ojh_D,md_ired,1ojh_D,1ojh,D,4d2b2c4aeefd60d48e08964a46ca77b5e9a2fa8fe6fc1a7a756b8d632dccb455,65,JHG30_a96551c7360d,weak_train,-1,included_in_development_residue_labels
MD__1ojq_A,md_ired,1ojq_A,1ojq,A,3e3f48a60e66a87832fbd8b51fae0664a2c2e0d4d54f1eeedac6e8b45020c94d,212,JHG30_7e2f628af4e6,weak_train,-1,included_in_development_residue_labels
MD__1ok0_A,md_ired,1ok0_A,1ok0,A,068c69133abf89adcc78a49049cf7a54e12c0bb503b168527b80ed7f727e13b7,74,JHG30_08282fe49b96,weak_train,-1,included_in_development_residue_labels
MD__1ouw_C,md_ired,1ouw_C,1ouw,C,e8f141e746b1dbdf098aa5a0ad32272e73f381f0f6ce85c1af2eca829a414ffd,152,JHG30_4a7299b684b0,weak_validation,-1,included_in_development_residue_labels
MD__1p27_C,md_ired,1p27_C,1p27,C,0f6b5b2172d5e5dbbda05c1d56a2f50914ee7127b9205ef598e2cf9ba8f0a599,144,JHG30_1f01e6a82704,weak_train,-1,included_in_development_residue_labels
MD__1pby_C,md_ired,1pby_C,1pby,C,cf2b5efafb36601935ec931cc3f2fa2dfad2c0a57b5e7566a651d221db0b04a2,79,JHG30_f79090fc0ce1,weak_train,-1,included_in_development_residue_labels
MD__1pcf_C,md_ired,1pcf_C,1pcf,C,4cbc14515764f01b46c07e77d406c73300003edb2e3f98e25f8ba75cd5c4ccf3,66,JHG30_a8527672b74e,weak_train,-1,included_in_development_residue_labels
MD__1pch_A,md_ired,1pch_A,1pch,A,7c0e8b8a33a841bfb7d2633522d0cc9369c7ab731aa33252aa097adad7ff81c1,88,JHG30_073e388c9112,weak_train,-1,included_in_development_residue_labels
MD__1pdo_A,md_ired,1pdo_A,1pdo,A,5d47bbcebcce7ecb6652cb2959327a8e650a97ff098c296779afdba16ac67872,135,JHG30_6cd97a532397,weak_validation,-1,included_in_development_residue_labels
MD__1pp0_C,md_ired,1pp0_C,1pp0,C,5e6e2f7c4785e952845a3a3200c026dc8f33425562e1bc4e0164518e42702cf3,199,JHG30_e82984c80c3e,weak_train,-1,included_in_development_residue_labels
MD__1ptq_A,md_ired,1ptq_A,1ptq,A,d1ae6a9895060bc1c638b4aba424680048b0f6b51f29c483232e5e897390d8c2,50,JHG30_e1c931ac3604,protected_md_test_metadata_only,-1,protected_evaluation_metadata_only
MD__1puc_A,md_ired,1puc_A,1puc,A,ce4d87b8173abe18ea3547502e2d486a8a461e6454b3fc975e6df033f4dd5213,105,JHG30_620e48e3a728,weak_train,-1,included_in_development_residue_labels
MD__1pv5_A,md_ired,1pv5_A,1pv5,A,90509219e8651b6778abe05b102b9eba59c0f64e140ed333db7aef6764ab9f67,264,JHG30_20eda72ff76f,weak_train,-1,included_in_development_residue_labels
MD__1q2h_A,md_ired,1q2h_A,1q2h,A,1f454a39cb34917a2da42e372d5be9e82423fc63fb01dde8cb6a868d56609e6f,69,JHG30_49e1df31d1b7,weak_train,-1,included_in_development_residue_labels
MD__1q74_C,md_ired,1q74_C,1q74,C,d1d9cf73bba4d3a85706d81b52ca6ee198f4e38c7f0013b1cc0e137adb5e299c,303,JHG30_1aa023ec9713,weak_train,-1,included_in_development_residue_labels
MD__1q8f_A,md_ired,1q8f_A,1q8f,A,056d324e058eba3d4b0fbed3c5f92034063650183544fb1c61f921d9db032ea7,313,JHG30_f70e52d1933d,weak_train,-1,included_in_development_residue_labels
MD__1qau_A,md_ired,1qau_A,1qau,A,ad0d75343f97ae0671ccce189f28581ba8fcd8878876dd36b1c30ddf8a4ba7fb,112,JHG30_ffaaa3c46396,weak_train,-1,included_in_development_residue_labels
MD__1qb7_A,md_ired,1qb7_A,1qb7,A,613817438bd21c1cce307e4ff0050385782626c842dd3193d8fd4c83c8f542f3,236,JHG30_6fb74b36ce30,weak_train,-1,included_in_development_residue_labels
MD__1qcs_A,md_ired,1qcs_A,1qcs,A,338a2d5ad2dae5d889a620c7c4d68cbdb8b6f789e59590b0608c92b4d5acc364,211,JHG30_dfe3a0a97501,protected_md_test_metadata_only,-1,protected_evaluation_metadata_only
MD__1qdd_A,md_ired,1qdd_A,1qdd,A,cf1cd888faeb25ea7bb6aa587f42b64af2d2c8208ff6fdb824c06250afce3ebd,144,JHG30_9acc7f664f82,weak_validation,-1,included_in_development_residue_labels
MD__1qgi_A,md_ired,1qgi_A,1qgi,A,3a8f178bcf77791977635a9714b19e324a349a16ed9a776f254223c4b2b98911,259,JHG30_99c6bf71c648,weak_train,-1,included_in_development_residue_labels
MD__1qhv_A,md_ired,1qhv_A,1qhv,A,b1eff804c64616d1835f16825b62a982afd1ef4dd0ee123d169d30546088e164,195,JHG30_20e3c26a2b12,weak_train,-1,included_in_development_residue_labels
MD__1ql0_B,md_ired,1ql0_B,1ql0,B,91b30e546aad9c2c94b0ec927eb1b341a817dfd22f27b6a6e376236bb4b0f86b,241,JHG30_8871db133e05,weak_train,-1,included_in_development_residue_labels
MD__1qlm_A,md_ired,1qlm_A,1qlm,A,7e58dd3897d181153e670c55d2e0ff8c400f318492e0dfdef35f78f014cddc16,316,JHG30_90338340e793,weak_train,-1,included_in_development_residue_labels
MD__1qnx_A,md_ired,1qnx_A,1qnx,A,7e72353ce3ef1880fabf84a86c1c1e2fd6c99ce8340bbe06b199e727d78a6657,209,JHG30_195089b493e2,weak_train,-1,included_in_development_residue_labels
MD__1qw2_A,md_ired,1qw2_A,1qw2,A,a409f6f2663de437e650f2c5d7915645c3199cbe5903f84998fbc44474add3b3,102,JHG30_f69d023495c2,protected_md_test_metadata_only,-1,protected_evaluation_metadata_only
MD__1qwz_A,md_ired,1qwz_A,1qwz,A,73aa2038f15f9e9776a6ba5eed81d5d28be5b46902189ae210a4eb3def09b49c,235,JHG30_c23263dc22d7,weak_train,-1,included_in_development_residue_labels
MD__1qxy_A,md_ired,1qxy_A,1qxy,A,3e43cbcdd761eb5e4ae0a370915ab9bbb20982ed13aa58b5ef991d2516071f7b,252,JHG30_befb676ecdcd,weak_validation,-1,included_in_development_residue_labels
MD__1qz4_A,md_ired,1qz4_A,1qz4,A,83b107d5dfcc72ab43c6f216f32fe80666f73425d7ed16b6e13c2c9cd8ca85bc,213,JHG30_3a35666909c6,weak_validation,-1,included_in_development_residue_labels
MD__1r5l_A,md_ired,1r5l_A,1r5l,A,960a3bfef500526ef23f9eea47fd4709f61bfb2098fc778e96cc2437ce0fbcbd,262,JHG30_2da39a641440,weak_train,-1,included_in_development_residue_labels
MD__1r6l_A,md_ired,1r6l_A,1r6l,A,9ef84b06af2ddfa5c870b94a89d030fbb9fc22f236ef5621acc7ed103f398c86,239,JHG30_47c86878d015,weak_train,-1,included_in_development_residue_labels
MD__1r8m_E,md_ired,1r8m_E,1r8m,E,1965c402f6d6a913ddd264dfaab7e3ea50cf35a454bae85976c553ca3bf80487,203,JHG30_cf9613b4b336,protected_md_test_metadata_only,-1,protected_evaluation_metadata_only
MD__1r9f_A,md_ired,1r9f_A,1r9f,A,d73d1815da0783eb3109197bf0c6cc9121b619a7bc1781e81e661e854454755d,136,JHG30_92613a051d14,weak_train,-1,included_in_development_residue_labels
MD__1rk8_B,md_ired,1rk8_B,1rk8,B,20f7ccec3003138a00b65b8e60035f5ff9c4edd5abbef264092e5f6a5567c26a,147,JHG30_1f01e6a82704,weak_train,-1,included_in_development_residue_labels
MD__1rl6_A,md_ired,1rl6_A,1rl6,A,f8efb40301899bc8b1cd353290fe80cd00c735ee807551c5bb6cf63e161adb96,177,JHG30_5e2a05598b59,weak_train,-1,included_in_development_residue_labels
MD__1rlk_A,md_ired,1rlk_A,1rlk,A,9a5c5ce708b47aef475baee6364e851c8b0ffe22e8ac686501d7009eae818b5b,117,JHG30_cf1f560195fe,weak_train,-1,included_in_development_residue_labels
MD__1rpo_A,md_ired,1rpo_A,1rpo,A,e05fcbfbe7c530d2dc6b5aa32200a7b121dd5febb32f0c23d8bb4b50154cae33,65,JHG30_ae9d99507a7d,weak_validation,-1,included_in_development_residue_labels
MD__1rqj_A,md_ired,1rqj_A,1rqj,A,efc6a2631eaf7d430e481901e412aa0c8e4fb63089a7c3a7f2ced63ad2a01ca2,299,JHG30_f96147eba0bb,weak_train,-1,included_in_development_residue_labels
MD__1rss_A,md_ired,1rss_A,1rss,A,9055297cede45f56eb7f7be9c89a1b32a09e4b74394d21612b6a345339279bb0,151,JHG30_f59de3e3b4c4,weak_train,-1,included_in_development_residue_labels
MD__1ryl_A,md_ired,1ryl_A,1ryl,A,bc71cacb047f61b12f80a9a7cfde24031f3003c78fc2438880f2b6f3edf4a862,167,JHG30_6f3aa9c78888,weak_train,-1,included_in_development_residue_labels
MD__1s2o_A,md_ired,1s2o_A,1s2o,A,0fbab290db604c17ac6238d86114f2cd4cf8194bece477afed18b63274f340dc,244,JHG30_11fbf2f44d3b,weak_train,-1,included_in_development_residue_labels
MD__1s9u_A,md_ired,1s9u_A,1s9u,A,4ddafb3939fab1864d56f4f889b362c0f8bfe19199da03b4d64a0d1c4de11964,207,JHG30_0257013fd89c,weak_validation,-1,included_in_development_residue_labels
MD__1sdi_A,md_ired,1sdi_A,1sdi,A,83b107d5dfcc72ab43c6f216f32fe80666f73425d7ed16b6e13c2c9cd8ca85bc,213,JHG30_3a35666909c6,weak_validation,-1,included_in_development_residue_labels
MD__1sei_A,md_ired,1sei_A,1sei,A,676109c43503455546637191c065628510de7c50f88b08faf87a430968ad2243,130,JHG30_c4d513adf163,weak_validation,-1,included_in_development_residue_labels
MD__1sei_B,md_ired,1sei_B,1sei,B,676109c43503455546637191c065628510de7c50f88b08faf87a430968ad2243,130,JHG30_c4d513adf163,weak_validation,-1,included_in_development_residue_labels
MD__1skz_A,md_ired,1skz_A,1skz,A,c637e0e69326955293cb12e431cc6e78c4d9dceadc8242858cc46547e126ce2a,119,JHG30_e34306df8f33,weak_train,-1,included_in_development_residue_labels
MD__1ssq_D,md_ired,1ssq_D,1ssq,D,0d16ffeeec82219cdd03b2e44ad64ec7cbac5f0bfeae5904a022703d234396b9,267,JHG30_24c7b5789b71,weak_train,-1,included_in_development_residue_labels
MD__1t61_E,md_ired,1t61_E,1t61,E,c91c45ed8c2d308989acc2c12ececea8a6fbc6c98b0172ff60ac801088565f35,229,JHG30_2e88c6a9db04,protected_md_test_metadata_only,-1,protected_evaluation_metadata_only
MD__1t8h_A,md_ired,1t8h_A,1t8h,A,f80b2feae860bc66fc090200c8902fa3ba5e5285fff2aad1cc789237c532d4b5,277,JHG30_a59a0dfbf0e9,weak_train,-1,included_in_development_residue_labels
MD__1t8k_A,md_ired,1t8k_A,1t8k,A,985351cbeb7795d012151d1b7eb21b9240d6860fbe4c7632385b052146110634,77,JHG30_432888288651,weak_train,-1,included_in_development_residue_labels
MD__1t9i_B,md_ired,1t9i_B,1t9i,B,a2520a2ed1f2bc13ccc1953f7a0acea7bea069de84cb9c64c279f4fa16bb89c8,163,JHG30_973dce33950a,weak_train,-1,included_in_development_residue_labels
MD__1tdz_A,md_ired,1tdz_A,1tdz,A,a24b84b4572f240bbeff26cad73b6c1fe5dbd4576730fd36cdffa00b5cb36393,272,JHG30_c4e14cbd0d90,weak_train,-1,included_in_development_residue_labels
MD__1tgr_A,md_ired,1tgr_A,1tgr,A,98d6539ef8f8639d6cd880079f72d3d0e806317ec7927a63e417258e6a44659b,52,JHG30_b05b98e1ec6a,weak_train,-1,included_in_development_residue_labels
MD__1thm_A,md_ired,1thm_A,1thm,A,8273566b8e8a1b208bffb07a60ce24771dbeaaf1256c89dafe2a4c7ee92b423d,279,JHG30_c8a11704f477,protected_md_test_metadata_only,-1,protected_evaluation_metadata_only
MD__1tov_A,md_ired,1tov_A,1tov,A,80ebb9d15c927f14f0838b220c9ef3e80b2dbe3c3710128d6a2a2698fa53a680,98,JHG30_f5cc48772a88,weak_train,-1,included_in_development_residue_labels
MD__1tt8_A,md_ired,1tt8_A,1tt8,A,bd4a517173ca7e1a19d944f79d5f935892b3b41aa0b2fd3d9a12b27eaa509192,164,JHG30_e59ea0ef1a5a,weak_train,-1,included_in_development_residue_labels
MD__1tuk_A,md_ired,1tuk_A,1tuk,A,f09ee97aec928647592bc2694afa4d1889efb7cf2edfc034a31d95d088c75211,67,JHG30_bceccc411d69,weak_validation,-1,included_in_development_residue_labels
MD__1tzv_A,md_ired,1tzv_A,1tzv,A,c65beba689ac291dc425dbcdeab8162b339b8c28fd190fa90a776134fbc5126f,142,JHG30_0b1b14864cde,weak_train,-1,included_in_development_residue_labels
MD__1tzw_A,md_ired,1tzw_A,1tzw,A,c65beba689ac291dc425dbcdeab8162b339b8c28fd190fa90a776134fbc5126f,142,JHG30_0b1b14864cde,weak_train,-1,included_in_development_residue_labels
MD__1u07_A,md_ired,1u07_A,1u07,A,845b7151e1cd70ab51a196d726ba16bb58387812a09406e969421606d05926ba,90,JHG30_eced0176da09,weak_train,-1,included_in_development_residue_labels
MD__1u55_A,md_ired,1u55_A,1u55,A,daa122cff2bfc5be49cc4487087e96f44eed6ca5d380a0359d2fb6b7d0b628a0,188,JHG30_f24de55ac916,weak_train,-1,included_in_development_residue_labels
MD__1u6t_A,md_ired,1u6t_A,1u6t,A,c01a5901aff5d48ba531c8fbeed265e9b7d75563f9a160f3cca820406ba43d0c,121,JHG30_f1885356d5cb,weak_validation,-1,included_in_development_residue_labels
MD__1u7k_D,md_ired,1u7k_D,1u7k,D,e3137f6b5cee21bbd4ae53134b7155e460e7f6045c0c1665b68d77d16412c65e,131,JHG30_150deaafd3e6,weak_train,-1,included_in_development_residue_labels
MD__1u84_A,md_ired,1u84_A,1u84,A,aebb929cafab6ce31b23e0344d43fef47070f5e1b5cd625c9cf89f6d19cb7638,90,JHG30_75ec5760cfd6,weak_train,-1,included_in_development_residue_labels
MD__1ugp_A,md_ired,1ugp_A,1ugp,A,81afe20109fe0ad249e54a439f714db4a14e3529c770113707b489527717e842,203,JHG30_0271edc36341,weak_train,-1,included_in_development_residue_labels
MD__1ugp_B,md_ired,1ugp_B,1ugp,B,b417355b072ac07d975201bdf69f12ad5bda4d88276d8e961a1b176e7320ae69,226,JHG30_8ae93a354c49,weak_train,-1,included_in_development_residue_labels
MD__1uha_A,md_ired,1uha_A,1uha,A,5cdcb53dbe3289469ccc5afcd1f7caf5fded97cf6c158981cb7d4a0d09ced08b,82,JHG30_2b4c27d23351,weak_train,-1,included_in_development_residue_labels
MD__1uoy_A,md_ired,1uoy_A,1uoy,A,309d5c60726d55764696ba16fcee26fc79d17267e84ebda2c30f10a6e706a500,64,JHG30_a1c9aa2eac29,weak_train,-1,included_in_development_residue_labels
MD__1upt_B,md_ired,1upt_B,1upt,B,d9ff7c7584506a5b2baf15b86845c00b198d465869008ede84927f280b95a487,60,JHG30_8e6e68914ccf,weak_train,-1,included_in_development_residue_labels
MD__1upt_D,md_ired,1upt_D,1upt,D,d9ff7c7584506a5b2baf15b86845c00b198d465869008ede84927f280b95a487,60,JHG30_8e6e68914ccf,weak_train,-1,included_in_development_residue_labels
MD__1usm_A,md_ired,1usm_A,1usm,A,caae5ef94a0356c1ffabb2641b9c38d307156791cc1868e15a674b9a91cb66aa,80,JHG30_b71742ad39dd,weak_train,-1,included_in_development_residue_labels
MD__1utg_A,md_ired,1utg_A,1utg,A,816b4dd2abb80dfe6f492a91c1cb018d19eb581fe74c1773b6a91fdf2d38ba7e,70,JHG30_3fcd5557854d,weak_train,-1,included_in_development_residue_labels
MD__1uz3_A,md_ired,1uz3_A,1uz3,A,ccc6a1711827adc0b6d89489dc8e5355bb990606421f469a9e605435fad61424,102,JHG30_8f0d2ea6d9e7,weak_train,-1,included_in_development_residue_labels
MD__1uz3_B,md_ired,1uz3_B,1uz3,B,ccc6a1711827adc0b6d89489dc8e5355bb990606421f469a9e605435fad61424,102,JHG30_8f0d2ea6d9e7,weak_train,-1,included_in_development_residue_labels
MD__1uzp_A,md_ired,1uzp_A,1uzp,A,cd5fbb711fbeb74b45bb8c54d1e8d9dd20d9bf2ee17e8bc05b0a924cbb34473c,162,JHG30_68053139651e,weak_train,-1,included_in_development_residue_labels
MD__1v1h_C,md_ired,1v1h_C,1v1h,C,078b9bda6f1f257fa359aad0e350818a47d7ccbfa6e822ebf9f98e7c83c29afd,103,JHG30_e2ea5d9c80d6,protected_md_test_metadata_only,-1,protected_evaluation_metadata_only
MD__1v2z_A,md_ired,1v2z_A,1v2z,A,daddf155e775c7ae39e80dc969a57d9c929f8d54676448c4bc07137e80ed1dd3,111,JHG30_2b1fdc60a7d6,weak_train,-1,included_in_development_residue_labels
MD__1v30_A,md_ired,1v30_A,1v30,A,913089a017267030c664cfe30551eec44b707787aaafa3164c9a7e959cb6e077,124,JHG30_134c6131b746,protected_md_test_metadata_only,-1,protected_evaluation_metadata_only
MD__1v4p_C,md_ired,1v4p_C,1v4p,C,36d48c88b0f5f977a492c529d2c4ec07fdc41126650ad07b6f66fdcc82a56115,157,JHG30_977ea47aa15a,weak_train,-1,included_in_development_residue_labels
MD__1v7r_A,md_ired,1v7r_A,1v7r,A,1f8412baac0ea9132757bcfb33f0443a95bd3058b67aeb58d8fdb1dc2c2ef4e5,186,JHG30_5f095621c197,weak_train,-1,included_in_development_residue_labels
MD__1v7z_F,md_ired,1v7z_F,1v7z,F,16c002c1ec20819d8c056797ef2e30d460ea1708f2969b6a282034e7edd33e27,260,JHG30_f96362276cef,weak_train,-1,included_in_development_residue_labels
MD__1v9m_A,md_ired,1v9m_A,1v9m,A,22cc6d2f0ad8877b193711fef4c52c00c18a180cc80ebf38a8f4c1947d25ee34,323,JHG30_cad90ad5afd7,weak_validation,-1,included_in_development_residue_labels
MD__1vaj_A,md_ired,1vaj_A,1vaj,A,5420b53dce1f738cedbf4ba271abf08da621c3b6ab8bc6c793d01fba0fc88aad,214,JHG30_fd3789f5bcf1,weak_train,-1,included_in_development_residue_labels
MD__1vbw_A,md_ired,1vbw_A,1vbw,A,fa73ae1233d7c0a3c5d916325e045f7094a3ce115ff374492c1732b1fd07ecbb,68,JHG30_68655dacc1e4,protected_md_test_metadata_only,-1,protected_evaluation_metadata_only
MD__1vcc_A,md_ired,1vcc_A,1vcc,A,be5657ba37aa6997b1168f4078028027acabbd12f8f371cc016b8d7b1203447b,77,JHG30_abbc6817b761,protected_md_test_metadata_only,-1,protected_evaluation_metadata_only
MD__1vct_A,md_ired,1vct_A,1vct,A,459fab924a009534f3848cab193d2fc6c33e65ac0a5f7d0d13868b3152a44e8b,205,JHG30_df497424fe80,weak_train,-1,included_in_development_residue_labels
MD__1ve0_A,md_ired,1ve0_A,1ve0,A,e3cd974b666ae4d4130196f17e8fa0989f296d9dca48d53e2f90555931b63262,134,JHG30_d4ab15484360,weak_train,-1,included_in_development_residue_labels
MD__1vk1_A,md_ired,1vk1_A,1vk1,A,f33d2ca6c3906f1cbe51c5759885145afcef1cbb4104007959a93999e54c3639,242,JHG30_b08824a78006,weak_train,-1,included_in_development_residue_labels
MD__1vkm_C,md_ired,1vkm_C,1vkm,C,519e5c2bc8121b98f296ec41030743e84ce24f405700eff1fbc333bcc4f97d31,297,JHG30_2df6b27d92d8,weak_train,-1,included_in_development_residue_labels
MD__1vkm_D,md_ired,1vkm_D,1vkm,D,519e5c2bc8121b98f296ec41030743e84ce24f405700eff1fbc333bcc4f97d31,297,JHG30_2df6b27d92d8,weak_train,-1,included_in_development_residue_labels
MD__1vr8_A,md_ired,1vr8_A,1vr8,A,ae147c8af3763980bc2c6f22df860a118ac90e48b092568f52c9656c09aec229,142,JHG30_b62dbfbe9f36,protected_md_test_metadata_only,-1,protected_evaluation_metadata_only
MD__1vra_B,md_ired,1vra_B,1vra,B,34488b9ae5ff69e24b73238b0ab9fd7dda41b5a7e75296e4eed1ac3af851096a,215,JHG30_cd46b4709185,weak_train,-1,included_in_development_residue_labels
MD__1vyi_A,md_ired,1vyi_A,1vyi,A,25bf82574d0fc4671cafee4a961dca6df2e4923ac18f011c33f5858958c0baea,112,JHG30_026919c34d15,weak_train,-1,included_in_development_residue_labels
MD__1vzm_B,md_ired,1vzm_B,1vzm,B,e6d9bb4f57d11658ddd2ee3dc73582fe3a01fedd2b9a268c497abedd774c254f,45,JHG30_0fdfaa3612c6,weak_train,-1,included_in_development_residue_labels
MD__1w2w_A,md_ired,1w2w_A,1w2w,A,ef2b1a16f691adb1af633c77fa5d4cf0e361578ac1147aeb4d2c161de6734c18,211,JHG30_886ed000623e,weak_train,-1,included_in_development_residue_labels
MD__1w2w_E,md_ired,1w2w_E,1w2w,E,ef2b1a16f691adb1af633c77fa5d4cf0e361578ac1147aeb4d2c161de6734c18,211,JHG30_886ed000623e,weak_train,-1,included_in_development_residue_labels
MD__1w53_A,md_ired,1w53_A,1w53,A,9d7fc00661a35cc01269002fe7c06b75e18d4156db537a5354bb45d6b14068e5,84,JHG30_24b5408b5f0b,weak_train,-1,included_in_development_residue_labels
MD__1w6s_D,md_ired,1w6s_D,1w6s,D,d7c1765c14eb08e5b0cbdd102736a38bbf4a61b1651906f8a8aee22eace836aa,74,JHG30_375a9e0a60c7,weak_train,-1,included_in_development_residue_labels
MD__1w9g_A,md_ired,1w9g_A,1w9g,A,a152f86cd23fb3bc70b244caf93195fce22d5b27ff0d5da3c8ff75211cfaa941,104,JHG30_fa38fa131d0d,weak_validation,-1,included_in_development_residue_labels
MD__1wbe_A,md_ired,1wbe_A,1wbe,A,a4ab930ae88c45ce275ce8c0804825d1234e11e2a18d70079e31928ae45911df,209,JHG30_95ec72a27ce1,weak_train,-1,included_in_development_residue_labels
MD__1wd5_A,md_ired,1wd5_A,1wd5,A,b474922e5e52ffb4eddfc63d9bc19444492f24bf9d865b433731bd6567d0e7cd,208,JHG30_2d4ea68b5784,weak_validation,-1,included_in_development_residue_labels
MD__1whi_A,md_ired,1whi_A,1whi,A,659a5dc7301f8881d1810ba3d3edad62e40e1c7da16a6d00a8621a0c0f2500c7,122,JHG30_7f5ed78f5c4a,weak_train,-1,included_in_development_residue_labels
MD__1whz_A,md_ired,1whz_A,1whz,A,a55a7f05201329a6c9db5dce925f8bdcab7c18e43a3d72b220f0cec2f2b4aded,70,JHG30_df5c3f24b4b5,weak_train,-1,included_in_development_residue_labels
MD__1wn9_A,md_ired,1wn9_A,1wn9,A,b96e8d15a545294319ec1c7a7cc6d2edbe7c50f4b0bb9917a12679b98ace5d89,131,JHG30_48178394e1d1,weak_train,-1,included_in_development_residue_labels
MD__1wna_A,md_ired,1wna_A,1wna,A,b96e8d15a545294319ec1c7a7cc6d2edbe7c50f4b0bb9917a12679b98ace5d89,131,JHG30_48178394e1d1,weak_train,-1,included_in_development_residue_labels
MD__1woj_A,md_ired,1woj_A,1woj,A,ac6757cf290a64cffcc7444e7ad0a47d4ac029e01392386f3c2626715079ff8f,214,JHG30_3ebde19e75f7,weak_train,-1,included_in_development_residue_labels
MD__1wpb_A,md_ired,1wpb_A,1wpb,A,e2193dc0392f8a77c707922f346082c45716f4e79729ccb9fe55b58d99d27911,172,JHG30_845ebde0274c,weak_train,-1,included_in_development_residue_labels
MD__1wpb_L,md_ired,1wpb_L,1wpb,L,e2193dc0392f8a77c707922f346082c45716f4e79729ccb9fe55b58d99d27911,172,JHG30_845ebde0274c,weak_train,-1,included_in_development_residue_labels
MD__1wpu_A,md_ired,1wpu_A,1wpu,A,b3fdb466152219e29a26aa78ce14a6ac1d93676d5dc44efc9ede0cdda882f978,147,JHG30_d2d9cd570a08,weak_train,-1,included_in_development_residue_labels
MD__1wq8_A,md_ired,1wq8_A,1wq8,A,a6025663da7792e8e6d2256b7f6335d617f7ed3289fc83919e93daebae3036b7,110,JHG30_f9cdbc4948f1,weak_train,-1,included_in_development_residue_labels
MD__1wqj_B,md_ired,1wqj_B,1wqj,B,bfa257c3a8f9aa7c5b8586706efa6852165429cdeace90967e2c0883a4b60831,80,JHG30_6a0ebe18fe3e,weak_train,-1,included_in_development_residue_labels
MD__1wui_S,md_ired,1wui_S,1wui,S,d604ed3fae4302604003e3b8fff2dca59af3495f24859a66060e0ae83ed0df90,267,JHG30_380caa67f4d6,weak_train,-1,included_in_development_residue_labels
MD__1x0a_A,md_ired,1x0a_A,1x0a,A,f0bb37f71f6945837927ef56d3ac172ffa3e3c18df9ac3ad0a82248d7dee7606,344,JHG30_469ac555d217,weak_train,-1,included_in_development_residue_labels
MD__1x3o_A,md_ired,1x3o_A,1x3o,A,6d6372349132ea9f4f1fa53187eed5d0b3c3d8d084b58c03de2e07435ea28cff,80,JHG30_432888288651,weak_train,-1,included_in_development_residue_labels
MD__1x6i_A,md_ired,1x6i_A,1x6i,A,4e20556655a67d28fcb10c48f19aa9d969bb48220d2fd5592fb04930831999ec,91,JHG30_a1fe3b597c2d,weak_train,-1,included_in_development_residue_labels
MD__1x6j_A,md_ired,1x6j_A,1x6j,A,4e20556655a67d28fcb10c48f19aa9d969bb48220d2fd5592fb04930831999ec,91,JHG30_a1fe3b597c2d,weak_train,-1,included_in_development_residue_labels
MD__1xeo_A,md_ired,1xeo_A,1xeo,A,a2b46e4cd6c0b61e8d25da87be04fbc54114195c266375c6d1911c79a1486b9b,168,JHG30_d48e97672ae5,weak_train,-1,included_in_development_residue_labels
MD__1xg0_A,md_ired,1xg0_A,1xg0,A,12e67dc5890563640013a91d98b9386b563181f2cb06e1a8a780698f04a31631,76,JHG30_16d47ce00171,weak_train,-1,included_in_development_residue_labels
MD__1xg0_B,md_ired,1xg0_B,1xg0,B,a06aa15757a41e0f913e5c2114b59412adee766372ebe70a0c4743738f2105a1,67,JHG30_58d14c83a986,protected_md_test_metadata_only,-1,protected_evaluation_metadata_only
MD__1xhk_B,md_ired,1xhk_B,1xhk,B,0f10073a4a0a134b68c2a4136a5679e0ce5cf9383c4d6f0bb2e81275effcc089,187,JHG30_e9d1773d507d,weak_train,-1,included_in_development_residue_labels
MD__1xkr_A,md_ired,1xkr_A,1xkr,A,8051bdfc2ed4803170c115036cc75213c4071836c035491518650b700f73a71a,206,JHG30_2cc85540f35b,weak_validation,-1,included_in_development_residue_labels
MD__1xmk_A,md_ired,1xmk_A,1xmk,A,b335fe0c574aeabecd7eb1a0fb95b01931f95ff12d067bc4f19e520de69e99ad,79,JHG30_bd9d6f4c4dc7,weak_train,-1,included_in_development_residue_labels
MD__1xo7_B,md_ired,1xo7_B,1xo7,B,c6f0b5836ff4faead2ca5ac5caa87e1f175ab4f48cc7896bb179b8fe293a6fce,166,JHG30_c429242d4b49,weak_train,-1,included_in_development_residue_labels
MD__1xta_A,md_ired,1xta_A,1xta,A,6e8da6b2af474a5b00a0e4920b1bbafa97778172ca585c7cf7712a4b2f47e701,221,JHG30_0c7a1c8f994f,weak_train,-1,included_in_development_residue_labels
MD__1xta_B,md_ired,1xta_B,1xta,B,6e8da6b2af474a5b00a0e4920b1bbafa97778172ca585c7cf7712a4b2f47e701,221,JHG30_0c7a1c8f994f,weak_train,-1,included_in_development_residue_labels
MD__1xty_B,md_ired,1xty_B,1xty,B,c86f6378ed9a5ee7f7fdda66509982979609d4f9518b59b6ffdf9a53f7c4b8e5,120,JHG30_cf1f560195fe,weak_train,-1,included_in_development_residue_labels
MD__1xvg_E,md_ired,1xvg_E,1xvg,E,9741dfcf293977801e3fb27d9089df42d362524410d8b857c16c90939167091c,170,JHG30_e92adf19f250,weak_train,-1,included_in_development_residue_labels
MD__1y0n_A,md_ired,1y0n_A,1y0n,A,57cddb09d7c5a11e7b4556442f268589669a5574050212e1c71a08c51078d687,78,JHG30_9fd47362dbe4,protected_md_test_metadata_only,-1,protected_evaluation_metadata_only
MD__1y6i_A,md_ired,1y6i_A,1y6i,A,44ea7120066ea96c86b98c82ed571fec3b0b599af91fd8015f387c90cbf6d39c,233,JHG30_82a1ce0bccd8,weak_validation,-1,included_in_development_residue_labels
MD__1y7t_B,md_ired,1y7t_B,1y7t,B,fd4038757b927fe2959050700b3905a2256da48ee5f6c84bb6593c97b0fe2e31,327,JHG30_fb7dd4102999,weak_train,-1,included_in_development_residue_labels
MD__1yd3_A,md_ired,1yd3_A,1yd3,A,812d8bd24b541fef290d98686f058aa33df1254c587ade94642a4359aa5913ea,96,JHG30_b9519fef1826,weak_train,-1,included_in_development_residue_labels
MD__1yib_A,md_ired,1yib_A,1yib,A,0d9c93e339fdca7498fbc8f47ae0f9dc80dc4791fd78456bd68af9f4e76ca75e,76,JHG30_07753e6b0f1c,weak_train,-1,included_in_development_residue_labels
MD__1yoc_B,md_ired,1yoc_B,1yoc,B,751e09d474a0c36f124cc5038ff34224ea7ef660ceff0a2046005a69b294e35d,147,JHG30_328190e58383,weak_train,-1,included_in_development_residue_labels
MD__1yoe_A,md_ired,1yoe_A,1yoe,A,fb127dfd0ad1fba03b10738184981f5a45c9dbbf75ff89b974974cfa29e8c449,322,JHG30_f70e52d1933d,weak_train,-1,included_in_development_residue_labels
MD__1yoz_A,md_ired,1yoz_A,1yoz,A,160a97b82d7eb60a95e9da05a4a99ad64b7bb17fb1852b2153e398ca053ccac9,116,JHG30_4478c81fdd0e,weak_train,-1,included_in_development_residue_labels
MD__1yoz_B,md_ired,1yoz_B,1yoz,B,160a97b82d7eb60a95e9da05a4a99ad64b7bb17fb1852b2153e398ca053ccac9,116,JHG30_4478c81fdd0e,weak_train,-1,included_in_development_residue_labels
MD__1ypy_A,md_ired,1ypy_A,1ypy,A,6dab0196632c52dd53f9f720bc4644dac834c3f85b340f1be4d67fdfbd130174,184,JHG30_581b6c8e9156,weak_train,-1,included_in_development_residue_labels
MD__1yqe_A,md_ired,1yqe_A,1yqe,A,28f0a51b1ec3561a70a7b7af8075ef03c0e803031b7b9440d1ab45d185de7571,282,JHG30_151609623a99,weak_train,-1,included_in_development_residue_labels
MD__1yqw_B,md_ired,1yqw_B,1yqw,B,06e895146fb1aee664febbc2ff379d6e9a0e131fc6590537ed5457c8a59f3999,264,JHG30_380caa67f4d6,weak_train,-1,included_in_development_residue_labels
MD__1ys1_X,md_ired,1ys1_X,1ys1,X,7dc6e84c73dbc04212f025122598753517e2cfc75590ddb643ccfda80e1fd1b2,320,JHG30_95681173f92c,weak_validation,-1,included_in_development_residue_labels
MD__1yu5_X,md_ired,1yu5_X,1yu5,X,a1491e5841e32345670968415e9cead841c31a7312e76d442918ea5c9254ba2b,67,JHG30_0ac132e2fe13,weak_validation,-1,included_in_development_residue_labels
MD__1z0b_A,md_ired,1z0b_A,1z0b,A,dca28afa7520a5e864a7edea75245a7d46ffc686ed7c25794a4b2b234acd4527,207,JHG30_e9d1773d507d,weak_train,-1,included_in_development_residue_labels
MD__1z21_A,md_ired,1z21_A,1z21,A,8f8402abf6a6b1a9493d4fa15df4aac4a06b2c15439f5aa26d29aff6cbe7c211,112,JHG30_07614f71bd5d,weak_train,-1,included_in_development_residue_labels
MD__1z2u_A,md_ired,1z2u_A,1z2u,A,51ac447f9fc2af82ed522516f0d3ab01f06e631ca55cee295cca9feecd1f5b87,150,JHG30_d2de4e29a24e,weak_validation,-1,included_in_development_residue_labels
MD__1z7k_B,md_ired,1z7k_B,1z7k,B,4eb856acb654d71e9476f316e8f06ce32ab2dd0e622fa7584da421ec995998f7,62,JHG30_e00c2435962b,weak_train,-1,included_in_development_residue_labels
MD__1zd7_B,md_ired,1zd7_B,1zd7,B,8576a2883ee9b5c260b1de4ce81125b3063c44684d99aab3d0d48c9cec669f43,159,JHG30_0da350b2fb62,weak_train,-1,included_in_development_residue_labels
MD__1zdy_A,md_ired,1zdy_A,1zdy,A,e3a14df9ad87c58b6199c7afc49c910e28678ac7241f834f18c226d9e894fce0,307,JHG30_408b9f5de7c9,weak_train,-1,included_in_development_residue_labels
MD__1ze3_D,md_ired,1ze3_D,1ze3,D,a06c27f9ad177cf79e2ecd13b1085bd856e9dafbcb78b04ba11bb8142547bc8e,125,JHG30_7ec1296385f2,weak_train,-1,included_in_development_residue_labels
MD__1zn6_A,md_ired,1zn6_A,1zn6,A,730b6d1614828f46c4c9d12ff69aed357db6cd76d695c1aee424905673b88220,227,JHG30_3de53da2dc88,weak_train,-1,included_in_development_residue_labels
MD__1zos_C,md_ired,1zos_C,1zos,C,c7b28f8ba09847a017ee5c8cc3bb629973b08fbd8b7907f6a8236c6b6ec5efa0,230,JHG30_25db3e9e3deb,weak_train,-1,included_in_development_residue_labels
MD__1zpe_A,md_ired,1zpe_A,1zpe,A,99aaedc03591416ddf954dc88861541cbe3cb561b4c87adbea817ea96d088de0,314,JHG30_24a7bdf3679b,weak_train,-1,included_in_development_residue_labels
MD__1zt5_A,md_ired,1zt5_A,1zt5,A,4b8d0c89babb94d4578821e4540da0f774413702e1f6ccde7557624e322f7b54,80,JHG30_b63f7d414a2f,weak_validation,-1,included_in_development_residue_labels
MD__1zw0_G,md_ired,1zw0_G,1zw0,G,017346b0fd29929961ef72d7492a539215746a93e16c6a146c09c5c44c1c915a,66,JHG30_b1c69ec929ec,weak_train,-1,included_in_development_residue_labels
MD__2a6s_B,md_ired,2a6s_B,2a6s,B,f880ead32a24d0051d455f9f3e1294d3f9c5d93b631190da42d3515d337fcc4f,84,JHG30_9dcd0d9b005a,weak_train,-1,included_in_development_residue_labels
MD__2abk_A,md_ired,2abk_A,2abk,A,8cc429e95b2168657d04ac4949331c39c71b12fde93e7f12e3558e3b051318cc,211,JHG30_8d5c6ef25be6,weak_train,-1,included_in_development_residue_labels
MD__2ad6_D,md_ired,2ad6_D,2ad6,D,613c94f45ca55321225377321bd28ebb612bb22c4ea8d19c9a804f21b7cd7e8c,69,JHG30_375a9e0a60c7,weak_train,-1,included_in_development_residue_labels
MD__2ahn_A,md_ired,2ahn_A,2ahn,A,ebae7327d93e19f432cf18bf063ca554fb7168930dc57248552828b934526616,222,JHG30_5904f44dbf24,weak_train,-1,included_in_development_residue_labels
MD__2aib_A,md_ired,2aib_A,2aib,A,67a686278a12377a52b23b995de02e640a8cf6bcf8b1772fdd2b6e04328e3e59,98,JHG30_e0b4b1b4a03d,weak_train,-1,included_in_development_residue_labels
MD__2aj7_A,md_ired,2aj7_A,2aj7,A,5f29e2a18dcfba760cc21f2dd42fd0a2508a8f927617f2f33418153803e764b6,163,JHG30_19ed048a7257,weak_train,-1,included_in_development_residue_labels
MD__2amh_A,md_ired,2amh_A,2amh,A,46141a28d02aebfc122f864d0606c8998df4d1f82d1fe12ac7b4dee63efbe576,207,JHG30_4d90252ec7e1,weak_train,-1,included_in_development_residue_labels
MD__2arz_A,md_ired,2arz_A,2arz,A,a99078e71dd5f2a9da257679504993dee55113a26bd277b612a415286220e740,247,JHG30_650aa820fc6a,weak_train,-1,included_in_development_residue_labels
MD__2at8_X,md_ired,2at8_X,2at8,X,2c82c0dd37e1c1a0c62add6dc3f2f8647f269ba73d289618d97d07e237495323,184,JHG30_1705b6383090,weak_train,-1,included_in_development_residue_labels
MD__2au7_A,md_ired,2au7_A,2au7,A,afb9930ff113cf2c2893fb0682ea3d7eed06e98294bb7283548024384a4e83c2,175,JHG30_b5b38d8828d4,weak_train,-1,included_in_development_residue_labels
MD__2b0a_A,md_ired,2b0a_A,2b0a,A,e62f176cf206ad6a1033639b760476f79b86864012b6e55255302f637c7e4f65,186,JHG30_bfa76c8fb9fc,weak_train,-1,included_in_development_residue_labels
MD__2b1y_A,md_ired,2b1y_A,2b1y,A,9b21327fea5fdcca1944f0a3286448d858906331323a8241d16caa7c60e88197,104,JHG30_0920e021028a,protected_md_test_metadata_only,-1,protected_evaluation_metadata_only
MD__2b97_A,md_ired,2b97_A,2b97,A,22919395d1f1dbbb14480e252dc9cc43e0a43a142f5f7f831feb0f2a3311e8c9,71,JHG30_a325800d2a96,weak_train,-1,included_in_development_residue_labels
MD__2b9d_A,md_ired,2b9d_A,2b9d,A,9f6067f0356fdfd144cc6f869291eb5272e3202ddb93a3530ec33d5bfa763d66,52,JHG30_f1e28313ffb6,weak_train,-1,included_in_development_residue_labels
MD__2b9d_B,md_ired,2b9d_B,2b9d,B,9f6067f0356fdfd144cc6f869291eb5272e3202ddb93a3530ec33d5bfa763d66,52,JHG30_f1e28313ffb6,weak_train,-1,included_in_development_residue_labels
MD__2bbr_A,md_ired,2bbr_A,2bbr,A,1c72bcab08f09708063fe66cb2271384e77052598506a4bacc96c5f2a26cfe2d,195,JHG30_1ef9c5360f48,weak_train,-1,included_in_development_residue_labels
MD__2bfw_A,md_ired,2bfw_A,2bfw,A,a5a52f061a4e6d1d1bb196cc9fc5a270cc9a96ff06d0bfc412ad93c470bec10d,200,JHG30_6706c88f67db,protected_md_test_metadata_only,-1,protected_evaluation_metadata_only
MD__2bk9_A,md_ired,2bk9_A,2bk9,A,729bbbb93c7a7f9a69a0e766df79b0ac796631c7422a16506ebc3fc5aa6dd257,153,JHG30_e6d7a064ba83,weak_train,-1,included_in_development_residue_labels
MD__2bko_A,md_ired,2bko_A,2bko,A,459fab924a009534f3848cab193d2fc6c33e65ac0a5f7d0d13868b3152a44e8b,205,JHG30_df497424fe80,weak_train,-1,included_in_development_residue_labels
MD__2bmo_B,md_ired,2bmo_B,2bmo,B,71377389be8d404e88927b393aee4760970fa35506f67622411b07de822b7c3f,194,JHG30_80264dcde785,weak_train,-1,included_in_development_residue_labels
MD__2bo1_A,md_ired,2bo1_A,2bo1,A,8a608358b79df55506c923ae73e984bd2423093ddb01998073760fac9f284c5b,101,JHG30_552ce1c6abc7,weak_train,-1,included_in_development_residue_labels
MD__2bti_A,md_ired,2bti_A,2bti,A,462f2f3c0f21d415161257df6a61aa53052af85b027d5b70f40afa8c5a7094ec,63,JHG30_91e095478c09,weak_train,-1,included_in_development_residue_labels
MD__2bti_B,md_ired,2bti_B,2bti,B,462f2f3c0f21d415161257df6a61aa53052af85b027d5b70f40afa8c5a7094ec,63,JHG30_91e095478c09,weak_train,-1,included_in_development_residue_labels
MD__2bw3_B,md_ired,2bw3_B,2bw3,B,f38c33726556c1a2bf48122647d80228cc5ea84b8eaf735364b66f2cdd15c0f6,84,JHG30_702947a43672,weak_train,-1,included_in_development_residue_labels
MD__2c9i_D,md_ired,2c9i_D,2c9i,D,1c723c390888e6a6b6d7a43726e9fdf698e5441e756d955f84532f74e4f2fef3,228,JHG30_329ba52e1058,protected_md_test_metadata_only,-1,protected_evaluation_metadata_only
MD__2cc6_A,md_ired,2cc6_A,2cc6,A,9fcf7b3d91efd5444f8c87a87990c6e7913cb9b8cd6775b331a4b71fab4f81a9,68,JHG30_045980ad191e,weak_train,-1,included_in_development_residue_labels
MD__2ccq_A,md_ired,2ccq_A,2ccq,A,364f748ba1ae79888802349086a8e0e3b2ad1c88190921efb3ef0ca071094a0e,99,JHG30_d6dbd0fa40ae,weak_train,-1,included_in_development_residue_labels
MD__2ccw_A,md_ired,2ccw_A,2ccw,A,fc824325fe1db9162840f5032ac35e2a6e25626b65b76992c0c3ddc1a0692bfe,129,JHG30_7c6daf0fcda2,weak_train,-1,included_in_development_residue_labels
MD__2cfe_A,md_ired,2cfe_A,2cfe,A,b8a214617f073680261b82d72ca532423c5a76c143c4f1143d45f3f9616f9ee8,162,JHG30_c429242d4b49,weak_train,-1,included_in_development_residue_labels
MD__2cg7_A,md_ired,2cg7_A,2cg7,A,3941c8eaf7bbbffa20e48e5dc664e694a13f3a4ecd47b50dd6d7e9d2de3fa6f0,90,JHG30_b40e2de73ea5,weak_train,-1,included_in_development_residue_labels
MD__2cwy_A,md_ired,2cwy_A,2cwy,A,9210613c612d6e10f2188a2ab5f977c519a32a3f54bcfc2670c3447531ff55cd,94,JHG30_5ca58039992b,weak_train,-1,included_in_development_residue_labels
MD__2cx7_A,md_ired,2cx7_A,2cx7,A,a7b5f2a5352d6732038808fc93519fc4f8e1ad8d5ed2e02209295993ad25e883,130,JHG30_5b86d4a2d880,weak_train,-1,included_in_development_residue_labels
MD__2cyj_A,md_ired,2cyj_A,2cyj,A,819539d126f5c20b3762d82657b53878706300c186337dc127e6547cdcab9a8d,118,JHG30_b45852975cf2,weak_train,-1,included_in_development_residue_labels
MD__2d28_C,md_ired,2d28_C,2d28,C,f55cf9c5fe937b801fe36153c6fa3385646586132badff6f6433bd6d06f0df4c,149,JHG30_864599526eae,protected_md_test_metadata_only,-1,protected_evaluation_metadata_only
MD__2db7_A,md_ired,2db7_A,2db7,A,d08ecef858553f663e5e25d873009564449d6240a20adafa52851669094ffce2,64,JHG30_d36bd6549643,weak_train,-1,included_in_development_residue_labels
MD__2db7_B,md_ired,2db7_B,2db7,B,d08ecef858553f663e5e25d873009564449d6240a20adafa52851669094ffce2,64,JHG30_d36bd6549643,weak_train,-1,included_in_development_residue_labels
MD__2dfx_I,md_ired,2dfx_I,2dfx,I,ce16419e7f3415662fd3aa190d083c3f54dde43629e01912f8cb50368fafa0de,106,JHG30_1235d1872b50,weak_train,-1,included_in_development_residue_labels
MD__2dlb_A,md_ired,2dlb_A,2dlb,A,0d7bb165aff5a866db958673a338e8912b7dcba5c300f6e457e379454894f0bb,80,JHG30_61df0ef88c5d,weak_train,-1,included_in_development_residue_labels
MD__2dlb_B,md_ired,2dlb_B,2dlb,B,0d7bb165aff5a866db958673a338e8912b7dcba5c300f6e457e379454894f0bb,80,JHG30_61df0ef88c5d,weak_train,-1,included_in_development_residue_labels
MD__2drv_B,md_ired,2drv_B,2drv,B,70c566ad0794957914a24ef97eede41a5e0bb80dd2e5d8733e91f7a0311514d3,200,JHG30_0ecbdc43f690,weak_validation,-1,included_in_development_residue_labels
MD__2dt4_A,md_ired,2dt4_A,2dt4,A,acff25a75cf5e438573a64ede610435802847a327c98d63a32605a5fdf7e8218,143,JHG30_0e81d8c0c226,protected_md_test_metadata_only,-1,protected_evaluation_metadata_only
MD__2dt8_A,md_ired,2dt8_A,2dt8,A,342979cab003bb0f0384fb63aed6ea72c6b4b7f69151c65bcd73e6bd1769df84,280,JHG30_4e5d21e09715,weak_validation,-1,included_in_development_residue_labels
MD__2dtr_A,md_ired,2dtr_A,2dtr,A,5d3061297364ef7c6a8c9129443e41bb435ce585f624ea3953cd59cc59bd440e,226,JHG30_ec4871fa6813,weak_train,-1,included_in_development_residue_labels
MD__2dwk_A,md_ired,2dwk_A,2dwk,A,b9b9c3fc16f35345d8a7b4da1610b014bf1741d128085ed7649e7610a38525ba,180,JHG30_456b1a906862,weak_train,-1,included_in_development_residue_labels
MD__2e5y_B,md_ired,2e5y_B,2e5y,B,e65ce372c3d3e242cdb926a99895331fa18efd214adeffcb5ab2322accc9d19a,133,JHG30_915d218ab939,weak_validation,-1,included_in_development_residue_labels
MD__2e6x_A,md_ired,2e6x_A,2e6x,A,e02c717f44db1e0827920d6b3e2b4f241236f9d62e71e988ddc1fcefedb0143f,69,JHG30_75f1d5acff52,weak_train,-1,included_in_development_residue_labels
MD__2e6x_D,md_ired,2e6x_D,2e6x,D,e02c717f44db1e0827920d6b3e2b4f241236f9d62e71e988ddc1fcefedb0143f,69,JHG30_75f1d5acff52,weak_train,-1,included_in_development_residue_labels
MD__2e8e_A,md_ired,2e8e_A,2e8e,A,2a9dc9d359b223c23bce11939b03b010026157015b16adc19767cd83408be451,132,JHG30_53894eb301ae,protected_md_test_metadata_only,-1,protected_evaluation_metadata_only
MD__2ebb_A,md_ired,2ebb_A,2ebb,A,f903393e178fce8ca10301f4ae25dece4706cc1d79274535b724a7ba9609dbc6,101,JHG30_d4848bd1b9ec,weak_validation,-1,included_in_development_residue_labels
MD__2ed6_A,md_ired,2ed6_A,2ed6,A,9a2b657da9f7037dc03b10c58c3a4c7592064680c60d87cd4ea7477767f78591,170,JHG30_6960d3496bca,weak_train,-1,included_in_development_residue_labels
MD__2ed6_J,md_ired,2ed6_J,2ed6,J,9a2b657da9f7037dc03b10c58c3a4c7592064680c60d87cd4ea7477767f78591,170,JHG30_6960d3496bca,weak_train,-1,included_in_development_residue_labels
MD__2ejn_B,md_ired,2ejn_B,2ejn,B,01374454f23b2f44eec3074b8b90e21906709bfed9587d8b3b26885f0cda15eb,153,JHG30_cf082d3378d7,protected_md_test_metadata_only,-1,protected_evaluation_metadata_only
MD__2end_A,md_ired,2end_A,2end,A,50fba1fb2d9133329518275973e5e07134fa8d91b451825e785ad5bb79d9f90f,138,JHG30_4b748fc2c2a0,weak_train,-1,included_in_development_residue_labels
MD__2eo4_A,md_ired,2eo4_A,2eo4,A,eab5e3110a874ea8e7ed23623b1ca9bf82716a68e4c9fd956c2d0aa365b0fd42,149,JHG30_ff8d0ed6f0c9,weak_train,-1,included_in_development_residue_labels
MD__2eq8_C,md_ired,2eq8_C,2eq8,C,6b996f4eee631f2b69f97dca16da83508143d4e5a97701bb495519857fe80bbf,40,JHG30_aed2ba26aaad,weak_train,-1,included_in_development_residue_labels
MD__2erl_A,md_ired,2erl_A,2erl,A,8cfca45e6798a82ea246e614e53a8bdc8dd951beac2efe97e51e041337cdb7a8,40,JHG30_bdd017d92e02,weak_validation,-1,included_in_development_residue_labels
MD__2es9_A,md_ired,2es9_A,2es9,A,31a8a960d8385a46acab3a33ed3f4c50394585a04991f5cda2c6edf11b270a29,115,JHG30_1887f573087a,weak_train,-1,included_in_development_residue_labels
MD__2eu7_X,md_ired,2eu7_X,2eu7,X,8549c6d4aadcbb30762bf5401e5577d964e2bbeed02dcf3f3d8176fbb3f31829,179,JHG30_1705b6383090,weak_train,-1,included_in_development_residue_labels
MD__2f5t_X,md_ired,2f5t_X,2f5t,X,765fb764abd5e316cab153072b5cd0b29af6ad9c2e601e9d188d40fd2c205cff,233,JHG30_2af3fda5630d,weak_train,-1,included_in_development_residue_labels
MD__2f60_K,md_ired,2f60_K,2f60,K,1278d1b830dd6d88244b4dd01e682cf73b61be128cec323530c0046b6f1bb6dd,64,JHG30_771aa763e3bf,weak_train,-1,included_in_development_residue_labels
MD__2f6e_A,md_ired,2f6e_A,2f6e,A,11afeff633dc1706a408f2673a7f27792042085f0fa6b7a5b310e096be5a8f9b,127,JHG30_e25a05f63ae0,weak_train,-1,included_in_development_residue_labels
MD__2fb5_A,md_ired,2fb5_A,2fb5,A,8a703d3e5a8fa1e7608adb19d90b2fa16e7235880fa3a369b266aa5051e3555f,205,JHG30_cc78904e6dbf,weak_train,-1,included_in_development_residue_labels
MD__2fb5_B,md_ired,2fb5_B,2fb5,B,8a703d3e5a8fa1e7608adb19d90b2fa16e7235880fa3a369b266aa5051e3555f,205,JHG30_cc78904e6dbf,weak_train,-1,included_in_development_residue_labels
MD__2fb6_A,md_ired,2fb6_A,2fb6,A,4e42918025d0491094024018a94d04c7619f2a775b3cb321ba6c5aa141df76e9,117,JHG30_045736357623,weak_train,-1,included_in_development_residue_labels
MD__2fe5_A,md_ired,2fe5_A,2fe5,A,47aed7b1201ec426e4b5d8bf1b394c87f665567c3b5d4eddde114dafd0a82373,94,JHG30_65b9e2b9dd7a,weak_train,-1,included_in_development_residue_labels
MD__2fef_A,md_ired,2fef_A,2fef,A,f9bfd80c2fc11baa5770256ea04b829058f43f71008997af52ccf6cebca33e99,294,JHG30_d8fbcaaa2312,weak_train,-1,included_in_development_residue_labels
MD__2fef_B,md_ired,2fef_B,2fef,B,f9bfd80c2fc11baa5770256ea04b829058f43f71008997af52ccf6cebca33e99,294,JHG30_d8fbcaaa2312,weak_train,-1,included_in_development_residue_labels
MD__2fhz_A,md_ired,2fhz_A,2fhz,A,0e28c73f1952e962e1ab9942c8782413ed1578cc46dea165e3cdd19380f9ff14,109,JHG30_1235d1872b50,weak_train,-1,included_in_development_residue_labels
MD__2fi9_A,md_ired,2fi9_A,2fi9,A,8124873b0c1b336310b64b8e2214d2922f31bff3293f9150627373f84c2b8c17,128,JHG30_fea87846f6ac,weak_train,-1,included_in_development_residue_labels
MD__2fip_A,md_ired,2fip_A,2fip,A,ac4e6d1fb0a98dbad72a9663287334f0b2b7b05400f6c09b4e4f1ba3e29b782f,115,JHG30_9784e0b49fb7,weak_validation,-1,included_in_development_residue_labels
MD__2fip_B,md_ired,2fip_B,2fip,B,ac4e6d1fb0a98dbad72a9663287334f0b2b7b05400f6c09b4e4f1ba3e29b782f,115,JHG30_9784e0b49fb7,weak_validation,-1,included_in_development_residue_labels
MD__2fj8_A,md_ired,2fj8_A,2fj8,A,b050e1e9b590796bf751f967bdbe004f6fa929472df2b00a0b3ca286cf49a645,125,JHG30_22dfd18b7292,weak_train,-1,included_in_development_residue_labels
MD__2fma_A,md_ired,2fma_A,2fma,A,4208482d0ac836a02099a8f70ff6a296d0a3fe29e18a92347160a569ffa50c8c,59,JHG30_1f7226c29c44,protected_md_test_metadata_only,-1,protected_evaluation_metadata_only
MD__2fos_A,md_ired,2fos_A,2fos,A,e6a24c903c1ef211037c64a6835a8a484f48b17be1cae50d6998913f21acf7d4,260,JHG30_64e5a1aacfb0,weak_train,-1,included_in_development_residue_labels
MD__2fp1_A,md_ired,2fp1_A,2fp1,A,6ce642a41896894d68a0d21f51f73cb56daa49f5ebb919483d8146fa489060c9,166,JHG30_b2e0901a3a4d,weak_validation,-1,included_in_development_residue_labels
MD__2ftx_A,md_ired,2ftx_A,2ftx,A,ea2774a82b418b4818a2d91c14cef938696631ea86980b207baf379ea5754898,90,JHG30_a3dc4153d480,weak_train,-1,included_in_development_residue_labels
MD__2ftx_B,md_ired,2ftx_B,2ftx,B,47a4186988a36151898cb64770985e99bc67a91fdb5654b8391895cd8d927229,64,JHG30_12f9653f2c3a,weak_validation,-1,included_in_development_residue_labels
MD__2fyg_A,md_ired,2fyg_A,2fyg,A,9d9dd370627322f65a31959973ba1ff4b522bbd33a9abd74e8086cda1445f668,128,JHG30_71a2f199da0f,protected_md_test_metadata_only,-1,protected_evaluation_metadata_only
MD__2fzp_A,md_ired,2fzp_A,2fzp,A,e30dd3965c11992f00e9351ddebfa6c72898881ccbc5bec7390390b699f8e355,144,JHG30_7dff311c1250,protected_md_test_metadata_only,-1,protected_evaluation_metadata_only
MD__2g64_A,md_ired,2g64_A,2g64,A,490752c47f00cdc9f066932d0332b099fa9aa57ad138eb06dab04bf9136ba2ee,140,JHG30_93d93925ad5f,weak_train,-1,included_in_development_residue_labels
MD__2g7o_A,md_ired,2g7o_A,2g7o,A,ca87edd40c9a6152b38bca7f4f4d28098918de05a5145d97a59a3d9bc5bdaa95,70,JHG30_0865d4d5860d,weak_train,-1,included_in_development_residue_labels
MD__2g9e_A,md_ired,2g9e_A,2g9e,A,1bb4180ad0444d8a9604e9e99bc3b8dd7b0aa11d524d7b4d3c1a5781f8047db0,70,JHG30_0865d4d5860d,weak_train,-1,included_in_development_residue_labels
MD__2gc4_B,md_ired,2gc4_B,2gc4,B,ec2cc54c646058e910ff170dd865c33ae104d504b3058f9b12a31fe67f80fe19,131,JHG30_3fb2156a6489,weak_train,-1,included_in_development_residue_labels
MD__2gc4_L,md_ired,2gc4_L,2gc4,L,bf797cb9fee451606bc31ffd2e44316ca18812c37cb9f31fb7dc9882ab7e17dc,147,JHG30_5902d954052f,weak_validation,-1,included_in_development_residue_labels
MD__2gec_A,md_ired,2gec_A,2gec,A,58f986e2c49a4c695296160096b66e3e792c182c61b82991d961202fc4578d6a,139,JHG30_9855703888b2,weak_validation,-1,included_in_development_residue_labels
MD__2gg2_A,md_ired,2gg2_A,2gg2,A,78d2ee0cbd06bad59e9a07aaffbc960469ec24a8779e38cb93fda4eb0765b28a,263,JHG30_befb676ecdcd,weak_validation,-1,included_in_development_residue_labels
MD__2gh0_D,md_ired,2gh0_D,2gh0,D,b0868ffa60d4fd84107d6d54a5958334c52ff08d5cb8fbee4e1d93fe54db3b6e,101,JHG30_473cd99a1947,weak_train,-1,included_in_development_residue_labels
MD__2gib_A,md_ired,2gib_A,2gib,A,dedd23f3148359478734f4befa70ef2543a8cd9e65edad54a75af7d6ecf1680b,103,JHG30_691c37c11e3f,weak_train,-1,included_in_development_residue_labels
MD__2gib_B,md_ired,2gib_B,2gib,B,dedd23f3148359478734f4befa70ef2543a8cd9e65edad54a75af7d6ecf1680b,103,JHG30_691c37c11e3f,weak_train,-1,included_in_development_residue_labels
MD__2gke_A,md_ired,2gke_A,2gke,A,aa5f7c14804803146b638c1c9124a0987eeb992d07661d42d2a5d390b5d8669d,274,JHG30_dce68c20d4da,weak_train,-1,included_in_development_residue_labels
MD__2gkp_A,md_ired,2gkp_A,2gkp,A,02e6bd141de19d8954eabe41da5440b7e57107b3165185e21dc84362063b2231,167,JHG30_913822d1b6f4,weak_train,-1,included_in_development_residue_labels
MD__2gkr_I,md_ired,2gkr_I,2gkr,I,f8ce6fb852159c2b5df5fb9b9a949de32de4527907dee3fcba5cf2f369116731,51,JHG30_e00c2435962b,weak_train,-1,included_in_development_residue_labels
MD__2glz_B,md_ired,2glz_B,2glz,B,cad490e215eee77da9c32429dc049f94d773e94bd4847af331cd96d7febfaa9f,153,JHG30_7792d0e67a23,weak_train,-1,included_in_development_residue_labels
MD__2gpi_A,md_ired,2gpi_A,2gpi,A,16e2c3cc09955936df96a866788c16057c1bb19b393bb1ebfd716da1767ce401,91,JHG30_f0fb37c46739,weak_train,-1,included_in_development_residue_labels
MD__2gqt_A,md_ired,2gqt_A,2gqt,A,b2d886d3db42c628816b638e1e5eb6ca09daadd1bf4fb3ffa1da7cf9d7322cc0,268,JHG30_42c509300858,weak_train,-1,included_in_development_residue_labels
MD__2gs5_A,md_ired,2gs5_A,2gs5,A,1532e57e9cc437d44eee9575d6aaa7bbe02e99982d90d4e98485a3152b06269a,198,JHG30_cf90ac1b1ee1,weak_validation,-1,included_in_development_residue_labels
MD__2gwm_A,md_ired,2gwm_A,2gwm,A,362f3a0e4969aebfb84ff88a953fa7196e08cd84b5a3d67cfdaf8dbd40c3505e,200,JHG30_c9d15011f247,weak_train,-1,included_in_development_residue_labels
MD__2h1t_B,md_ired,2h1t_B,2h1t,B,51b18dd90d4a1e12e546beb30d390e1e28ced68df9ad798a77498cfd1495da86,188,JHG30_d5d262ac47c0,weak_train,-1,included_in_development_residue_labels
MD__2hba_A,md_ired,2hba_A,2hba,A,596430a5d7b79b1e659b3351169ed42070db33725d43433826136b8fb83dbcb8,52,JHG30_28e14922f049,weak_train,-1,included_in_development_residue_labels
MD__2hl7_A,md_ired,2hl7_A,2hl7,A,d02879228a154ee494d483d6d69af26254bdec6a82de1b51be62a43c3cc24345,84,JHG30_5fa8124c2352,protected_md_test_metadata_only,-1,protected_evaluation_metadata_only
MD__2hng_A,md_ired,2hng_A,2hng,A,73ec1e3799a5865678d087d6ceb2341883a4fc5e0fbdc5aba00be90de57cafa9,127,JHG30_8901be26f528,weak_train,-1,included_in_development_residue_labels
MD__2hnu_A,md_ired,2hnu_A,2hnu,A,4f8a886a462654605df7bdee20ad11f80d2a58132b21ccf2de61a66b812c6326,81,JHG30_7cf320799a2e,weak_train,-1,included_in_development_residue_labels
MD__2hnu_B,md_ired,2hnu_B,2hnu,B,4f8a886a462654605df7bdee20ad11f80d2a58132b21ccf2de61a66b812c6326,81,JHG30_7cf320799a2e,weak_train,-1,included_in_development_residue_labels
MD__2hq4_A,md_ired,2hq4_A,2hq4,A,9b25d8d619ac808e0370635fef57c331226cd7e3eecd9332fa40f7dc6fa38754,161,JHG30_c920b3339601,weak_train,-1,included_in_development_residue_labels
MD__2hq4_B,md_ired,2hq4_B,2hq4,B,9b25d8d619ac808e0370635fef57c331226cd7e3eecd9332fa40f7dc6fa38754,161,JHG30_c920b3339601,weak_train,-1,included_in_development_residue_labels
MD__2hqk_A,md_ired,2hqk_A,2hqk,A,f080aaaf65ddcd836c343b7f505e41c4c31b59813dd51c119440df5b201f1590,221,JHG30_329ba52e1058,protected_md_test_metadata_only,-1,protected_evaluation_metadata_only
MD__2hu9_A,md_ired,2hu9_A,2hu9,A,2163e8813cc37936bee9786f80ed0e58097d68b44cf6f882e8d498a32c37fcdd,130,JHG30_2108d0b97407,weak_train,-1,included_in_development_residue_labels
MD__2hu9_B,md_ired,2hu9_B,2hu9,B,2163e8813cc37936bee9786f80ed0e58097d68b44cf6f882e8d498a32c37fcdd,130,JHG30_2108d0b97407,weak_train,-1,included_in_development_residue_labels
MD__2hwn_D,md_ired,2hwn_D,2hwn,D,2d71e374d1fd6b85713b3f22b4f6621149db7b667e2fa1363414dc3d32044ad0,45,JHG30_abb0018d8271,weak_validation,-1,included_in_development_residue_labels
MD__2hxm_A,md_ired,2hxm_A,2hxm,A,f9841119326fdefbdc84a9466d6e8b84ad4500f708915aec0eb2ec0e64a338be,223,JHG30_60e7b95bf854,weak_train,-1,included_in_development_residue_labels
MD__2hy5_A,md_ired,2hy5_A,2hy5,A,759b75edb24eebd4952d5135d9029b8384f9acf13162cd2fc7d08116b43fda91,130,JHG30_13f465a12b4b,weak_train,-1,included_in_development_residue_labels
MD__2i5u_A,md_ired,2i5u_A,2i5u,A,530c6a1e51123f8b977cf98d6d5191b812a37cb13db9fb117b5b5e4d077b90c8,83,JHG30_3408dd76cd42,weak_train,-1,included_in_development_residue_labels
MD__2i6d_A,md_ired,2i6d_A,2i6d,A,d1452959d4445332a8f7f1e42c8c63cc4eed1bf5b351df89a7f0eee2d7636015,257,JHG30_2d614c9a64a3,weak_validation,-1,included_in_development_residue_labels
MD__2i7c_C,md_ired,2i7c_C,2i7c,C,66823a1c137951bec9586afd27b8e3ca668f92482abe5330cf7afbcb9a5b1072,283,JHG30_8b77a54e1aa7,weak_train,-1,included_in_development_residue_labels
MD__2i9w_A,md_ired,2i9w_A,2i9w,A,12dc7ee251fd0117371a768cceb1c33031e49e43fbeaa2bcab25d20968566897,184,JHG30_de78410f0a5b,protected_md_test_metadata_only,-1,protected_evaluation_metadata_only
MD__2i9x_A,md_ired,2i9x_A,2i9x,A,524a1fe5a4fe6e81a90543c4510759fa2f311d161bd02d2985b92c9dd65be15d,87,JHG30_3c7f044b0b10,protected_md_test_metadata_only,-1,protected_evaluation_metadata_only
MD__2i9x_B,md_ired,2i9x_B,2i9x,B,524a1fe5a4fe6e81a90543c4510759fa2f311d161bd02d2985b92c9dd65be15d,87,JHG30_3c7f044b0b10,protected_md_test_metadata_only,-1,protected_evaluation_metadata_only
MD__2ia1_A,md_ired,2ia1_A,2ia1,A,2ab6d1a349418859a1eb5bf9624ce7275078bb620babc94598ba4e1beeec9a06,178,JHG30_cafa1c1fa4dd,weak_train,-1,included_in_development_residue_labels
MD__2ia1_B,md_ired,2ia1_B,2ia1,B,2ab6d1a349418859a1eb5bf9624ce7275078bb620babc94598ba4e1beeec9a06,178,JHG30_cafa1c1fa4dd,weak_train,-1,included_in_development_residue_labels
MD__2iay_A,md_ired,2iay_A,2iay,A,1ffc00e0ff3698a39691fa3925e4aaf9ea14732fe716a750f0132b8572633dcb,114,JHG30_703627512912,protected_md_test_metadata_only,-1,protected_evaluation_metadata_only
MD__2icu_A,md_ired,2icu_A,2icu,A,6c1d03f0b4de3fce5211d4485cd9ce052d969d95dbf3a756ff1bb154b9098920,229,JHG30_612022663907,weak_train,-1,included_in_development_residue_labels
MD__2id6_A,md_ired,2id6_A,2id6,A,6548535e2367516a32ffd840503f278b3c05f567d408dda084a3372be4bef83a,202,JHG30_cf4ffaeb9041,weak_train,-1,included_in_development_residue_labels
MD__2igi_A,md_ired,2igi_A,2igi,A,3835ee9974e946a811dcce5ab39d554d81f2be3a154bcb67d54e841539a51cac,180,JHG30_78864462e256,weak_train,-1,included_in_development_residue_labels
MD__2igp_A,md_ired,2igp_A,2igp,A,bc2595ae85f55da4121fef3ca7c447bfbcfb81f9c1393c4c6eada8e08016718b,120,JHG30_6d5e80d8e4a6,weak_train,-1,included_in_development_residue_labels
MD__2ii1_D,md_ired,2ii1_D,2ii1,D,087c4cf6bf9337408c1d744c4d8acb14c111b3f9054ceb11dfd118d7298fa81b,301,JHG30_3f59aa53e5e7,weak_train,-1,included_in_development_residue_labels
MD__2imf_A,md_ired,2imf_A,2imf,A,c3747247e683536c94ea47ead0b55ee305c0224c848457d777176f8f59ff9576,203,JHG30_6893d30b4ef8,weak_train,-1,included_in_development_residue_labels
MD__2ims_A,md_ired,2ims_A,2ims,A,405ecc727e491523e2e83343023fec867da99b52fb3dbfc5c7cd78b6b9a9bf8b,171,JHG30_e5fe70cf7add,weak_validation,-1,included_in_development_residue_labels
MD__2in8_A,md_ired,2in8_A,2in8,A,83c681a6d24e5711953e22eb7cf7fe825732a85f23a24c6c1251fe909b93e456,139,JHG30_467fdf965238,weak_validation,-1,included_in_development_residue_labels
MD__2it2_B,md_ired,2it2_B,2it2,B,70c566ad0794957914a24ef97eede41a5e0bb80dd2e5d8733e91f7a0311514d3,200,JHG30_0ecbdc43f690,weak_validation,-1,included_in_development_residue_labels
MD__2ixm_A,md_ired,2ixm_A,2ixm,A,56c3d99b6cd3d160ff7887118c1c1fc304c583cca9989b97571c43a7a682ddd4,303,JHG30_0975099c13c3,weak_train,-1,included_in_development_residue_labels
MD__2j6a_A,md_ired,2j6a_A,2j6a,A,af4319e235d16723ca329bd8c22635072e28f5541d0b1f15d6214c5a33bd348b,141,JHG30_8bab01909ad5,weak_validation,-1,included_in_development_residue_labels
MD__2j6b_A,md_ired,2j6b_A,2j6b,A,c0e920ef41c503d750bcfb82e5ae212173fe05bbc298d2cce7ca3afe1973966d,109,JHG30_3905ae01809d,weak_train,-1,included_in_development_residue_labels
MD__2j6c_A,md_ired,2j6c_A,2j6c,A,c0e920ef41c503d750bcfb82e5ae212173fe05bbc298d2cce7ca3afe1973966d,109,JHG30_3905ae01809d,weak_train,-1,included_in_development_residue_labels
MD__2j7z_A,md_ired,2j7z_A,2j7z,A,ae68b4707988e1ca39fa34d5c77067e48ed75860c4dae0a8d1d8d746e9ac0410,68,JHG30_943479388a15,weak_validation,-1,included_in_development_residue_labels
MD__2jc5_A,md_ired,2jc5_A,2jc5,A,71b29c6c0e1a8104a51ab9273ad275190f1b8162c6ff5528608224f6708e3026,259,JHG30_662607056ea7,weak_train,-1,included_in_development_residue_labels
MD__2jdd_A,md_ired,2jdd_A,2jdd,A,9dc9600b0286f12ef82588fba88fa2283e32603ae4583b14fce30f26dd5f1918,146,JHG30_956d42c1cdaf,weak_train,-1,included_in_development_residue_labels
MD__2jek_A,md_ired,2jek_A,2jek,A,ef02a052fb4ade584cb486b36749c55883d499a9595ba5380a8cf79b0b87dc2b,145,JHG30_d715ce21a1b4,weak_train,-1,included_in_development_residue_labels
MD__2jft_A,md_ired,2jft_A,2jft,A,8ddbfaeec105545da9c26f47cb3c0767a21b10e93065d4797181af91e6e44ac8,234,JHG30_6c41547ba99a,weak_train,-1,included_in_development_residue_labels
MD__2jhq_A,md_ired,2jhq_A,2jhq,A,2c69b57d94f1c07e58158e72ff2167cd19fab355dc98410ee798f900bc2e446f,226,JHG30_60e7b95bf854,weak_train,-1,included_in_development_residue_labels
MD__2lis_A,md_ired,2lis_A,2lis,A,930837192e13cf6ca6a4b4f016339c8bfd32bcb609a7d18457a9e20c8846a184,136,JHG30_04ba0078f173,weak_train,-1,included_in_development_residue_labels
MD__2nlv_B,md_ired,2nlv_B,2nlv,B,13131d79261f04d8137082e2a7cfc7310bacd2f6225ba7dacc2db544727b4ac3,112,JHG30_5b6f115ac2ca,weak_train,-1,included_in_development_residue_labels
MD__2nml_A,md_ired,2nml_A,2nml,A,a152f86cd23fb3bc70b244caf93195fce22d5b27ff0d5da3c8ff75211cfaa941,104,JHG30_fa38fa131d0d,weak_validation,-1,included_in_development_residue_labels
MD__2nqw_A,md_ired,2nqw_A,2nqw,A,a340012c339a8a154ae6a6a3fc0222b8262db5e72c84c0e74edd7a59eae38e68,93,JHG30_78766d7b3dac,weak_train,-1,included_in_development_residue_labels
MD__2nsa_A,md_ired,2nsa_A,2nsa,A,f4cf7e42370535ab150cee35847df89cc9a423e5525ae788b68f0e8772f8a73c,170,JHG30_78729c272eb1,weak_train,-1,included_in_development_residue_labels
MD__2nug_B,md_ired,2nug_B,2nug,B,de190e8a858486a57faef2788fa00e424404e8a5f9a13eb3239672a871be9a7f,221,JHG30_e1ca10da6fdc,weak_validation,-1,included_in_development_residue_labels
MD__2nuk_A,md_ired,2nuk_A,2nuk,A,f9c824dffd4af0314eb1c386ac1a6be025dc2dac9cd772e12be3c6f04bfcb3c5,141,JHG30_566950795d0f,weak_train,-1,included_in_development_residue_labels
MD__2nwv_A,md_ired,2nwv_A,2nwv,A,e1b18c16d31137276f456f4e04d9f40765209d67099140c1869baddfca792173,114,JHG30_5b6f115ac2ca,weak_train,-1,included_in_development_residue_labels
MD__2o4t_A,md_ired,2o4t_A,2o4t,A,0149a8f3e5fd682b8aeaf7541f47c7d77c27b38ab01898550850db69ef04724c,100,JHG30_7b9a4b88387e,weak_train,-1,included_in_development_residue_labels
MD__2o6x_A,md_ired,2o6x_A,2o6x,A,65c0af0cd5b12be478d44a2beaf69dbe6ea6201178d13d12621b5a0d39abbbdc,310,JHG30_c64f08fe8156,weak_train,-1,included_in_development_residue_labels
MD__2o70_F,md_ired,2o70_F,2o70,F,1e1c55a60876ad1ed6fdfbf84c6fef4a462f354760934822fc212f9a22e76940,174,JHG30_7a5013c3676f,protected_md_test_metadata_only,-1,protected_evaluation_metadata_only
MD__2o74_F,md_ired,2o74_F,2o74,F,1e1c55a60876ad1ed6fdfbf84c6fef4a462f354760934822fc212f9a22e76940,174,JHG30_7a5013c3676f,protected_md_test_metadata_only,-1,protected_evaluation_metadata_only
MD__2o7o_A,md_ired,2o7o_A,2o7o,A,67d06a3373e32bd4b1f7be530788574386833514a570a0cf981ec833d4fce745,207,JHG30_0e75d8ef1f98,weak_train,-1,included_in_development_residue_labels
MD__2oeb_A,md_ired,2oeb_A,2oeb,A,5d81fbc8b5f8202a74bccbdfdc054ce1b97bbeb27401d46e6e7540d9b151804d,155,JHG30_c5bfdc2d3307,weak_train,-1,included_in_development_residue_labels
MD__2ofz_A,md_ired,2ofz_A,2ofz,A,3e07fec25cc6d9e5279733dd00414e798fd699cbac0b3ac5d8a7bd39390d0f6d,138,JHG30_c85aca702c4d,weak_validation,-1,included_in_development_residue_labels
MD__2ogb_B,md_ired,2ogb_B,2ogb,B,4271d20662f34cffaad8f1c7097e8a4d47e2c76398a5bdb2c512c502d823547a,126,JHG30_7dff311c1250,protected_md_test_metadata_only,-1,protected_evaluation_metadata_only
MD__2onf_B,md_ired,2onf_B,2onf,B,562d8f07768a31db5cb2b5dfa7a8bfac827a82ef7efbb3ed68c82c4c568c88ce,140,JHG30_450485b85eca,weak_train,-1,included_in_development_residue_labels
MD__2op6_A,md_ired,2op6_A,2op6,A,f05b35db141e47e056fb2839eaab5bbfcb686a6cb91c89ed0612bed3e765039b,152,JHG30_f94e4ed02a45,weak_train,-1,included_in_development_residue_labels
MD__2oqz_A,md_ired,2oqz_A,2oqz,A,12aab85cfbcf251bd119143790725b6a2375951506e550c83cb41d825eb8df99,223,JHG30_c23263dc22d7,weak_train,-1,included_in_development_residue_labels
MD__2osa_A,md_ired,2osa_A,2osa,A,3a1da73d8052b265da6e8731e6b4768df71dca0863f190911466fb8412603aa4,202,JHG30_9e9c9046ef7f,protected_md_test_metadata_only,-1,protected_evaluation_metadata_only
MD__2ot9_A,md_ired,2ot9_A,2ot9,A,f0fe5964f9fde43b9d7bd53d8dc1b4baf6b06e49fda2120a91787fcb19f6b8e0,180,JHG30_c760dfc59b0e,weak_train,-1,included_in_development_residue_labels
MD__2ou3_A,md_ired,2ou3_A,2ou3,A,f130f74566b2fc2c2119d96248b8c51861ab5828974d6f99e40e2c730b462d6d,161,JHG30_549875828696,weak_train,-1,included_in_development_residue_labels
MD__2ouw_A,md_ired,2ouw_A,2ouw,A,155848dc5e3304a450d8a1b87e1976d9d20cea615b23c594a7d47942b113f367,138,JHG30_6a065cc79e8a,weak_train,-1,included_in_development_residue_labels
MD__2ov9_B,md_ired,2ov9_B,2ov9,B,6e4f08c969b732841fb24567a41efc7b5c9705c90db5a16a0ad401e7541f3afb,216,JHG30_8db7b5201295,weak_train,-1,included_in_development_residue_labels
MD__2ov9_C,md_ired,2ov9_C,2ov9,C,6e4f08c969b732841fb24567a41efc7b5c9705c90db5a16a0ad401e7541f3afb,216,JHG30_8db7b5201295,weak_train,-1,included_in_development_residue_labels
MD__2ovj_A,md_ired,2ovj_A,2ovj,A,93f5c4738ee2daef966daa2ba3b5bf74e78a4ad3cd7dcaef92f409869dd6b5e1,201,JHG30_9e9c9046ef7f,protected_md_test_metadata_only,-1,protected_evaluation_metadata_only
MD__2ox7_B,md_ired,2ox7_B,2ox7,B,6671a12f06f3d6e78a861e272334c4bc37e5d0a62cea2bab2b289084c407f687,155,JHG30_284401b5a88d,weak_train,-1,included_in_development_residue_labels
MD__2oxl_A,md_ired,2oxl_A,2oxl,A,0190a0180195f34e77178257783f00ab2832bcde69533e0184190ce9eb79bf37,64,JHG30_82866d852842,weak_train,-1,included_in_development_residue_labels
MD__2oxl_B,md_ired,2oxl_B,2oxl,B,0190a0180195f34e77178257783f00ab2832bcde69533e0184190ce9eb79bf37,64,JHG30_82866d852842,weak_train,-1,included_in_development_residue_labels
MD__2oxo_A,md_ired,2oxo_A,2oxo,A,b32c1808a39a341bb9d5bed6b5aeb8bf2298564687711d728f6b73137dc41075,103,JHG30_34d59bce6ecf,weak_train,-1,included_in_development_residue_labels
MD__2oy9_A,md_ired,2oy9_A,2oy9,A,3b553b62b57854f3f4563a4ad6f4a2531016f12b0fb4e183f88794937f70309e,98,JHG30_328125e0e790,weak_train,-1,included_in_development_residue_labels
MD__2oy9_B,md_ired,2oy9_B,2oy9,B,3b553b62b57854f3f4563a4ad6f4a2531016f12b0fb4e183f88794937f70309e,98,JHG30_328125e0e790,weak_train,-1,included_in_development_residue_labels
MD__2oya_B,md_ired,2oya_B,2oya,B,357d9dcad2f7a3662389491ccbebcf664843ab90162ef5bba76385b56782e578,102,JHG30_c6a1354722ea,weak_train,-1,included_in_development_residue_labels
MD__2p12_A,md_ired,2p12_A,2p12,A,02ad4e0bc1a8603aabe433ef5eea12f0f4323958a02928e9d87f81202e7a0710,176,JHG30_87cdfc1573ed,weak_train,-1,included_in_development_residue_labels
MD__2p12_B,md_ired,2p12_B,2p12,B,02ad4e0bc1a8603aabe433ef5eea12f0f4323958a02928e9d87f81202e7a0710,176,JHG30_87cdfc1573ed,weak_train,-1,included_in_development_residue_labels
MD__2p2v_A,md_ired,2p2v_A,2p2v,A,e2e1973c01d3032e59bf88ae2e1690584284f4720a2dad2fd2eaf135dfa1a6bb,288,JHG30_f3ab75cc9dd2,weak_train,-1,included_in_development_residue_labels
MD__2p3p_B,md_ired,2p3p_B,2p3p,B,210aa85554ede0b596c3574acf9a9af8baa88276388a24701631b0055e55a566,207,JHG30_a978af3f451c,weak_train,-1,included_in_development_residue_labels
MD__2p54_A,md_ired,2p54_A,2p54,A,80f8f2fa4a42bd6216cb10fdb248ff5487feb6080c28afef0ea43aca1ebb8af1,267,JHG30_42036ea8ee74,weak_train,-1,included_in_development_residue_labels
MD__2p58_A,md_ired,2p58_A,2p58,A,30d0055913a87c5efa8b871c577d7a7f343966b59afda15ffbeea66b733bb02e,65,JHG30_b1c69ec929ec,weak_train,-1,included_in_development_residue_labels
MD__2p6h_B,md_ired,2p6h_B,2p6h,B,2f8640055473309656012af4880eaa8d9b47aaed95e3d3cac9bab9d22b243fbd,134,JHG30_d4ab15484360,weak_train,-1,included_in_development_residue_labels
MD__2p6v_A,md_ired,2p6v_A,2p6v,A,aa6079a9919245cd5bd682c86d1bb91fcd483a4aa96b22e52b2a6a0d154ab2e9,114,JHG30_7fea8364b978,weak_train,-1,included_in_development_residue_labels
MD__2p84_A,md_ired,2p84_A,2p84,A,9d163cec0574816b3d6aa62f8344856c214e45fd1e34b94f85a2d32faea19402,145,JHG30_284401b5a88d,weak_train,-1,included_in_development_residue_labels
MD__2p9x_A,md_ired,2p9x_A,2p9x,A,76c2db5f68eac07e71a042961cbd5c13c860b7c20557ba07f05402e79664b7db,99,JHG30_656ba5c02046,weak_train,-1,included_in_development_residue_labels
MD__2p9x_D,md_ired,2p9x_D,2p9x,D,76c2db5f68eac07e71a042961cbd5c13c860b7c20557ba07f05402e79664b7db,99,JHG30_656ba5c02046,weak_train,-1,included_in_development_residue_labels
MD__2pag_A,md_ired,2pag_A,2pag,A,93372dd8deff4d9dbeb8445c03ce601524b2f7ae6877590c0afb8bd5fe02fbcf,135,JHG30_5afec7706775,weak_train,-1,included_in_development_residue_labels
MD__2pbk_A,md_ired,2pbk_A,2pbk,A,51ded7739bcfee0bea939e6327c57360888c1f5e43034a6e1789a62a3fe55974,228,JHG30_35a874480bde,weak_train,-1,included_in_development_residue_labels
MD__2pbk_B,md_ired,2pbk_B,2pbk,B,51ded7739bcfee0bea939e6327c57360888c1f5e43034a6e1789a62a3fe55974,228,JHG30_35a874480bde,weak_train,-1,included_in_development_residue_labels
MD__2pcn_A,md_ired,2pcn_A,2pcn,A,feb0df15eb90d9e9b4df1b823a20989bbdd3cfddd2b7cdc4632f0a764d0b4539,161,JHG30_33e6e89a7255,protected_md_test_metadata_only,-1,protected_evaluation_metadata_only
MD__2pfx_A,md_ired,2pfx_A,2pfx,A,b640e4ff23573a298361dae3935df82d205caae6136eacd0c2bbd9fb49cb0d12,191,JHG30_150e89108ce5,weak_train,-1,included_in_development_residue_labels
MD__2phn_A,md_ired,2phn_A,2phn,A,4d40e7de9150bfb94774630400c142e148d0803e5a14091efba73d21dee23f74,254,JHG30_0c964b4b5d83,weak_train,-1,included_in_development_residue_labels
MD__2phn_B,md_ired,2phn_B,2phn,B,4d40e7de9150bfb94774630400c142e148d0803e5a14091efba73d21dee23f74,254,JHG30_0c964b4b5d83,weak_train,-1,included_in_development_residue_labels
MD__2pmk_A,md_ired,2pmk_A,2pmk,A,bf54195aeb9c474f046897614968861e1a1cb7c67029dff13a3cc40750fd13b1,243,JHG30_611e55df34c2,weak_train,-1,included_in_development_residue_labels
MD__2ppp_A,md_ired,2ppp_A,2ppp,A,9ee7b6abb8a47bbac6e7d8b80d162f111f0484a2a35b11c6075a5fdda691fa8a,107,JHG30_1a3acc828874,protected_md_test_metadata_only,-1,protected_evaluation_metadata_only
MD__2pqx_A,md_ired,2pqx_A,2pqx,A,1fbbcfa41ab567612e998e69a25d8b371e84eecb14f72fecf49ff9309a3bb83d,245,JHG30_fee46a9dd19a,weak_train,-1,included_in_development_residue_labels
MD__2prv_A,md_ired,2prv_A,2prv,A,08eabacebdf64ed03aedf53c7d1ef336fe9d3769512b6c0c73115a82b2faf134,153,JHG30_4b9d16c18c64,weak_train,-1,included_in_development_residue_labels
MD__2psp_B,md_ired,2psp_B,2psp,B,0494a1b0a94011b6b5e8932cd179449f3941e783e39f07355e65f92c71691411,106,JHG30_7a3ae2e7f74c,weak_train,-1,included_in_development_residue_labels
MD__2pst_X,md_ired,2pst_X,2pst,X,5c2b64d254c443b56c019074beea2d7ec3f31f8e1e8a81dc3bedf6b7acb3b8c6,74,JHG30_6bb7c9e9d4b8,weak_train,-1,included_in_development_residue_labels
MD__2pu3_A,md_ired,2pu3_A,2pu3,A,92afd934064c291c6a0d014018847be35ce939ea71223729e1f16813886deba9,211,JHG30_5e3fa458a265,weak_train,-1,included_in_development_residue_labels
MD__2pu9_A,md_ired,2pu9_A,2pu9,A,d804549142eaca56954ec2d35cd7e4e3c1210a8076fa13cb685cd83fcd65185b,110,JHG30_06c545d06f8e,weak_train,-1,included_in_development_residue_labels
MD__2puo_A,md_ired,2puo_A,2puo,A,709e5e716a101587e2aa0f79740e14393be6e5173709db3734dc8a150fb5e9c2,109,JHG30_06c545d06f8e,weak_train,-1,included_in_development_residue_labels
MD__2pv4_A,md_ired,2pv4_A,2pv4,A,2ff976870d0fa1d03f5ef4975ca60444bc538770fcdd761d0552cff5694ed866,145,JHG30_896ba84fb539,protected_md_test_metadata_only,-1,protected_evaluation_metadata_only
MD__2pw8_I,md_ired,2pw8_I,2pw8,I,d344c4805111b9974d0ad6df8bc36e540824b5d51b2d4e5c3b879b16829ce1e5,65,JHG30_8365a6be306d,weak_train,-1,included_in_development_residue_labels
MD__2pyq_B,md_ired,2pyq_B,2pyq,B,510a432b51ac94114943f1c588cbb070c627432c638becf482c50438a187389b,114,JHG30_e416d2673fa1,weak_train,-1,included_in_development_residue_labels
MD__2pyq_C,md_ired,2pyq_C,2pyq,C,510a432b51ac94114943f1c588cbb070c627432c638becf482c50438a187389b,114,JHG30_e416d2673fa1,weak_train,-1,included_in_development_residue_labels
MD__2q9r_A,md_ired,2q9r_A,2q9r,A,ab623225c73308696e653bf351c599302f451259a34bfe6a4635d1ee596d45ce,200,JHG30_d265546cd477,weak_train,-1,included_in_development_residue_labels
MD__2qdx_A,md_ired,2qdx_A,2qdx,A,22fe9ca1e482338c176a807bfa82f7d021314c7c1c15df4235fba7f00bc0adb1,257,JHG30_cc54a7c261eb,protected_md_test_metadata_only,-1,protected_evaluation_metadata_only
MD__2qev_A,md_ired,2qev_A,2qev,A,a1bde92d78d3c489c25ffece9c5a653c4be42ef881c4031e006d05e8c78f768c,145,JHG30_6793ccc657ed,weak_train,-1,included_in_development_residue_labels
MD__2qhq_A,md_ired,2qhq_A,2qhq,A,1f834cf74a6615e7f1d4d7776d27be37dee2dcfeb0229e90ee3dbd124d6f0d65,125,JHG30_1a056d664aff,weak_train,-1,included_in_development_residue_labels
MD__2qhq_B,md_ired,2qhq_B,2qhq,B,1f834cf74a6615e7f1d4d7776d27be37dee2dcfeb0229e90ee3dbd124d6f0d65,125,JHG30_1a056d664aff,weak_train,-1,included_in_development_residue_labels
MD__2qia_A,md_ired,2qia_A,2qia,A,b7a61d92308a19ed6916b1bf1694ef4fdab1776e327c2c61b840a39b2a85fdf9,262,JHG30_c338bfb7a8d5,weak_train,-1,included_in_development_residue_labels
MD__2qjz_A,md_ired,2qjz_A,2qjz,A,4ef307544ecda30c676f285aa16fe5ffc8e375abda5f4de5ea78a9f1f57a86bc,123,JHG30_9948ddca1d7c,weak_train,-1,included_in_development_residue_labels
MD__2qnl_A,md_ired,2qnl_A,2qnl,A,b44381c8f42f8e80978deb9e1bee847bbd72999f4b9622dfbf172e6252e0ab99,162,JHG30_beb8fccb124b,weak_validation,-1,included_in_development_residue_labels
MD__2qq4_B,md_ired,2qq4_B,2qq4,B,9e96574472b2a8988ba97261a6bcd280eca9f3e81aa53334dd18c2f6f98c22df,138,JHG30_4d8cc0da1779,weak_train,-1,included_in_development_residue_labels
MD__2qqc_D,md_ired,2qqc_D,2qqc,D,98cfc11568c1c152d5770b044cfef18fa720ea81c28630fc8ea22cac3b9103d9,112,JHG30_57be4ee704ab,weak_train,-1,included_in_development_residue_labels
MD__2qsa_A,md_ired,2qsa_A,2qsa,A,5b5b98f6265edf9b20eaad004f30442b37465d2557c008b940e8d55333ea6b35,109,JHG30_ce2016d15ca2,weak_train,-1,included_in_development_residue_labels
MD__2qsk_A,md_ired,2qsk_A,2qsk,A,ef0e3bb89e4b84dd15a3ac0240869dc24509f81814bde38cb296c872e2712882,95,JHG30_e47b87bc8fd7,weak_train,-1,included_in_development_residue_labels
MD__2qt4_A,md_ired,2qt4_A,2qt4,A,ef0e3bb89e4b84dd15a3ac0240869dc24509f81814bde38cb296c872e2712882,95,JHG30_e47b87bc8fd7,weak_train,-1,included_in_development_residue_labels
MD__2qtd_A,md_ired,2qtd_A,2qtd,A,9564ee4a9a6f36e0d668d1f99611c8db14d3b7e6c3bd0173fb5f8f718a6c84a4,105,JHG30_3ac18637a4c3,weak_train,-1,included_in_development_residue_labels
MD__2qud_A,md_ired,2qud_A,2qud,A,8645e9c0ce41007b0287624c9909dd74709b40c749b33fdd4fecca7d188579de,125,JHG30_98095b30d928,weak_train,-1,included_in_development_residue_labels
MD__2qwo_B,md_ired,2qwo_B,2qwo,B,21f07d44c759d723604cbded160b805d65db2a9fd432534c68cfbe3b30b392e5,92,JHG30_d317fd739dc0,weak_train,-1,included_in_development_residue_labels
MD__2r2d_A,md_ired,2r2d_A,2r2d,A,9e8b14504331601a9030a9535b375997d17994893d93c28040285358d9a624f0,276,JHG30_828f178a6984,weak_train,-1,included_in_development_residue_labels
MD__2r31_A,md_ired,2r31_A,2r31,A,ed29d3b9f6445d1337e50e9a3bff550ee3f8b36c5675d9faaeb7f96f5265d3ae,239,JHG30_ffb75920d410,weak_train,-1,included_in_development_residue_labels
MD__2rbk_A,md_ired,2rbk_A,2rbk,A,d4768b439931cddf6c24ccd616f873e94d68b012f093235d3cebc2acebb8f6ee,261,JHG30_0246e3e510a3,weak_train,-1,included_in_development_residue_labels
MD__2rci_A,md_ired,2rci_A,2rci,A,e071c0718fbfde0e24b109b51841af412df99e5ebab1e4c979dd6a82f6271d90,204,JHG30_09632d222d7c,weak_train,-1,included_in_development_residue_labels
MD__2rff_A,md_ired,2rff_A,2rff,A,a8f9025b3787fdae357838ccb8466dd1b24e0062ddd1ed537297871f666db141,111,JHG30_6de582c7430b,weak_validation,-1,included_in_development_residue_labels
MD__2rji_A,md_ired,2rji_A,2rji,A,1f7dc28130548aa2f8144163453906f8b56be5ebb131630aca5697de12f2df38,84,JHG30_e38db785a082,weak_train,-1,included_in_development_residue_labels
MD__2rjw_A,md_ired,2rjw_A,2rjw,A,12a2783b246b1abb2e3473b6d7519eb4c88d293fe375d3af2dc1d0e8a9d1b2bb,67,JHG30_0ac132e2fe13,weak_validation,-1,included_in_development_residue_labels
MD__2rkq_A,md_ired,2rkq_A,2rkq,A,9cab37a84527856c9002e352b16f330afd7a2ada188f052a6d0067706cf1999e,169,JHG30_89e648d48b99,weak_train,-1,included_in_development_residue_labels
MD__2v0u_A,md_ired,2v0u_A,2v0u,A,4a6ddb6feb45d4f878f6452df1e11bed600d81f74096f5ab64ba8e92251302ef,146,JHG30_f9126f96eb3c,weak_train,-1,included_in_development_residue_labels
MD__2v27_A,md_ired,2v27_A,2v27,A,71578684f585e9f7e4504eae2702f5155d942415f28d188f9cffc171aa6e3a37,275,JHG30_f063a5b52604,weak_validation,-1,included_in_development_residue_labels
MD__2v4n_A,md_ired,2v4n_A,2v4n,A,0c502bc6cfd65c32799d33f8f6520f9acd5a703d67f83b777d00177c4f95638c,254,JHG30_542d5a5c2bce,weak_train,-1,included_in_development_residue_labels
MD__2v6a_O,md_ired,2v6a_O,2v6a,O,05762a86e26a856efba9948d05eeca694a0009f16b1b63c197b317be786881a1,140,JHG30_dc34032e0acc,weak_train,-1,included_in_development_residue_labels
MD__2v9m_A,md_ired,2v9m_A,2v9m,A,67312779aee8e9c8c84a75741360bef6c88b80d323b7867913cbc02fc798113a,274,JHG30_2f6c55815d73,weak_train,-1,included_in_development_residue_labels
MD__2vac_A,md_ired,2vac_A,2vac,A,2619388a582881d32ce988e2a1fdc357214fbde5072bef47d22372c2598179d1,134,JHG30_02c209712cfa,weak_validation,-1,included_in_development_residue_labels
MD__2vfk_A,md_ired,2vfk_A,2vfk,A,8e5bf72beca0da5823b3ee6c0dcb7763e853303f3a7f430392c2a02feb611c7d,205,JHG30_b21f17e26362,weak_train,-1,included_in_development_residue_labels
MD__2vfx_C,md_ired,2vfx_C,2vfx,C,a20910182970386e71e3293f1e00a19d0e712142993113fad61847bdbc11d364,206,JHG30_40939b5321f4,weak_train,-1,included_in_development_residue_labels
MD__2vg1_B,md_ired,2vg1_B,2vg1,B,bdff51926b55ef0abb078de02b9a3c715fc5a08099445ff37a0c6fc0ef617e18,228,JHG30_e551f0ad7b7b,protected_md_test_metadata_only,-1,protected_evaluation_metadata_only
MD__2vh3_A,md_ired,2vh3_A,2vh3,A,7b49244b7b2adf3b1fe6c9be877b3a5347400689fa701e1b928ea1d4749aa660,113,JHG30_31ff43547a41,weak_train,-1,included_in_development_residue_labels
MD__2vh3_B,md_ired,2vh3_B,2vh3,B,42e139a58f542e0484a2dba4b2b7a14c3a6afc9b3219c77a3c1f963d4eb4f349,113,JHG30_31ff43547a41,weak_train,-1,included_in_development_residue_labels
MD__2vi1_A,md_ired,2vi1_A,2vi1,A,6bcad70ff1516c363ae23ab0f27390c3a4b12606b909f6d677beee43856c8034,207,JHG30_5904f44dbf24,weak_train,-1,included_in_development_residue_labels
MD__2vkp_B,md_ired,2vkp_B,2vkp,B,e9ffabb8dc9b7447d240895d047918de1f85dffe02ab26bda9e1a46d222a9ed1,109,JHG30_fcfe9137a73d,weak_train,-1,included_in_development_residue_labels
MD__2vm5_A,md_ired,2vm5_A,2vm5,A,b02f0f55bea6e5ee42a840c821126c8defab562cae044779a0e873fda277c7d4,106,JHG30_bd8f86e32d02,weak_train,-1,included_in_development_residue_labels
MD__2vri_A,md_ired,2vri_A,2vri,A,3967a4a862f263fceb2b123aca87c51c4d65531d3ba36203285b3b734fbb0638,174,JHG30_e2be4cbda1db,weak_train,-1,included_in_development_residue_labels
MD__2vy8_A,md_ired,2vy8_A,2vy8,A,356ee4de739f6d744e8a9b0a942de2e25f55940029a02d2d2be6f23284d126cd,157,JHG30_a255997c4f2e,protected_md_test_metadata_only,-1,protected_evaluation_metadata_only
MD__2vzc_A,md_ired,2vzc_A,2vzc,A,bdcadebddb608d1b90d92f8b368bcf91b245a0f68c831fd047d0ce11e25a5516,131,JHG30_8aee5e3b3994,weak_train,-1,included_in_development_residue_labels
MD__2w0g_A,md_ired,2w0g_A,2w0g,A,60fd41b7901a80db6da9fc44473ed34656d4871aec48219500df5dbe28d8aeed,129,JHG30_84f7a08ff475,weak_train,-1,included_in_development_residue_labels
MD__2w0i_A,md_ired,2w0i_A,2w0i,A,a5ab8d8a6c39501810cc464cabb5f1543197bffde8b3358f1fff92d865f7abb9,135,JHG30_83f328d67466,weak_train,-1,included_in_development_residue_labels
MD__2w39_A,md_ired,2w39_A,2w39,A,77f9ae693f861ea029ba68730c90c69eab73d3a85f1271f17358bdd96d6364f6,298,JHG30_1cd610a53a64,weak_train,-1,included_in_development_residue_labels
MD__2w56_A,md_ired,2w56_A,2w56,A,690febc62ac3b6709a4dc29b545c8ad28af3c98a743204a89a0c3c65cfd2e587,147,JHG30_e5335918e180,weak_train,-1,included_in_development_residue_labels
MD__2w6k_A,md_ired,2w6k_A,2w6k,A,23d39cb39a2699182d56e004d9d1b235921898f6035abe9986ce5a12fcaa66c6,145,JHG30_fcc37423228c,weak_train,-1,included_in_development_residue_labels
MD__2w6l_A,md_ired,2w6l_A,2w6l,A,3bb5939c4fa2fe65d020a256bac5aba0206668cf27c3e55324020d969dffe6d1,142,JHG30_fcc37423228c,weak_train,-1,included_in_development_residue_labels
MD__2w86_A,md_ired,2w86_A,2w86,A,729ab9f0c7212f0f151275a4ddddc4be5db064e8699f140c1623563c82069e23,147,JHG30_68053139651e,weak_train,-1,included_in_development_residue_labels
MD__2w8x_A,md_ired,2w8x_A,2w8x,A,15f6e2878eadebec0c2faa123fe0b665d31e302886674dba4c6a6825ecb25e3f,72,JHG30_d4771831b3c6,weak_train,-1,included_in_development_residue_labels
MD__2w9y_A,md_ired,2w9y_A,2w9y,A,9fdaeca03744995c006f6f09c9ea761324e4bbe03c3e6e645b2663c3673d3ed7,140,JHG30_ef54d27f971d,protected_md_test_metadata_only,-1,protected_evaluation_metadata_only
MD__2waw_A,md_ired,2waw_A,2waw,A,c1f172e85b8d5ea052fb3d1d7dbdfcbf2875e2672334dbe48ccc407728dc0582,199,JHG30_468da1c4fb8d,weak_validation,-1,included_in_development_residue_labels
MD__2wb6_A,md_ired,2wb6_A,2wb6,A,da7bd0a6cb055d023f1872b7243e805ca308be5a3603eb5606ebd290fdd7c554,130,JHG30_190271ae3eab,weak_train,-1,included_in_development_residue_labels
MD__2wbf_X,md_ired,2wbf_X,2wbf,X,a17b28e1bf310f118f7de17bb455bcb6ec4e8968321c307c85ae56bd64ac03cc,265,JHG30_f4971b79cbaa,weak_train,-1,included_in_development_residue_labels
MD__2wcu_A,md_ired,2wcu_A,2wcu,A,6cc83ffd9bf14c7926e257716052c903fd8b166caaf74eda7f46dc8915b44a42,149,JHG30_a688325eec51,weak_train,-1,included_in_development_residue_labels
MD__2wfr_A,md_ired,2wfr_A,2wfr,A,2d3ada4ac5cbb7f2429ee8a3b7f78946ca19e4130dddc63529cf1a68287bfa6b,165,JHG30_e6d1ca28b325,weak_validation,-1,included_in_development_residue_labels
MD__2wnp_F,md_ired,2wnp_F,2wnp,F,fac33fe63a05d985131ab3230c67d6878ba00107fbf0af5098c41153e8c88f7c,217,JHG30_52bfef8575b2,weak_train,-1,included_in_development_residue_labels
MD__2wny_B,md_ired,2wny_B,2wny,B,f5763dd0175283a90be33ee0d2ae63073c1830734df9ddd03bddb23217ef6e0e,141,JHG30_103b61d46ea0,weak_train,-1,included_in_development_residue_labels
MD__2wqi_D,md_ired,2wqi_D,2wqi,D,c3153314f40c31401ce2170051aa8a0b35800ad5b58938f0168c10ea62af9913,51,JHG30_4d639d487a79,weak_train,-1,included_in_development_residue_labels
MD__2wr8_A,md_ired,2wr8_A,2wr8,A,8bde280de6a255147cbbb727e0f92569187078511f3dc3d9f29f52bebc150dc3,259,JHG30_86e47e719bbf,protected_md_test_metadata_only,-1,protected_evaluation_metadata_only
MD__2wzo_A,md_ired,2wzo_A,2wzo,A,ec7c69e3e6eb9f9011bfba76091c8f358f1982bcf36a3fd3948652913c60a947,146,JHG30_f30847256dc2,weak_train,-1,included_in_development_residue_labels
MD__2x5g_A,md_ired,2x5g_A,2x5g,A,23c954af27cb6ee1d0038093f98759cb0217561aaf19a38a97a66035b2182226,96,JHG30_0e6912bc6cf0,weak_train,-1,included_in_development_residue_labels
MD__2x5h_B,md_ired,2x5h_B,2x5h,B,71e65dbd132913341dda9d47408e7f44e1b5278109f88308369813a01df068a0,97,JHG30_0e6912bc6cf0,weak_train,-1,included_in_development_residue_labels
MD__2x5r_A,md_ired,2x5r_A,2x5r,A,1790ff181cfd0a8034f72ff8e3418cc74525539130744eafa93ddeed774d3d99,127,JHG30_0248c9ef7684,weak_validation,-1,included_in_development_residue_labels
MD__2x63_A,md_ired,2x63_A,2x63,A,057be313e14776bf0360d3eac1fd6217d19d83d169d33060ccb95afe493822db,258,JHG30_f3ab75cc9dd2,weak_train,-1,included_in_development_residue_labels
MD__2x8w_A,md_ired,2x8w_A,2x8w,A,b4ccc69eefa4d47d32fd52d70601837f8318f98a7392836b7473c4babb1f87b3,132,JHG30_869311b2f0d5,weak_train,-1,included_in_development_residue_labels
MD__2x9o_A,md_ired,2x9o_A,2x9o,A,68f2314cd583b310d5316482627e2434ca6d8a2ef5fb30ecad009d9f6246932a,244,JHG30_084469fd28a0,weak_train,-1,included_in_development_residue_labels
MD__2xdg_A,md_ired,2xdg_A,2xdg,A,bb63220a1a34e56472a764c4ebc9613d41a2d90d56580a47593277385f422df1,92,JHG30_74dd9d9a250c,weak_validation,-1,included_in_development_residue_labels
MD__2xeu_A,md_ired,2xeu_A,2xeu,A,b0a8ab71e5ad9342e090f4ff238368b20a76915079cfd84bc47ad871f8f7b8ea,64,JHG30_6f3fdca2f137,weak_train,-1,included_in_development_residue_labels
MD__2xf5_B,md_ired,2xf5_B,2xf5,B,22d282c4bea48b9e8db1ef1384169b0f1296c2c43ae0a0258232b05d570b773b,51,JHG30_130b6f82b65f,weak_train,-1,included_in_development_residue_labels
MD__2xf7_A,md_ired,2xf7_A,2xf7,A,f4f23e4f0df22d1c419ca2b83769de9ebfd5a058628e9f332f94d3e359a5e7cd,51,JHG30_130b6f82b65f,weak_train,-1,included_in_development_residue_labels
MD__2xjq_A,md_ired,2xjq_A,2xjq,A,5c7830899996dcd372c3414fcd3df62b980d261afc95dbdb0f0c3057c1887939,258,JHG30_a6ef0c997a83,weak_validation,-1,included_in_development_residue_labels
MD__2xol_B,md_ired,2xol_B,2xol,B,0410aec94f8f57b76bd68e9513dbad1f9ac4616bfb808500e0a8e79b4325008c,176,JHG30_1e80a63ed15c,weak_validation,-1,included_in_development_residue_labels
MD__2xpp_A,md_ired,2xpp_A,2xpp,A,ee1935592d49e5fe9cfe2ecd63da380521bac70ba4554d24b2bbc6c22013335a,145,JHG30_1f31433a8c62,weak_train,-1,included_in_development_residue_labels
MD__2xqu_A,md_ired,2xqu_A,2xqu,A,35e355039cfb4e340be9fa9435a234286a5fc9650b7569feebc4e9d56c3a663a,82,JHG30_3b9c5b550483,weak_train,-1,included_in_development_residue_labels
MD__2xrh_A,md_ired,2xrh_A,2xrh,A,11184fd393cc02806a2f9ec9f20b67bb28d0d8f1591d0c93b90fc400e54f7c7d,100,JHG30_da2c1297244f,weak_train,-1,included_in_development_residue_labels
MD__2xse_A,md_ired,2xse_A,2xse,A,d98a0343ab905e4f22bf49fbb6eafc04bee44bf81b20e7af8e174d6a92ef5331,170,JHG30_805af9cfc923,weak_train,-1,included_in_development_residue_labels
MD__2xu8_B,md_ired,2xu8_B,2xu8,B,43e142613d35181e40426bf98aec49a6b6805bf1ce58712f3bab7608793d7577,116,JHG30_17d9617c1e59,weak_train,-1,included_in_development_residue_labels
MD__2xvs_A,md_ired,2xvs_A,2xvs,A,5f18764c14f5a5ce83352a602b108fc9782c02ce5643db538610bd22f69bba11,166,JHG30_ac56bdd08d4b,weak_train,-1,included_in_development_residue_labels
MD__2xz2_A,md_ired,2xz2_A,2xz2,A,04c85f68999064859e991cec346900ae4bff8cab6516713ab9489d1669701a4e,66,JHG30_c873eccd3027,weak_train,-1,included_in_development_residue_labels
MD__2y1q_A,md_ired,2y1q_A,2y1q,A,707221d97dea63478c63948cec24819ea8588a9d9e7e70331f681fce175ac5ce,150,JHG30_a66d08315e8b,protected_md_test_metadata_only,-1,protected_evaluation_metadata_only
MD__2y1y_A,md_ired,2y1y_A,2y1y,A,7c04d81707797c1f6bb04b212b7a55fe011a0d034488c834ce23cbda6e585d74,90,JHG30_90ad7448e816,weak_train,-1,included_in_development_residue_labels
MD__2y20_A,md_ired,2y20_A,2y20,A,3b5a5b63da0ab4c0db0ac0e439a6933d3b24c0cf87503745a8079b41cafea2b3,58,JHG30_6211363e9159,weak_train,-1,included_in_development_residue_labels
MD__2y39_A,md_ired,2y39_A,2y39,A,2cde063379d018026fa1c9297d753936d89e8566cfbbb72df27f2eee957d8399,118,JHG30_a347ee62610e,weak_train,-1,included_in_development_residue_labels
MD__2y3w_A,md_ired,2y3w_A,2y3w,A,c29af27c77553b69f644c60ec21e903be2527a878426ef653b5bd161920aa960,182,JHG30_79661a70ad62,weak_validation,-1,included_in_development_residue_labels
MD__2y3w_B,md_ired,2y3w_B,2y3w,B,c29af27c77553b69f644c60ec21e903be2527a878426ef653b5bd161920aa960,182,JHG30_79661a70ad62,weak_validation,-1,included_in_development_residue_labels
MD__2y4x_A,md_ired,2y4x_A,2y4x,A,ccc1cc8b0e612478b2228254444dd4cf63891ee668cda51ec72023da32227ea6,93,JHG30_1654c17067bd,weak_train,-1,included_in_development_residue_labels
MD__2y4x_B,md_ired,2y4x_B,2y4x,B,ccc1cc8b0e612478b2228254444dd4cf63891ee668cda51ec72023da32227ea6,93,JHG30_1654c17067bd,weak_train,-1,included_in_development_residue_labels
MD__2y7b_A,md_ired,2y7b_A,2y7b,A,96a1447f6bbd16d194a747104d36a031fbc5c5d0f9a2bce1246f09019841ec3e,134,JHG30_09f3d59f57ad,weak_train,-1,included_in_development_residue_labels
MD__2ygs_A,md_ired,2ygs_A,2ygs,A,a7ff2c78463f98a09d7f5a00540a16fd7e31167dd1d29fee193236c116521cd4,92,JHG30_3ea1a1934a11,weak_validation,-1,included_in_development_residue_labels
MD__2ysk_A,md_ired,2ysk_A,2ysk,A,cb28b20d77c74d8ac86ba983f7ef881db83f034dc12456f2c31740e9d06539bc,145,JHG30_a3e46163daf7,weak_train,-1,included_in_development_residue_labels
MD__2yvo_A,md_ired,2yvo_A,2yvo,A,f6aa0948ec2c34138d0da17e115c6985d78bcac56736f66b0300488360908aa8,182,JHG30_0be426470898,weak_train,-1,included_in_development_residue_labels
MD__2yvq_A,md_ired,2yvq_A,2yvq,A,29216e40f68359302880452a5123af92f38eae4f4e65e3e3e1edcb14f9fab3e8,143,JHG30_0d8ea11d725a,weak_train,-1,included_in_development_residue_labels
MD__2yyv_B,md_ired,2yyv_B,2yyv,B,5810c70237f236023ed05d5854d0286afb3b6a4d43c910b72b31059a024b1b2d,227,JHG30_4c4bec26b1fe,weak_train,-1,included_in_development_residue_labels
MD__2yzt_A,md_ired,2yzt_A,2yzt,A,509f78770c326976a459ee53469c86eb6f9f9869d0e9f72d1e0d730d736684de,67,JHG30_fb2a2afbf536,weak_validation,-1,included_in_development_residue_labels
MD__2z0a_B,md_ired,2z0a_B,2z0a,B,fc679155e94573764c5a313b4d83e22e4d1176a0b811d4ef993865ded23a171a,79,JHG30_ce6bfd7301ad,weak_train,-1,included_in_development_residue_labels
MD__2z0j_E,md_ired,2z0j_E,2z0j,E,31332c7e80d8ab813c6a25354c81a6c9fe4b5c4763ea5147549ca713b36897a8,237,JHG30_4c4bec26b1fe,weak_train,-1,included_in_development_residue_labels
MD__2z0x_A,md_ired,2z0x_A,2z0x,A,182b4c3702b748ee5b9a3e073232737f1e83f5ce36afd927d0abfe9bb9b606a7,158,JHG30_a5a47d51d4e9,weak_train,-1,included_in_development_residue_labels
MD__2z4u_A,md_ired,2z4u_A,2z4u,A,cc4e413e323c2aae1142c3ce268e406c38bb6ff6559b69303f922dff5060dc3c,261,JHG30_3bf7fd092991,weak_validation,-1,included_in_development_residue_labels
MD__2z5e_B,md_ired,2z5e_B,2z5e,B,79d2463c8acf45633d510db5e7e97e62956456a45077c80daec252c1dd5b3e37,122,JHG30_5eaed929ecbb,weak_train,-1,included_in_development_residue_labels
MD__2z6o_A,md_ired,2z6o_A,2z6o,A,3965414c39418148e796f3db11b15a5202ed8ddc96cc66f29d48a80d94638b68,172,JHG30_1a90e5930b32,weak_train,-1,included_in_development_residue_labels
MD__2z6r_A,md_ired,2z6r_A,2z6r,A,b23ea371e7dbc32859e83ba1cb3b940f4fc20854177208dd784742660cee2ee8,265,JHG30_46efa609fc9a,weak_train,-1,included_in_development_residue_labels
MD__2z7f_I,md_ired,2z7f_I,2z7f,I,c59a4a4cd9862f17169f7589861bd63c1d8e73ed72bb71bc5993ba4ecf350f84,50,JHG30_9b7160c076be,weak_train,-1,included_in_development_residue_labels
MD__2zca_B,md_ired,2zca_B,2zca,B,19b2f93daa0c2b2b6ce69e38286a3180374b08e05c239313f474507dc573d777,169,JHG30_5e698eb72e0f,weak_train,-1,included_in_development_residue_labels
MD__2zd2_B,md_ired,2zd2_B,2zd2,B,1aaaf7a622ea06c28dfeaf7bac54ece35c75946655ea7865a23334f647a7df16,234,JHG30_ffb75920d410,weak_train,-1,included_in_development_residue_labels
MD__2zfz_D,md_ired,2zfz_D,2zfz,D,76d6abd78757f3730e1aec1039b645da1d417dc5628c31e7a31958f25510a893,79,JHG30_6156fea34594,weak_train,-1,included_in_development_residue_labels
MD__2znr_A,md_ired,2znr_A,2znr,A,8936d3a0dd43dbf76a28b11f2926a4777bfee9871102bbdff4ef10cbad8b1ebd,178,JHG30_2989c1a32bf8,weak_train,-1,included_in_development_residue_labels
MD__2zwd_A,md_ired,2zwd_A,2zwd,A,c6e432aaa7ff150159057c828d62360341658fc24d7d77b21944a3112ff634ed,281,JHG30_e20e88b998f3,weak_train,-1,included_in_development_residue_labels
MD__2zzd_E,md_ired,2zzd_E,2zzd,E,bbc924f49b1d4c64662bc128523ae47ed5bc4b97d49862196991e3b3fda295a5,157,JHG30_5285724007f4,weak_train,-1,included_in_development_residue_labels
MD__3a0y_B,md_ired,3a0y_B,3a0y,B,86c71595d59a8441e85f3ab6856ab587fcc6f48ac7c478a2391ebb1b0d10a3d2,152,JHG30_8d7b77f63771,weak_train,-1,included_in_development_residue_labels
MD__3a1g_A,md_ired,3a1g_A,3a1g,A,e255f8f0c1d0f4f9c44d3b91caae4c6805844a9269462441c3850ce1a955e1cb,80,JHG30_6718f8452339,weak_train,-1,included_in_development_residue_labels
MD__3a1g_B,md_ired,3a1g_B,3a1g,B,d9e8df439352bf7f0afde099d37f741e6cad26d19cfaa8588d44436a669fb896,40,JHG30_3e570ff00a8f,weak_train,-1,included_in_development_residue_labels
MD__3a1g_C,md_ired,3a1g_C,3a1g,C,e255f8f0c1d0f4f9c44d3b91caae4c6805844a9269462441c3850ce1a955e1cb,80,JHG30_6718f8452339,weak_train,-1,included_in_development_residue_labels
MD__3a1g_D,md_ired,3a1g_D,3a1g,D,d9e8df439352bf7f0afde099d37f741e6cad26d19cfaa8588d44436a669fb896,40,JHG30_3e570ff00a8f,weak_train,-1,included_in_development_residue_labels
MD__3a1u_A,md_ired,3a1u_A,3a1u,A,7495376e9b652ce38dc6bcc10d61bfc0cde837aa1fea845b7c4cb33ba20e5025,258,JHG30_c2bfda28a73c,weak_train,-1,included_in_development_residue_labels
MD__3a39_A,md_ired,3a39_A,3a39,A,dee70b20a03998cab735bf0a983ba7a7274fca02533be71fcf9a0612e0d151e8,83,JHG30_92a7ad456b12,weak_train,-1,included_in_development_residue_labels
MD__3a6d_F,md_ired,3a6d_F,3a6d,F,16c002c1ec20819d8c056797ef2e30d460ea1708f2969b6a282034e7edd33e27,260,JHG30_f96362276cef,weak_train,-1,included_in_development_residue_labels
MD__3a7l_A,md_ired,3a7l_A,3a7l,A,874ab243d1d3fc2b824adcf67d2b7a725164e078f4a3ad0d3b4b9bcd0fea1cd2,128,JHG30_8168842ede92,weak_validation,-1,included_in_development_residue_labels
MD__3aa6_B,md_ired,3aa6_B,3aa6,B,1bef4e0e8cbc42cf34dabb3e0e20e11fa0f6b2c82fafb4aa934ae8be0288d195,244,JHG30_9751cb3ff97f,weak_train,-1,included_in_development_residue_labels
MD__3agn_A,md_ired,3agn_A,3agn,A,232a426522f9aa088fb87524cffabbe71ed523f8c346ea91750b737cb945afaf,114,JHG30_dbb60ec5323a,weak_train,-1,included_in_development_residue_labels
MD__3ajf_A,md_ired,3ajf_A,3ajf,A,7f0cb74d546f41c0ff5cdbb2fbc64322cdc65700a7cb3d62fe6329e6e29014ed,94,JHG30_171f9a2332a4,weak_train,-1,included_in_development_residue_labels
MD__3ajf_B,md_ired,3ajf_B,3ajf,B,7f0cb74d546f41c0ff5cdbb2fbc64322cdc65700a7cb3d62fe6329e6e29014ed,94,JHG30_171f9a2332a4,weak_train,-1,included_in_development_residue_labels
MD__3apa_A,md_ired,3apa_A,3apa,A,356339b8449d7f8a52791e59c635b56f4a1112850b83b4f99dee9e6a55513de0,141,JHG30_fc30e413e0df,weak_validation,-1,included_in_development_residue_labels
MD__3apr_E,md_ired,3apr_E,3apr,E,b825420caab03cb8afd44a623a31d1e79e2504cc0993d398dc981badb41f1d4d,325,JHG30_85ca68b513e8,weak_train,-1,included_in_development_residue_labels
MD__3b49_A,md_ired,3b49_A,3b49,A,109a93e7ea5aa9bd0ea82fb1d017793f7266df80f0c01f0d6b13641c8ce1f5a3,211,JHG30_202760857ff2,weak_train,-1,included_in_development_residue_labels
MD__3b4q_A,md_ired,3b4q_A,3b4q,A,5366fd077207b4db2a6767f061e44d4d1468f2cdc97acb1cc12452ed5fe64a51,94,JHG30_9907fa851554,weak_train,-1,included_in_development_residue_labels
MD__3b4q_B,md_ired,3b4q_B,3b4q,B,5366fd077207b4db2a6767f061e44d4d1468f2cdc97acb1cc12452ed5fe64a51,94,JHG30_9907fa851554,weak_train,-1,included_in_development_residue_labels
MD__3bk5_A,md_ired,3bk5_A,3bk5,A,35f737a91fc757ad3713bd87f0c12fa93ff5a4e1c9273a84d0429246eafee8f0,237,JHG30_a2efb60fca6b,weak_train,-1,included_in_development_residue_labels
MD__3bn0_A,md_ired,3bn0_A,3bn0,A,a9bd8e045ed96b0debb464bc8536a1bc5394d570a13f24a4fe11e2bc42b11ae6,112,JHG30_b34f44ecdcd5,weak_train,-1,included_in_development_residue_labels
MD__3boe_A,md_ired,3boe_A,3boe,A,31db761df7ad2b5ade8cd36208432f86d4e54b5511ec50f676269f8a88e6bad9,210,JHG30_03ab3af3eb36,weak_train,-1,included_in_development_residue_labels
MD__3bpj_B,md_ired,3bpj_B,3bpj,B,c07215c53a19a7a52b0ab1930ed191c7742b2b5bb9e417fd389aa39080b896a8,80,JHG30_7532484d5eba,weak_train,-1,included_in_development_residue_labels
MD__3bpj_C,md_ired,3bpj_C,3bpj,C,c07215c53a19a7a52b0ab1930ed191c7742b2b5bb9e417fd389aa39080b896a8,80,JHG30_7532484d5eba,weak_train,-1,included_in_development_residue_labels
MD__3bqp_B,md_ired,3bqp_B,3bqp,B,30625cf6e4b7b4bb7d73f6fd19298da124286769d4f03d8dbaa60b4ac522fe87,80,JHG30_a9fbb87568f6,weak_train,-1,included_in_development_residue_labels
MD__3bri_A,md_ired,3bri_A,3bri,A,95d55bb825d2b4a0518d068fe8328b4ff7344bc35848f9fb61853bda589b4b11,89,JHG30_fa362a55081a,weak_train,-1,included_in_development_residue_labels
MD__3bwu_D,md_ired,3bwu_D,3bwu,D,a06c27f9ad177cf79e2ecd13b1085bd856e9dafbcb78b04ba11bb8142547bc8e,125,JHG30_7ec1296385f2,weak_train,-1,included_in_development_residue_labels
MD__3bzl_D,md_ired,3bzl_D,3bzl,D,bca09f86d1f3af7ed3d7398f841aa55fbb5b7595a2b2c61c9e71cbdbd2cb09ec,83,JHG30_dffbcc7dd2ae,weak_train,-1,included_in_development_residue_labels
MD__3c05_A,md_ired,3c05_A,3c05,A,dc81a22ef4dbc6237ce86c7cf4695793309516a09cd03994b4fe4a2d7559d3c9,62,JHG30_2b9c2e79c4f2,protected_md_test_metadata_only,-1,protected_evaluation_metadata_only
MD__3c0f_B,md_ired,3c0f_B,3c0f,B,51e17236957efd2c2b0570f6fe82b12a0b4954bdf339ee320c4e7997f4fb65a1,91,JHG30_cc7f93b2c3a3,protected_md_test_metadata_only,-1,protected_evaluation_metadata_only
MD__3c1q_B,md_ired,3c1q_B,3c1q,B,f2df294fb3301177debe5b174e6e35222f5b713fc629d21b824d6aefc2199b95,123,JHG30_eb27d6e82299,weak_train,-1,included_in_development_residue_labels
MD__3c9p_A,md_ired,3c9p_A,3c9p,A,66ee3314f93326e173a61346d63329c95a20281051a871162d5c103d31c8f27e,123,JHG30_0338c8f21a0b,weak_train,-1,included_in_development_residue_labels
MD__3cjs_B,md_ired,3cjs_B,3cjs,B,33a333593f814f3d040bd961fa4193a633f77d206270e61965863260895d647f,72,JHG30_150f5a1e0398,weak_train,-1,included_in_development_residue_labels
MD__3cjs_C,md_ired,3cjs_C,3cjs,C,33a333593f814f3d040bd961fa4193a633f77d206270e61965863260895d647f,72,JHG30_150f5a1e0398,weak_train,-1,included_in_development_residue_labels
MD__3cla_A,md_ired,3cla_A,3cla,A,8e7cb4f472e327195952d9c21a9979ecfbca69a1cbfab5822f2679b2d385eb17,213,JHG30_d1f05097a217,weak_train,-1,included_in_development_residue_labels
MD__3cw3_A,md_ired,3cw3_A,3cw3,A,cbe3b3e4b67e4620fa26019ccfc9f97b78f4efa9cac792410b15ef96a731d090,96,JHG30_be183f5b2237,weak_train,-1,included_in_development_residue_labels
MD__3cy4_A,md_ired,3cy4_A,3cy4,A,8d6ab40ecc2e825c821d1a9c01fff3fe4911f3bc7f4e83f7af520caef9a9cde0,154,JHG30_e41aa941d7ec,weak_train,-1,included_in_development_residue_labels
MD__3cyi_A,md_ired,3cyi_A,3cyi,A,8d38dcbe4b745e8dae6d12133ea76c766fd357a7990f88b76f4554a13229af3b,110,JHG30_c7576098fae3,weak_train,-1,included_in_development_residue_labels
MD__3czz_B,md_ired,3czz_B,3czz,B,8bacb0b11961cca9349f06845028a47accad075238e838fd7799bb0caf91a6d1,101,JHG30_2bad3ed46f2b,weak_train,-1,included_in_development_residue_labels
MD__3d2q_A,md_ired,3d2q_A,3d2q,A,95112920eb87b8a5eff6f65cb1e6b450ad75c5853eff2cf82649e886414c2e63,70,JHG30_9991f4e22c07,weak_train,-1,included_in_development_residue_labels
MD__3d7a_B,md_ired,3d7a_B,3d7a,B,25ddc9aa559bc0456ac5c56b82d44b35b9b93b3506afe77a3205de627fe4db8c,138,JHG30_9a94efeff540,weak_train,-1,included_in_development_residue_labels
MD__3da8_A,md_ired,3da8_A,3da8,A,3536f1ee67a06378e546ae695d708fe38bacb0e8dac232df6fcef7842fbf031c,215,JHG30_52ad2e6d9efe,weak_train,-1,included_in_development_residue_labels
MD__3dai_A,md_ired,3dai_A,3dai,A,90b947063061d4b396499ec38038b226dd533bd87bad1f083bdb79fc8393ec1d,130,JHG30_0b4c221979fd,weak_train,-1,included_in_development_residue_labels
MD__3dau_A,md_ired,3dau_A,3dau,A,e193a4b689d70ba3b38c9f812a9b212e4ec24cec07f6c90f0600341c8b0c77f5,159,JHG30_14286a59c5d4,weak_train,-1,included_in_development_residue_labels
MD__3dd6_A,md_ired,3dd6_A,3dd6,A,a3fdb47a3653a316e2376f964c59c39ba551631461ffb5e831c6ca4708b1156f,255,JHG30_47c86878d015,weak_train,-1,included_in_development_residue_labels
MD__3dff_A,md_ired,3dff_A,3dff,A,c79a345cc7967af0ba788306cae1c4f4cfa769821b6919bf0e55fc89d43f55ca,273,JHG30_3fdeb17465e8,weak_train,-1,included_in_development_residue_labels
MD__3dgp_B,md_ired,3dgp_B,3dgp,B,6182dbc1811c743c267bb8f2861004584aa0d0d4ddb40222d4080d142153aa9c,71,JHG30_ac286c6d6847,weak_train,-1,included_in_development_residue_labels
MD__3dha_A,md_ired,3dha_A,3dha,A,b5054e1524bd73493e5c3837a9e1c5fbc3141c2eff61ee377275f066c19bc412,254,JHG30_9c1cbfdffe8f,weak_train,-1,included_in_development_residue_labels
MD__3dnh_B,md_ired,3dnh_B,3dnh,B,ee09f7638fdec917da611e2faf4037abd520bc97395e2ec8ab3db3715402911d,258,JHG30_d8ba41f8fdd8,weak_train,-1,included_in_development_residue_labels
MD__3dqy_A,md_ired,3dqy_A,3dqy,A,87a8a35f401b04eddf130477a530c8c07c27b67fa501db6b4d82bd3bb1053000,106,JHG30_3182484f18a5,weak_train,-1,included_in_development_residue_labels
MD__3dso_A,md_ired,3dso_A,3dso,A,f4821d81b5fe046e5c0a58adec6c171d5e1781782d0c315b3c795ec87415b7e5,74,JHG30_a52af9e26793,weak_train,-1,included_in_development_residue_labels
MD__3dza_A,md_ired,3dza_A,3dza,A,f4cd319337f3bd00e787cca07e649ac220c6f7db9c3e794e0805229e44e6faca,191,JHG30_6398a79feae7,weak_train,-1,included_in_development_residue_labels
MD__3e0z_A,md_ired,3e0z_A,3e0z,A,8d10d9173b055200900a1b97e7f609ec287abbf3f38c89f206052ed7c58a7698,109,JHG30_6fac41ab576b,weak_train,-1,included_in_development_residue_labels
MD__3e0z_B,md_ired,3e0z_B,3e0z,B,8d10d9173b055200900a1b97e7f609ec287abbf3f38c89f206052ed7c58a7698,109,JHG30_6fac41ab576b,weak_train,-1,included_in_development_residue_labels
MD__3e7h_A,md_ired,3e7h_A,3e7h,A,6cdbb9820e4a614ace6a849d224ac30c6b8191459772e5df24b27230aac05ffc,103,JHG30_71638424bdfe,weak_train,-1,included_in_development_residue_labels
MD__3e8t_A,md_ired,3e8t_A,3e8t,A,e98001d8b460e326b0565c0904fc60c181960bbc1d875ea7106c36f3f690406f,220,JHG30_44cdb0d171c9,weak_train,-1,included_in_development_residue_labels
MD__3e9v_A,md_ired,3e9v_A,3e9v,A,bd2c07f7df65cf17adcc14c7cfb428da30a7dd1166b160ab4eaf6536af001a75,120,JHG30_f7b695aae419,weak_train,-1,included_in_development_residue_labels
MD__3ehg_A,md_ired,3ehg_A,3ehg,A,5ef5cb9ce3867bbd13e273e7f7ec87699ff59c4d019c0aecae0691c2c3f71c32,128,JHG30_ea4071573c0b,weak_train,-1,included_in_development_residue_labels
MD__3emf_A,md_ired,3emf_A,3emf,A,36582516c01b385c307e95fec7d4b858fcf9db01e98a8a41041053f293621c27,116,JHG30_8d0e8bae29fa,weak_train,-1,included_in_development_residue_labels
MD__3emi_A,md_ired,3emi_A,3emi,A,62bf246d89dc01a36ba8f9953aa52903340bf815275aa73e91e8a21329ab158e,116,JHG30_c32a34f90b3f,weak_train,-1,included_in_development_residue_labels
MD__3enu_A,md_ired,3enu_A,3enu,A,62edb9a9318cc776dcec2593cae9e1092e47fb3ba6e1069961f7a8c1e0d37a0e,114,JHG30_f6ab76a1bbbd,weak_train,-1,included_in_development_residue_labels
MD__3eto_A,md_ired,3eto_A,3eto,A,a290216bb2a7cbdffdd6d360af9554b0fbb616318a91d1d3dc80b582a4c8d99e,242,JHG30_89e68c451dd9,weak_validation,-1,included_in_development_residue_labels
MD__3eye_A,md_ired,3eye_A,3eye,A,01d85581bec41ade691142dfeed05a0513c69cd7c6ada00f6391b3f2d21d61c7,168,JHG30_aadf5a374b79,weak_train,-1,included_in_development_residue_labels
MD__3f0o_B,md_ired,3f0o_B,3f0o,B,bdc2a788c02b3489ff6f18f67e70172dafdaeb6757f209dae0fd813f4c0de75d,212,JHG30_50af6c326dfe,weak_train,-1,included_in_development_residue_labels
MD__3f0p_A,md_ired,3f0p_A,3f0p,A,bdc2a788c02b3489ff6f18f67e70172dafdaeb6757f209dae0fd813f4c0de75d,212,JHG30_50af6c326dfe,weak_train,-1,included_in_development_residue_labels
MD__3f2e_A,md_ired,3f2e_A,3f2e,A,dcd2929042166c48bdb4c9e01ac57459d0f27b1ec766f3b56212ea31a901a8e3,100,JHG30_ce99e6b7382e,weak_train,-1,included_in_development_residue_labels
MD__3f43_A,md_ired,3f43_A,3f43,A,f4674d40cdeeb0584cc47fee49ca45a07b45ccf15f8104b2fbd0910e509a8948,125,JHG30_1770728efffa,weak_validation,-1,included_in_development_residue_labels
MD__3f4m_A,md_ired,3f4m_A,3f4m,A,14fc9956bd38d04c46ed4192bbbaa350eeb4d7777be074ffef279e2bb0e11189,161,JHG30_215102f73119,weak_train,-1,included_in_development_residue_labels
MD__3f7c_A,md_ired,3f7c_A,3f7c,A,0e5d4acfef96ff24bb8cb653fe56a41e8140a4a23d6d12a4b4718e9946bc7855,200,JHG30_da96b6113719,weak_validation,-1,included_in_development_residue_labels
MD__3f7w_A,md_ired,3f7w_A,3f7w,A,7192d88a3f594ef319be4fba8a7a59a34c83cbf367b18dc09c4e701bdb3cdfa9,288,JHG30_fec6d5b54fb7,weak_train,-1,included_in_development_residue_labels
MD__3fbl_A,md_ired,3fbl_A,3fbl,A,fd0e774b9123b017b1e72ea7b9d1217758e0e568f28d2c4e5167609c907ecb4f,82,JHG30_c03b12e1611a,weak_train,-1,included_in_development_residue_labels
MD__3fcn_A,md_ired,3fcn_A,3fcn,A,28a6834d759c5cc79ceb89b45aba24fee39d4df142f7a8d3bd59dbb39870994b,164,JHG30_4768e2a75ea0,weak_validation,-1,included_in_development_residue_labels
MD__3fgh_A,md_ired,3fgh_A,3fgh,A,166a01f7899c83e54ad1cd83bd8df1d9ba9179508a22eb97717888fce3d7b197,67,JHG30_a41036b947c2,weak_train,-1,included_in_development_residue_labels
MD__3fh2_A,md_ired,3fh2_A,3fh2,A,2dd52a0346fcb7c909ed6ea504702157c5a35b394901f763bbacc0a16042d714,146,JHG30_a66d08315e8b,protected_md_test_metadata_only,-1,protected_evaluation_metadata_only
MD__3fhf_A,md_ired,3fhf_A,3fhf,A,1a62cf357b7540f815b7ff3378b086488bdd1ce27deecaa8273cd488b3f14b2d,214,JHG30_75c184ab3a1c,weak_train,-1,included_in_development_residue_labels
MD__3fkc_A,md_ired,3fkc_A,3fkc,A,fde1a94939856c1333e94ae168805568517ae0205798265fae7d335e9f0b5e32,116,JHG30_7e8429a19d99,weak_train,-1,included_in_development_residue_labels
MD__3fke_A,md_ired,3fke_A,3fke,A,471ba93233aa6fa89d6245bea3bc6043e8a5b1f249cd5659b18d2bc5932f7938,129,JHG30_3d697f10b19b,weak_train,-1,included_in_development_residue_labels
MD__3fm2_A,md_ired,3fm2_A,3fm2,A,401dedf6c297fd1f648c8d6e0b95d6cd4c28b05a4ecf813f42a2de36ba17c9f9,135,JHG30_8b508a9d0de4,weak_train,-1,included_in_development_residue_labels
MD__3fn2_B,md_ired,3fn2_B,3fn2,B,4978d8a0a1c9400be830fb20a31987c16e4be68d45cf2f1f5e7284aed0aca301,106,JHG30_0aeb4a8f56d1,weak_train,-1,included_in_development_residue_labels
MD__3fp5_A,md_ired,3fp5_A,3fp5,A,e7beb9c0851e4b2676c8ac4b802c4dd5a932f435be89d408aac730ba22f17e8a,106,JHG30_24be839594cd,weak_train,-1,included_in_development_residue_labels
MD__3fpn_A,md_ired,3fpn_A,3fpn,A,e605c8ae8d4773867a1d05aa4bb254f574f64041832b3a387ab32eba23cc7f8e,119,JHG30_df40b2f2d892,weak_train,-1,included_in_development_residue_labels
MD__3fpu_A,md_ired,3fpu_A,3fpu,A,94560268b7ef644f7bb5c1e0621e3bc3f124c071fd118857fbaaebe5a20ca56d,100,JHG30_0680a4f8213c,weak_train,-1,included_in_development_residue_labels
MD__3frr_A,md_ired,3frr_A,3frr,A,54030fc55242349a0bb8f65463df39c0944d67efe683845f63af0f1f24a7a22b,191,JHG30_710151c41751,protected_md_test_metadata_only,-1,protected_evaluation_metadata_only
MD__3fyb_A,md_ired,3fyb_A,3fyb,A,817b1528fec364565627b4691652f3d3939bb2e3c4a50dbb642a80fad446623d,104,JHG30_645a100fc9dd,weak_train,-1,included_in_development_residue_labels
MD__3g0m_A,md_ired,3g0m_A,3g0m,A,0df8efa83d5717fa116cfcaeb424f0d5d8f86c91613a49c5e3df714e2a6f34b8,141,JHG30_fb06e19811be,weak_train,-1,included_in_development_residue_labels
MD__3g28_A,md_ired,3g28_A,3g28,A,e0d89a85c3baec2ffe6062a84f44d6a49e599baae92fdbc15e36f29de7ff1a6c,77,JHG30_cb72eb4e105c,weak_train,-1,included_in_development_residue_labels
MD__3g3s_B,md_ired,3g3s_B,3g3s,B,bcf0d1df5e39d96ec94f1696a24ad55f7d300794adfc9adaf21bb6954c030481,249,JHG30_d86d9098c9a0,protected_md_test_metadata_only,-1,protected_evaluation_metadata_only
MD__3g5k_D,md_ired,3g5k_D,3g5k,D,ad423abf82cb12f856b1256826f97fafedfabcc01e5802429c857bf810e3c13c,183,JHG30_d48e97672ae5,weak_train,-1,included_in_development_residue_labels
MD__3g6i_A,md_ired,3g6i_A,3g6i,A,1a7e523b3936b6941fa396dc3fbf6a2794e2e609605c9fabbc7a342f07bbf838,204,JHG30_1c80a1349674,weak_validation,-1,included_in_development_residue_labels
MD__3g98_B,md_ired,3g98_B,3g98,B,79f36534e0bf8eb9e62babc2c4a839c263668745d301b5a799281c7657bc09d2,111,JHG30_4b0f9dcd67a4,weak_train,-1,included_in_development_residue_labels
MD__3ga3_A,md_ired,3ga3_A,3ga3,A,07306fda78170cf4bd9189d6dc60fe73095bf27395616b1dfcf4df2ad2aff666,133,JHG30_aedf49b7f004,weak_validation,-1,included_in_development_residue_labels
MD__3ghd_A,md_ired,3ghd_A,3ghd,A,b0641e9b709801b469f059e27b98d922043980bb0eb2aa303b82defbbf92f7ec,70,JHG30_50b6b8fded54,protected_md_test_metadata_only,-1,protected_evaluation_metadata_only
MD__3gkj_A,md_ired,3gkj_A,3gkj,A,04e1fc74dd4c2cfbdb7047c8a609b468a2fdbb87f355eae21dad9bf88875e280,232,JHG30_0da1dc226dd1,weak_train,-1,included_in_development_residue_labels
MD__3glx_A,md_ired,3glx_A,3glx,A,f5809f297377e8f21069e49f964d1a43c7b835aa0de8d8d70d1d6ca060e01fef,226,JHG30_ec4871fa6813,weak_train,-1,included_in_development_residue_labels
MD__3gmv_X,md_ired,3gmv_X,3gmv,X,d3c12df472d5a9b574b7da4f0f1473cebc05e5b923852d50f8d16ad0434cb3f3,156,JHG30_40859f6e2360,protected_md_test_metadata_only,-1,protected_evaluation_metadata_only
MD__3gnu_P,md_ired,3gnu_P,3gnu,P,8db7384898d43ebe6f57ed2cb9c130257fb9718bf66fa874f982b3943cf9939b,213,JHG30_fd469d0d21ac,weak_validation,-1,included_in_development_residue_labels
MD__3gqh_A,md_ired,3gqh_A,3gqh,A,cb74e9b5ae64dd6915d89b40a086a916d63dddaa2a3d09c0a1e029cee8d0149c,163,JHG30_0ebef56dd483,weak_train,-1,included_in_development_residue_labels
MD__3gwi_A,md_ired,3gwi_A,3gwi,A,377f60815c7dca3f91f695e2c8290a8d4c54179613eb97490475e597a3642ac9,170,JHG30_6d184177dda4,protected_md_test_metadata_only,-1,protected_evaluation_metadata_only
MD__3h0n_A,md_ired,3h0n_A,3h0n,A,0e4f1effc2b3b8e88fa0cfd83ca3ed509e983133b69c9f0f32ada7bf143e7929,188,JHG30_521aab844286,weak_train,-1,included_in_development_residue_labels
MD__3h2d_B,md_ired,3h2d_B,3h2d,B,141f29ac10fe6e14a2e1f385553dc7d07227b60a6762ed331368f6fedd667ff4,155,JHG30_537a73249e69,weak_train,-1,included_in_development_residue_labels
MD__3h8t_A,md_ired,3h8t_A,3h8t,A,bd72d3216e741f87ea741c12e2aaf52f8ddbe62b489c4aa3b70bccb51f3819f0,191,JHG30_836d82dd0391,weak_train,-1,included_in_development_residue_labels
MD__3h93_A,md_ired,3h93_A,3h93,A,de6289539df16f452eb90ad7fe043205a774820dc3a4508e12abaa0b1f6602f7,192,JHG30_47a534e8024f,weak_train,-1,included_in_development_residue_labels
MD__3hdj_B,md_ired,3hdj_B,3hdj,B,997ee3b41064e2b0e6fb019516f9ba19a08a15fd9dfa7d289ddf91ac63f117d3,313,JHG30_660f27807358,weak_train,-1,included_in_development_residue_labels
MD__3hfw_A,md_ired,3hfw_A,3hfw,A,6abdab58d8740de7621955c3d6e134bbafb5ca14f261da3c11313878d4fbe5ba,357,JHG30_6efd3f02c980,weak_train,-1,included_in_development_residue_labels
MD__3hgl_A,md_ired,3hgl_A,3hgl,A,364f7e5cd4811f70e3f1752ecb8640a757fe44fe9b4942787ecf53a05f62c8a2,85,JHG30_20bdc889fd12,weak_train,-1,included_in_development_residue_labels
MD__3hmr_A,md_ired,3hmr_A,3hmr,A,fcf9edefe4c1d680f15e9cb92d841970f635f4c81db756d5d25ad3f58aa43b01,99,JHG30_3c6614e57f0f,weak_train,-1,included_in_development_residue_labels
MD__3hms_A,md_ired,3hms_A,3hms,A,fe7c3235d339a00b9a8a820cba9d618a200c0851241c3b6adedf90178e3cacea,101,JHG30_3c6614e57f0f,weak_train,-1,included_in_development_residue_labels
MD__3ho6_A,md_ired,3ho6_A,3ho6,A,ed85819ecbfd13870a80cc33bf016e14ce43ac35606719fbf17e53277b63ebc8,267,JHG30_65f507af7220,weak_train,-1,included_in_development_residue_labels
MD__3hvv_A,md_ired,3hvv_A,3hvv,A,3d055498aab14daeb3eaf3ace437b232b7c8360ea82219c950fcad9e0575bcce,167,JHG30_24b8c5b2cd1b,protected_md_test_metadata_only,-1,protected_evaluation_metadata_only
MD__3hwu_A,md_ired,3hwu_A,3hwu,A,846f81306adff0ca6fd9573a2c6ea8a3fec1d15bc996a4e963a183c18c02d55c,147,JHG30_b0b724e31ccc,weak_train,-1,included_in_development_residue_labels
MD__3i94_A,md_ired,3i94_A,3i94,A,c79c60e81cf90728fc45094813298ddf7169b6320fe9b5288370e673774aea7e,248,JHG30_b4f48d585dc0,weak_train,-1,included_in_development_residue_labels
MD__3ic3_B,md_ired,3ic3_B,3ic3,B,a6abd2dce9fb18fab2d8ccca55b566ffab468257e8bec9106335e7d6138abb0b,101,JHG30_ffef64db0895,weak_train,-1,included_in_development_residue_labels
MD__3ic3_C,md_ired,3ic3_C,3ic3,C,a6abd2dce9fb18fab2d8ccca55b566ffab468257e8bec9106335e7d6138abb0b,101,JHG30_ffef64db0895,weak_train,-1,included_in_development_residue_labels
MD__3ig9_B,md_ired,3ig9_B,3ig9,B,e3b31142e0d081e1e787111f79e1417e351be2fb7e738d83ac9d4cf3d9633d2b,78,JHG30_8123b4a7b7b2,weak_train,-1,included_in_development_residue_labels
MD__3ig9_C,md_ired,3ig9_C,3ig9,C,e3b31142e0d081e1e787111f79e1417e351be2fb7e738d83ac9d4cf3d9633d2b,78,JHG30_8123b4a7b7b2,weak_train,-1,included_in_development_residue_labels
MD__3ii2_A,md_ired,3ii2_A,3ii2,A,defce7cb4a5bbe0c4cef5c72bf695d70ef9ed2b818dbe98078aee94382a0391b,157,JHG30_2d6a15908cb6,weak_train,-1,included_in_development_residue_labels
MD__3iis_M,md_ired,3iis_M,3iis,M,5397d359d66083a07c674fa47ee0e280fb2a17b9110abd40f485533695c33486,151,JHG30_1c2c43e742ca,weak_train,-1,included_in_development_residue_labels
MD__3iiu_M,md_ired,3iiu_M,3iiu,M,a388dd649cb9d4b00df38d22ef1db6ca2575fdb0c36f4600c3946deb845293c1,151,JHG30_1c2c43e742ca,weak_train,-1,included_in_development_residue_labels
MD__3ijw_A,md_ired,3ijw_A,3ijw,A,4ca6e00e46a274b9cfde4c6e36484ff8f4807700ce965bb1b99ce0a2dc475f70,268,JHG30_26cc02c96ed3,weak_train,-1,included_in_development_residue_labels
MD__3im3_A,md_ired,3im3_A,3im3,A,decd44637a3963afa1383672c77a2a2f51efa812ba0e45807b91abec2d9e78ee,50,JHG30_9387dcb175cc,weak_validation,-1,included_in_development_residue_labels
MD__3imk_A,md_ired,3imk_A,3imk,A,1ba09fd5a7ef06f31153b0541e4a4b3f55a268873fe6e8881957911f13477735,158,JHG30_cc9f667b42b4,weak_train,-1,included_in_development_residue_labels
MD__3ino_A,md_ired,3ino_A,3ino,A,99fed4d06c940f05eef669fb165e04c4b327b17af6698198daccfa84c96c5bd3,143,JHG30_974407620133,weak_train,-1,included_in_development_residue_labels
MD__3ipf_A,md_ired,3ipf_A,3ipf,A,127a8b98671731b46b3368701bb1b6b05af27c1c962c8db6b632751d8a389d9c,71,JHG30_0ac337eb8353,weak_train,-1,included_in_development_residue_labels
MD__3ipf_B,md_ired,3ipf_B,3ipf,B,127a8b98671731b46b3368701bb1b6b05af27c1c962c8db6b632751d8a389d9c,71,JHG30_0ac337eb8353,weak_train,-1,included_in_development_residue_labels
MD__3ipj_A,md_ired,3ipj_A,3ipj,A,e4d05795e2a3a2c1fd5a947c18a6bf625e1adc6a3cbd0eba6162af67d0c43bcd,95,JHG30_48f331833ec1,weak_train,-1,included_in_development_residue_labels
MD__3it4_B,md_ired,3it4_B,3it4,B,a645e191598f847076de9565ae97516fb092f9d147d04cbc51e8f53bb70cdcba,205,JHG30_cd46b4709185,weak_train,-1,included_in_development_residue_labels
MD__3it4_C,md_ired,3it4_C,3it4,C,33414a4cff5fed2c56314e341eaa903839d39f1848b11f156bae94fc14ac8acd,199,JHG30_5493394c78f6,weak_train,-1,included_in_development_residue_labels
MD__3jsy_A,md_ired,3jsy_A,3jsy,A,10b2caef3904ca14148f6afa61da32294ef6f78e33e655e9a826c7329dd554d6,213,JHG30_7a03d4467c4a,weak_train,-1,included_in_development_residue_labels
MD__3jsy_B,md_ired,3jsy_B,3jsy,B,10b2caef3904ca14148f6afa61da32294ef6f78e33e655e9a826c7329dd554d6,213,JHG30_7a03d4467c4a,weak_train,-1,included_in_development_residue_labels
MD__3jtz_A,md_ired,3jtz_A,3jtz,A,3e179c8f17df006dab9610d86d3de513b29e33cf4b3676a06685ddaf57c30f21,88,JHG30_c3e2e6cdf08b,weak_train,-1,included_in_development_residue_labels
MD__3ju3_A,md_ired,3ju3_A,3ju3,A,50c75404feb51fb3f02b707a0a77251bc43b56ef67845625c96252bd9f9689a0,118,JHG30_b8274599dca9,weak_train,-1,included_in_development_residue_labels
MD__3jub_A,md_ired,3jub_A,3jub,A,bc74869aa7550a948d7bf8e05957bf0add8e007805211020fbeaecf2f4cff22c,153,JHG30_872510d0286d,weak_validation,-1,included_in_development_residue_labels
MD__3jv1_A,md_ired,3jv1_A,3jv1,A,9b1c9b4fe2f93c81050c79ebe18d28ddaca0753b49808d6ea6e2a07b5e0a6e15,182,JHG30_c1a53eada268,weak_train,-1,included_in_development_residue_labels
MD__3jz9_A,md_ired,3jz9_A,3jz9,A,009e4e280e5137607401078bfe1d81721f74a25cfa7bc435764a516a1af6f2f6,197,JHG30_0e270ec917e2,weak_train,-1,included_in_development_residue_labels
MD__3jza_B,md_ired,3jza_B,3jza,B,009e4e280e5137607401078bfe1d81721f74a25cfa7bc435764a516a1af6f2f6,197,JHG30_0e270ec917e2,weak_train,-1,included_in_development_residue_labels
MD__3k5j_A,md_ired,3k5j_A,3k5j,A,3311000a566207e607e4a0ae0e286745bf7dca857349b78010334ba8798eed29,183,JHG30_f9386958dbaf,weak_train,-1,included_in_development_residue_labels
MD__3k6q_B,md_ired,3k6q_B,3k6q,B,ee8d0cd9cb180a17378aed201b4493550787d9c845b317a741d209c251979513,139,JHG30_38d6a4c72b08,weak_train,-1,included_in_development_residue_labels
MD__3ka5_A,md_ired,3ka5_A,3ka5,A,ade7be286760b76ca2b5cbd4b7d3c3214a434ee29634611e3b98c568cee5de96,65,JHG30_c9ed4dc53ff9,weak_train,-1,included_in_development_residue_labels
MD__3ka5_B,md_ired,3ka5_B,3ka5,B,ade7be286760b76ca2b5cbd4b7d3c3214a434ee29634611e3b98c568cee5de96,65,JHG30_c9ed4dc53ff9,weak_train,-1,included_in_development_residue_labels
MD__3kbb_A,md_ired,3kbb_A,3kbb,A,7a3ab6725798904d4c3f156959113acf36dda1e25a28e35e27f77b690248eac3,216,JHG30_782e024c05c7,weak_train,-1,included_in_development_residue_labels
MD__3kby_A,md_ired,3kby_A,3kby,A,cceabbf56f069b082fbc72cabbe832a5eaccc67bc2890f894c37284ff3f8f7ea,145,JHG30_2f09ea47928d,weak_train,-1,included_in_development_residue_labels
MD__3kby_B,md_ired,3kby_B,3kby,B,cceabbf56f069b082fbc72cabbe832a5eaccc67bc2890f894c37284ff3f8f7ea,145,JHG30_2f09ea47928d,weak_train,-1,included_in_development_residue_labels
MD__3kde_C,md_ired,3kde_C,3kde,C,cab02dc730dfa4d30bb6bad666a0d279e9cf4a3207aaa76029b31d82dbc02fd6,77,JHG30_1a331daa32d6,protected_md_test_metadata_only,-1,protected_evaluation_metadata_only
MD__3klr_A,md_ired,3klr_A,3klr,A,9e49cb15b913100ccdad800efa464bebf4eea4f2fb0099fc3db0f49303e1010f,125,JHG30_8168842ede92,weak_validation,-1,included_in_development_residue_labels
MD__3ktp_A,md_ired,3ktp_A,3ktp,A,42eecb9a7142e9b87f5ab21a4aef789a720ee508921cb766e72424219ada7691,88,JHG30_f11ae86f02c3,weak_train,-1,included_in_development_residue_labels
MD__3kvd_D,md_ired,3kvd_D,3kvd,D,e52e74453df4b3472be2e1766fac9b3a85f79b3e1192d56732d5fde4b5508a84,242,JHG30_210cb65c1b6c,weak_train,-1,included_in_development_residue_labels
MD__3kwr_A,md_ired,3kwr_A,3kwr,A,1fd01e9ea84f207032d8296a19ead3a92e4a38d3925ad380461d33f963108947,97,JHG30_318b29136a59,protected_md_test_metadata_only,-1,protected_evaluation_metadata_only
MD__3kz5_B,md_ired,3kz5_B,3kz5,B,86b77ccfb09d29466cbf045210cf570b4d61600be692926df92826b49e5f8eb2,52,JHG30_24f25e06022d,weak_train,-1,included_in_development_residue_labels
MD__3kz5_E,md_ired,3kz5_E,3kz5,E,86b77ccfb09d29466cbf045210cf570b4d61600be692926df92826b49e5f8eb2,52,JHG30_24f25e06022d,weak_train,-1,included_in_development_residue_labels
MD__3kz7_A,md_ired,3kz7_A,3kz7,A,b217e49f397547b07c0e973cf17e59108a87f52719efbb40bb3c42c446cf5e66,119,JHG30_1a3acc828874,protected_md_test_metadata_only,-1,protected_evaluation_metadata_only
MD__3l1e_A,md_ired,3l1e_A,3l1e,A,b6493e9a0afd2ea4190718b0cd1790e2c401bb20c97ecc7b9b3c331c1fd53f7e,106,JHG30_0e8e6647b081,weak_train,-1,included_in_development_residue_labels
MD__3l2a_A,md_ired,3l2a_A,3l2a,A,071c89792ce545c017e35cd7e2fe3a3c7f97846db6694b55ed322349910449ea,129,JHG30_3d697f10b19b,weak_train,-1,included_in_development_residue_labels
MD__3l32_A,md_ired,3l32_A,3l32,A,6b2f8e75ff899af98f230c252dab2a7ebfd3355c6ecdf412798280944d47197c,45,JHG30_3757d0528a61,protected_md_test_metadata_only,-1,protected_evaluation_metadata_only
MD__3l32_B,md_ired,3l32_B,3l32,B,6b2f8e75ff899af98f230c252dab2a7ebfd3355c6ecdf412798280944d47197c,45,JHG30_3757d0528a61,protected_md_test_metadata_only,-1,protected_evaluation_metadata_only
MD__3l4h_A,md_ired,3l4h_A,3l4h,A,16ae7a06e604044a60c79300a52714096546240a10e5a65799f64476c820c03d,109,JHG30_3876379f4aaa,weak_validation,-1,included_in_development_residue_labels
MD__3l51_A,md_ired,3l51_A,3l51,A,884093410c246183ef58c04858dd2adfbe52cb2b2f5190446ba23f05eb6c213e,161,JHG30_02de51a5d882,weak_train,-1,included_in_development_residue_labels
MD__3l51_B,md_ired,3l51_B,3l51,B,565ea2dd8f94565eda46ccb5e58622bece3cd72c3d79b0b051d028d4988eab59,166,JHG30_50d95a1dbd52,weak_train,-1,included_in_development_residue_labels
MD__3l9a_X,md_ired,3l9a_X,3l9a,X,eb7fbb80a5e4a47f6852ab049a4aabf4cfca6d0a5fce6e77508ba7f214aaa508,88,JHG30_65df6257fc6c,weak_train,-1,included_in_development_residue_labels
MD__3lae_A,md_ired,3lae_A,3lae,A,e5134ffbc418d625de0820091513d67820ed76bacc9a98effd49a690bfbfb2fc,81,JHG30_0653b7925b72,weak_train,-1,included_in_development_residue_labels
MD__3las_B,md_ired,3las_B,3las,B,6d074bc726ec853ddf2dcf219e6c0c2eda2677cc1b3789996bf3db0451aca11d,166,JHG30_c68dc9ac04d2,weak_train,-1,included_in_development_residue_labels
MD__3lbl_A,md_ired,3lbl_A,3lbl,A,3983f834a3993509f843e022cbf9d6740064eb897fce24cb50fad0a4b219e975,95,JHG30_2fd7553a6340,weak_train,-1,included_in_development_residue_labels
MD__3ld7_B,md_ired,3ld7_B,3ld7,B,e44a01b4b290c9fcc03bb1e2f51839c5f5e009a1bd10eedc1ab5a4d7e6b8e286,101,JHG30_382d8aba3b6e,weak_train,-1,included_in_development_residue_labels
MD__3lgb_B,md_ired,3lgb_B,3lgb,B,24d9dbdbb8fcd5b01f6da1ec51ee35779c61e58f19a90a50a8aaeef5896b8870,194,JHG30_8e1e0de2e845,weak_train,-1,included_in_development_residue_labels
MD__3lkt_Q,md_ired,3lkt_Q,3lkt,Q,494a554d63261fb7569a9ede1653164391a3792ea9962fb8286fcde215979df8,238,JHG30_8e783f90f1a0,weak_train,-1,included_in_development_residue_labels
MD__3lpc_A,md_ired,3lpc_A,3lpc,A,2fb72e1bb492c4c66ce517bb821d77023982a343ce4e2e211062279c87622f7f,340,JHG30_c8a11704f477,protected_md_test_metadata_only,-1,protected_evaluation_metadata_only
MD__3lpe_B,md_ired,3lpe_B,3lpe,B,bfaa36a8e0efced78db84e44bcd3fab22057315e7bed7d8a58fd110ca9e42a11,59,JHG30_9cae932e50a0,weak_train,-1,included_in_development_residue_labels
MD__3lq9_A,md_ired,3lq9_A,3lq9,A,287e29b2d1b7ce3c19cd372f000068c5d87f142dcd8eccbc0af1f20484fd1d78,134,JHG30_12837c9c3aa6,weak_train,-1,included_in_development_residue_labels
MD__3lq9_B,md_ired,3lq9_B,3lq9,B,287e29b2d1b7ce3c19cd372f000068c5d87f142dcd8eccbc0af1f20484fd1d78,134,JHG30_12837c9c3aa6,weak_train,-1,included_in_development_residue_labels
MD__3lui_B,md_ired,3lui_B,3lui,B,6db636392cc9e73f5583dde986c45de23086bcc4df0cfa7622b2cf4826bedff1,115,JHG30_1e524d473c4b,weak_train,-1,included_in_development_residue_labels
MD__3lur_B,md_ired,3lur_B,3lur,B,8409f56364b5357faf5cf9e8ad1df95730998788c670d190a4a0afb8ea9d6cea,158,JHG30_9c5f31d72802,weak_train,-1,included_in_development_residue_labels
MD__3luu_A,md_ired,3luu_A,3luu,A,dd9b65175015b2e0e9681d2fb79f0ab27afe7db386a46d915c2cdcb6269f0244,101,JHG30_51fd3c90ab4e,weak_validation,-1,included_in_development_residue_labels
MD__3lvu_D,md_ired,3lvu_D,3lvu,D,fd159771fb0df43617870984ab7479764b33601f957fe154ba5f9757205a5fec,258,JHG30_f9a2c05ed88b,protected_md_test_metadata_only,-1,protected_evaluation_metadata_only
MD__3lwx_A,md_ired,3lwx_A,3lwx,A,6b04510cf7b665ab7d8ec9b955dd7332f7f5c5c40954f8c5dc92ae131dbf617d,199,JHG30_dbe391c59ae7,weak_train,-1,included_in_development_residue_labels
MD__3lx5_A,md_ired,3lx5_A,3lx5,A,2c8f8e4328d143ba57bbe709af6f83034aae5931472f4275789755b97af9f285,272,JHG30_00218c218baf,weak_train,-1,included_in_development_residue_labels
MD__3lyf_D,md_ired,3lyf_D,3lyf,D,27155f90f7bcaaac7b9a539f98f2101d4152d61c795dbcd7b60bbf3dae9031aa,245,JHG30_051a17e61a20,weak_train,-1,included_in_development_residue_labels
MD__3lyw_A,md_ired,3lyw_A,3lyw,A,9ad4096bfeaa52d04d703d6b07a2573b1318fdb58723f60a31da32d025dc8b38,90,JHG30_3268b3570297,weak_validation,-1,included_in_development_residue_labels
MD__3lyy_A,md_ired,3lyy_A,3lyy,A,4894348e33058a1735a6a75b996d1335be61fdca990d16a763617aba7801acdd,107,JHG30_44a674fe98dd,weak_train,-1,included_in_development_residue_labels
MD__3m4r_A,md_ired,3m4r_A,3m4r,A,f95eb23a0d11add3526d9f3b97dbf6386bb3145a24c936f139d75d051de027b5,222,JHG30_0fe5fb4bb993,weak_train,-1,included_in_development_residue_labels
MD__3m7a_A,md_ired,3m7a_A,3m7a,A,699eafe0dc526aa720f677c998149caa00ed935285b90701ca17870fa6924657,140,JHG30_7482ca3b6dca,weak_train,-1,included_in_development_residue_labels
MD__3mcb_A,md_ired,3mcb_A,3mcb,A,a71c24000e89cac3a82eb6bab740bcb7de6fc53ea0127639836777c792fdb0b8,54,JHG30_7941e98203c3,weak_train,-1,included_in_development_residue_labels
MD__3mcb_B,md_ired,3mcb_B,3mcb,B,e541045ae9618ccc3e236d89c0e5da427841000ce947ffa58b7f0f14afe84639,58,JHG30_8d158d48ae6d,weak_validation,-1,included_in_development_residue_labels
MD__3mhs_B,md_ired,3mhs_B,3mhs,B,63f85042758415a09a1604f0f0428a93b4cfbc8d0fc8f0e68c139d898ed18881,96,JHG30_82ac9c3f9202,weak_train,-1,included_in_development_residue_labels
MD__3mil_A,md_ired,3mil_A,3mil,A,138d6d7d56aa74d4df4ee4146ad909753fbc6cdcba2db0ea594fa84d13dac1da,240,JHG30_1cee23eae0dd,weak_train,-1,included_in_development_residue_labels
MD__3mmh_B,md_ired,3mmh_B,3mmh,B,099b9fc7b9095d7b6bbdae6c4f8aa4f7b2bac5681549fe0bffcd07862a97fc5c,167,JHG30_470162faa9e0,weak_train,-1,included_in_development_residue_labels
MD__3mmy_D,md_ired,3mmy_D,3mmy,D,ca9d512cb822d402fbc7d9d04fcd8927cdaaf1a171e9ec2a6de94d88bc433d05,56,JHG30_e31733dcda43,weak_train,-1,included_in_development_residue_labels
MD__3mmy_F,md_ired,3mmy_F,3mmy,F,ca9d512cb822d402fbc7d9d04fcd8927cdaaf1a171e9ec2a6de94d88bc433d05,56,JHG30_e31733dcda43,weak_train,-1,included_in_development_residue_labels
MD__3mol_B,md_ired,3mol_B,3mol,B,4fda17b916629e3235a38c598a566136c4dbb422bb23f5ab58e4041f361b6794,184,JHG30_d50c683a5f4b,weak_train,-1,included_in_development_residue_labels
MD__3mqz_A,md_ired,3mqz_A,3mqz,A,a0c55e1f09d692b8c5b817b07b2fc9e0eaecd67d2bf0154b9eadc8037f7f57b8,215,JHG30_07e9151e41b4,weak_train,-1,included_in_development_residue_labels
MD__3msw_A,md_ired,3msw_A,3msw,A,84a1054bbd091696c163d96ba07a043744846bdc7e5f2113011974093e4fdf14,145,JHG30_1889f4d0d6f9,weak_train,-1,included_in_development_residue_labels
MD__3mwz_A,md_ired,3mwz_A,3mwz,A,682d3c3b1ea6f14a8aae20fa320707ba8f25c1b5381d8ae6010d094b4285d70e,115,JHG30_8bdaf864b874,protected_md_test_metadata_only,-1,protected_evaluation_metadata_only
MD__3mx7_A,md_ired,3mx7_A,3mx7,A,f6a5c1b7d29d9527c2e97abc5eb3fbe57ba633e0420f480f77f0d2dac088ab1c,90,JHG30_f976af4f74c2,protected_md_test_metadata_only,-1,protected_evaluation_metadata_only
MD__3mxz_A,md_ired,3mxz_A,3mxz,A,0bb9a3a75c489d162d7ab456e5dfccb502401ecd080a66c06a8ece34279bbd3c,116,JHG30_d3720a66093d,weak_train,-1,included_in_development_residue_labels
MD__3n4i_B,md_ired,3n4i_B,3n4i,B,f26ea897d1c67fa6859299d6aa622e46bf716cb6ed1711562fdf738f66decb4b,165,JHG30_40859f6e2360,protected_md_test_metadata_only,-1,protected_evaluation_metadata_only
MD__3n4j_A,md_ired,3n4j_A,3n4j,A,b54a486d66c5a398f7b74067d076ca9f09d2e73be1dbfd2b93ae08f1aa88a4ac,165,JHG30_df77e036d387,weak_train,-1,included_in_development_residue_labels
MD__3ncl_A,md_ired,3ncl_A,3ncl,A,84a776f9673afc78acf0ffc206932ff50ce930580c2b02789f2280f68b3154a3,241,JHG30_200e08b292aa,weak_train,-1,included_in_development_residue_labels
MD__3ngg_B,md_ired,3ngg_B,3ngg,B,6b731a383dabd286de7b84934697532c59683a77b46fdaf1695a4aca279bf291,50,JHG30_76de73fe5f39,weak_train,-1,included_in_development_residue_labels
MD__3nis_B,md_ired,3nis_B,3nis,B,24d592f94dacd6ffc39e4316e0b47980e69f3e9f29449b46f07ce9da85b86269,82,JHG30_eacad99ed5a4,weak_train,-1,included_in_development_residue_labels
MD__3nke_B,md_ired,3nke_B,3nke,B,06583bf01de5c23f0f541f07cddb4bfae975bcd50bdbb7c227143bbc4ea7af36,200,JHG30_50ad9656fda6,protected_md_test_metadata_only,-1,protected_evaluation_metadata_only
MD__3nl9_A,md_ired,3nl9_A,3nl9,A,840e1b8b8973b46e8f2b47d6679661dfe91ba04b006a4e83cc525af8ca28d10c,171,JHG30_c80e3e01bdfb,protected_md_test_metadata_only,-1,protected_evaluation_metadata_only
MD__3npd_A,md_ired,3npd_A,3npd,A,2c27d0ed56484a4d6fef1cc24e631e5cf9449813256a392699be2dab967c6c24,118,JHG30_507041924ad0,weak_validation,-1,included_in_development_residue_labels
MD__3nqi_A,md_ired,3nqi_A,3nqi,A,551503cbbc7c3b12e5e2af0b0b37cf43cc3f2b4629b6ed5d8210c94e12bf305d,246,JHG30_0abacd2c7348,weak_train,-1,included_in_development_residue_labels
MD__3nr1_A,md_ired,3nr1_A,3nr1,A,7f3867f254a725d4886660fd36831acf2bc43b1f49f250f33b94d59022e71304,178,JHG30_829b0ea55fc1,protected_md_test_metadata_only,-1,protected_evaluation_metadata_only
MD__3nrl_A,md_ired,3nrl_A,3nrl,A,b1b4a88ec74f5c1a52d271d13a4b162fa58d728090a681c6da23c83b5f06715e,81,JHG30_d13e1cea71c0,weak_train,-1,included_in_development_residue_labels
MD__3nrl_B,md_ired,3nrl_B,3nrl,B,b1b4a88ec74f5c1a52d271d13a4b162fa58d728090a681c6da23c83b5f06715e,81,JHG30_d13e1cea71c0,weak_train,-1,included_in_development_residue_labels
MD__3nrw_A,md_ired,3nrw_A,3nrw,A,a276d7f1c067cc4c3c04644b406582f183e0818a2204d76a9b3e6ae098b39441,117,JHG30_ae446d5bdf37,weak_train,-1,included_in_development_residue_labels
MD__3nuf_A,md_ired,3nuf_A,3nuf,A,c8e3091ef77fa6c06635e49282fcaaf0feb12596dc6120724b129cd2e52232c8,119,JHG30_ca068561b824,weak_train,-1,included_in_development_residue_labels
MD__3nyy_A,md_ired,3nyy_A,3nyy,A,ee5cab7af4ab9480c7d8e7f599e9135bd7a83ea65cdf8127e69611f5d7439487,252,JHG30_fe8e6c0511b3,weak_train,-1,included_in_development_residue_labels
MD__3o0g_D,md_ired,3o0g_D,3o0g,D,67bc03afb12c26b58794f6a14257080f18fc9da88c613b41e5fe8b8502001cc8,149,JHG30_36ad26842894,protected_md_test_metadata_only,-1,protected_evaluation_metadata_only
MD__3o3x_A,md_ired,3o3x_A,3o3x,A,a30925b359508cbab2207c9591ef18b2a17c43f1dcd86ea3a905f0e85a5558fa,198,JHG30_9ceeb2110711,weak_train,-1,included_in_development_residue_labels
MD__3o6p_A,md_ired,3o6p_A,3o6p,A,96528a0a53514a9ff4116e4c33fb68d8eeffff7aac62e51dbd87c46fee1a7c5d,229,JHG30_b2845d683644,weak_train,-1,included_in_development_residue_labels
MD__3o79_A,md_ired,3o79_A,3o79,A,137af62c399f6084934bed848b284c5d49dcf880a0e7aee7b004a6f856ab93a2,105,JHG30_a640207d1728,weak_train,-1,included_in_development_residue_labels
MD__3obl_B,md_ired,3obl_B,3obl,B,5aa3226d6eefad794223afa155ff7e1c817ad5f84ca93b78382a78e4f5edead4,132,JHG30_8335d30debc6,weak_validation,-1,included_in_development_residue_labels
MD__3ofg_A,md_ired,3ofg_A,3ofg,A,7e1ff71ccbad3e491992fe14b7089f41b5ab02b566a7db8d0270e5c56c443c5a,95,JHG30_46c1bd886c26,weak_train,-1,included_in_development_residue_labels
MD__3ofg_B,md_ired,3ofg_B,3ofg,B,7e1ff71ccbad3e491992fe14b7089f41b5ab02b566a7db8d0270e5c56c443c5a,95,JHG30_46c1bd886c26,weak_train,-1,included_in_development_residue_labels
MD__3ohg_A,md_ired,3ohg_A,3ohg,A,1d60ad0e637e934b5a8bda5203c2d182af5d559713988a49922b9fa40bfe2ee7,285,JHG30_a78989122fb0,weak_train,-1,included_in_development_residue_labels
MD__3oi8_A,md_ired,3oi8_A,3oi8,A,b59d8029abfb73562be8ca7fe47b14e25e7373f25638b0bd516e19dc62bcd214,156,JHG30_0fb5a8dc76b3,weak_train,-1,included_in_development_residue_labels
MD__3oi8_B,md_ired,3oi8_B,3oi8,B,b59d8029abfb73562be8ca7fe47b14e25e7373f25638b0bd516e19dc62bcd214,156,JHG30_0fb5a8dc76b3,weak_train,-1,included_in_development_residue_labels
MD__3ol3_A,md_ired,3ol3_A,3ol3,A,e14900bfa6e03679ecdd2099689abad8ed05e80c45d2162d87096c35dcc724e4,107,JHG30_b42bd79d1bcc,weak_train,-1,included_in_development_residue_labels
MD__3ol4_A,md_ired,3ol4_A,3ol4,A,e14900bfa6e03679ecdd2099689abad8ed05e80c45d2162d87096c35dcc724e4,107,JHG30_b42bd79d1bcc,weak_train,-1,included_in_development_residue_labels
MD__3omd_A,md_ired,3omd_A,3omd,A,49a458cd6b003b74d39a8da27b729daaaf5d378fd9c171f6dd59034ab8d9af69,145,JHG30_82adc7b5d381,weak_train,-1,included_in_development_residue_labels
MD__3omd_B,md_ired,3omd_B,3omd,B,49a458cd6b003b74d39a8da27b729daaaf5d378fd9c171f6dd59034ab8d9af69,145,JHG30_82adc7b5d381,weak_train,-1,included_in_development_residue_labels
MD__3on9_A,md_ired,3on9_A,3on9,A,021c6ac40875107f6acc652f6d6bb7c3151a9f13dfa51805cf20a0c68152afa1,163,JHG30_027485530f1d,protected_md_test_metadata_only,-1,protected_evaluation_metadata_only
MD__3on9_B,md_ired,3on9_B,3on9,B,021c6ac40875107f6acc652f6d6bb7c3151a9f13dfa51805cf20a0c68152afa1,163,JHG30_027485530f1d,protected_md_test_metadata_only,-1,protected_evaluation_metadata_only
MD__3onj_A,md_ired,3onj_A,3onj,A,58ec407fdcd362f3ed1548292d9a34b80b418acbe0624f3323da710e682a48f0,97,JHG30_e99bfc939c6a,weak_train,-1,included_in_development_residue_labels
MD__3ono_A,md_ired,3ono_A,3ono,A,b53f4ab702f811997def425d9a57e29b8d46da293632be6fed4e687800721861,214,JHG30_387a95b55812,protected_md_test_metadata_only,-1,protected_evaluation_metadata_only
MD__3ooi_A,md_ired,3ooi_A,3ooi,A,749a9ffa2e7ce0fc6a6ab1c752249e25492ed09d46c9586580b3f1646d96214d,232,JHG30_9cb26b553088,weak_train,-1,included_in_development_residue_labels
MD__3ouf_A,md_ired,3ouf_A,3ouf,A,e05c8a2505c3626b4b7e992e78dd1e3cea579ea7462126064ed4c2c2bd0c8c4f,97,JHG30_ba5738f103f5,weak_train,-1,included_in_development_residue_labels
MD__3ouf_B,md_ired,3ouf_B,3ouf,B,e05c8a2505c3626b4b7e992e78dd1e3cea579ea7462126064ed4c2c2bd0c8c4f,97,JHG30_ba5738f103f5,weak_train,-1,included_in_development_residue_labels
MD__3ov5_A,md_ired,3ov5_A,3ov5,A,32bd5d50f0fb797af825907ea24cf0746495fd5e6aa71592d09c93b0c9b0e34d,85,JHG30_87df4540e063,weak_train,-1,included_in_development_residue_labels
MD__3owt_A,md_ired,3owt_A,3owt,A,1ddf343edbd764110b995a23570165efce7a02289c898bcfdf8a349039915811,157,JHG30_07763a42f4f7,weak_train,-1,included_in_development_residue_labels
MD__3owt_B,md_ired,3owt_B,3owt,B,1ddf343edbd764110b995a23570165efce7a02289c898bcfdf8a349039915811,157,JHG30_07763a42f4f7,weak_train,-1,included_in_development_residue_labels
MD__3oxp_A,md_ired,3oxp_A,3oxp,A,790455cfe2e23e640e0d5642c2fc497e030b19ca8f3b89af2074d3e70d7eedd9,150,JHG30_17d3efff0b4e,weak_train,-1,included_in_development_residue_labels
MD__3p3g_A,md_ired,3p3g_A,3p3g,A,99a399e1ff9b8cba6808d813f82bb3f41e09776d8cf4525ba300fd1279aacc41,300,JHG30_0624eafd0395,weak_train,-1,included_in_development_residue_labels
MD__3p3v_B,md_ired,3p3v_B,3p3v,B,248c228ee37faa43fa0cb90a388cd271ec6f367e7285fb591a6d324939acabf5,163,JHG30_2738e934934b,weak_train,-1,included_in_development_residue_labels
MD__3p4h_A,md_ired,3p4h_A,3p4h,A,46f37b2bd20ec8fcbae1135ae6fa69ccca9487ffa3e4b2a64346a173fb86f2da,118,JHG30_889b7d109611,weak_train,-1,included_in_development_residue_labels
MD__3pes_A,md_ired,3pes_A,3pes,A,83826899ca9d32ee3d64a2e35c84b991ab8996515d2bd5a389201c989a91dc4d,85,JHG30_cf89e429db98,weak_train,-1,included_in_development_residue_labels
MD__3pes_B,md_ired,3pes_B,3pes,B,83826899ca9d32ee3d64a2e35c84b991ab8996515d2bd5a389201c989a91dc4d,85,JHG30_cf89e429db98,weak_train,-1,included_in_development_residue_labels
MD__3pf6_A,md_ired,3pf6_A,3pf6,A,733b0756828365424cbe022495b7f3d6f969cb7dba9ff925266cbd1a50d7b87b,62,JHG30_ca26dc7297b2,weak_train,-1,included_in_development_residue_labels
MD__3pf6_C,md_ired,3pf6_C,3pf6,C,733b0756828365424cbe022495b7f3d6f969cb7dba9ff925266cbd1a50d7b87b,62,JHG30_ca26dc7297b2,weak_train,-1,included_in_development_residue_labels
MD__3pjy_B,md_ired,3pjy_B,3pjy,B,234665847d27a15b510a6f9a01cd54922d40aa745be3d39ab97d87c502637719,136,JHG30_7482ca3b6dca,weak_train,-1,included_in_development_residue_labels
MD__3pkz_A,md_ired,3pkz_A,3pkz,A,4348858dbb971a505754069ebddc22b60b434742563b1a4512d3679111eabb5c,124,JHG30_be471fe88e21,weak_train,-1,included_in_development_residue_labels
MD__3pkz_B,md_ired,3pkz_B,3pkz,B,4348858dbb971a505754069ebddc22b60b434742563b1a4512d3679111eabb5c,124,JHG30_be471fe88e21,weak_train,-1,included_in_development_residue_labels
MD__3po8_A,md_ired,3po8_A,3po8,A,14f989630e222d2e212ac65f0b8ff5205d5aa01085118b2dfc13412cbb04bcb5,100,JHG30_51ca7d915b8f,weak_train,-1,included_in_development_residue_labels
MD__3pvh_A,md_ired,3pvh_A,3pvh,A,849aab34e5f6b924022c0861ef7755c89cd9961b25f6afe2101825dbcf5ff97b,153,JHG30_049c73b0a7ce,weak_train,-1,included_in_development_residue_labels
MD__3q1n_A,md_ired,3q1n_A,3q1n,A,2c39e7d52a8a3ba2eb6ef65c81b6a7b1ddf69b63d0f1cd786cd21a7f928d7454,294,JHG30_5bc070ab83a0,weak_train,-1,included_in_development_residue_labels
MD__3q1p_A,md_ired,3q1p_A,3q1p,A,60bd889abd97ca0c04050eb05f6ac2b7b73f9a4797b7a5eb01bd9cb6bad33dfe,205,JHG30_63c502b0be27,weak_train,-1,included_in_development_residue_labels
MD__3qra_A,md_ired,3qra_A,3qra,A,25a2f21ee8a68da1656cb8e997d6f1c074cbc0772daeedf7e63b95dad63ff83c,157,JHG30_3daadb1f2e5e,protected_md_test_metadata_only,-1,protected_evaluation_metadata_only
MD__3rjs_A,md_ired,3rjs_A,3rjs,A,10380612462d0f58835ad69f2a387738331d2b09ef0039c5061464bb8a38687e,89,JHG30_fa362a55081a,weak_train,-1,included_in_development_residue_labels
MD__3rmq_A,md_ired,3rmq_A,3rmq,A,bd8c82dcf2b59fd8e2de782af4990dc7c45e5ae5109beb14f870b87102b69615,116,JHG30_6a79ef4c6ed0,weak_train,-1,included_in_development_residue_labels
MD__3rt4_A,md_ired,3rt4_A,3rt4,A,315718e5ab77454613c02bd88bb3459f3e4a25ff67bff464611ae5133c76d5b9,171,JHG30_89e648d48b99,weak_train,-1,included_in_development_residue_labels
MD__3rxy_A,md_ired,3rxy_A,3rxy,A,06ebc82b7191d920b5d6f5f9c14e7f938491c0fceb61f590e6d457cfd233643e,278,JHG30_c8362c53da7a,weak_train,-1,included_in_development_residue_labels
MD__3rzn_A,md_ired,3rzn_A,3rzn,A,7ade6ae29c3be56c180aae65646a6f2703373483b2e1a901e893b353af927559,209,JHG30_95ec72a27ce1,weak_train,-1,included_in_development_residue_labels
MD__3shg_B,md_ired,3shg_B,3shg,B,e56d360d4f0666a545e50f83624cd7e91f49f4124dbaf4cab55b440b0b219052,61,JHG30_fc367bd7df18,weak_train,-1,included_in_development_residue_labels
MD__3sol_A,md_ired,3sol_A,3sol,A,f63c19203a3c6fc71fb0e78a3e6435f081d7a002c34027534b094c54f12791de,94,JHG30_769c134e850b,weak_train,-1,included_in_development_residue_labels
MD__3st1_A,md_ired,3st1_A,3st1,A,218868c86d54f15fe78f35540cca84be5c745419f8bcc65d106e95f9e660d05f,214,JHG30_fd469d0d21ac,weak_validation,-1,included_in_development_residue_labels
MD__3svi_A,md_ired,3svi_A,3svi,A,240a514aac8fba03b3d2193f6279dbc2620f74676ab54aa53f587311cb74397b,83,JHG30_20bdc889fd12,weak_train,-1,included_in_development_residue_labels
MD__3sws_E,md_ired,3sws_E,3sws,E,e5257350e6c93ca4d8bcc0f0a76d526b8688eccadfb45a23b1e375af8b5547de,137,JHG30_3fb2156a6489,weak_train,-1,included_in_development_residue_labels
MD__3sxk_B,md_ired,3sxk_B,3sxk,B,9da74102596c0e43b5f3874d52881fa4bdd2e933c748e0baae7bc72cf9f75406,140,JHG30_e4afc013923e,weak_train,-1,included_in_development_residue_labels
MD__3t4r_A,md_ired,3t4r_A,3t4r,A,dc9cc251c3e6f5ca09ff14221bfc35449934e80003977fac443d816507134124,81,JHG30_327d1c091f11,weak_train,-1,included_in_development_residue_labels
MD__3t7z_A,md_ired,3t7z_A,3t7z,A,f0c5fbf8bccde3172d63ddca0029405a4d27dc9a678b8db31dac1155d518f435,119,JHG30_a5f9f5ed8949,weak_train,-1,included_in_development_residue_labels
MD__3tbn_A,md_ired,3tbn_A,3tbn,A,b41888321479be7a214deb5bfc5ecd34ab317255062e0976a816e2efd326a4fc,87,JHG30_c10b990fdfff,weak_train,-1,included_in_development_residue_labels
MD__3tdt_A,md_ired,3tdt_A,3tdt,A,0dc114aaa2c400a65fcf8f48daac0d9078f87e6084a5b2583478c20d7f7ded41,274,JHG30_2af886de1eda,protected_md_test_metadata_only,-1,protected_evaluation_metadata_only
MD__3tee_A,md_ired,3tee_A,3tee,A,5efb7a02f5f840c5f7a1d79ac460b514d56b7e57e1f9930a55f8de4731843f7b,219,JHG30_aacdee3dd4e3,weak_train,-1,included_in_development_residue_labels
MD__3ti2_A,md_ired,3ti2_A,3ti2,A,f2cb08b0cd2c05b1661a28aa02f503c4f60b59b04dd8b8a872b08ea09b6aae0a,228,JHG30_e3b5c864365e,weak_train,-1,included_in_development_residue_labels
MD__3tkk_A,md_ired,3tkk_A,3tkk,A,fe7eb30881f4a9237cd8de1c25da769e16cdf0f2edebfc1382008004f92f5933,301,JHG30_3f59aa53e5e7,weak_train,-1,included_in_development_residue_labels
MD__3tvj_I,md_ired,3tvj_I,3tvj,I,263414f30b4d96f2063fd99ae52fafc290c06db138dba7f5750d68e3663e5f46,38,JHG30_14ad1e3de48e,weak_train,-1,included_in_development_residue_labels
MD__3txs_B,md_ired,3txs_B,3txs,B,aaf6374b08326d6cc53a4729460234b59e12a272323bd77650aebd23366a61ff,94,JHG30_984d5912068a,weak_train,-1,included_in_development_residue_labels
MD__3txs_C,md_ired,3txs_C,3txs,C,aaf6374b08326d6cc53a4729460234b59e12a272323bd77650aebd23366a61ff,94,JHG30_984d5912068a,weak_train,-1,included_in_development_residue_labels
MD__3u5v_A,md_ired,3u5v_A,3u5v,A,fb9971c3a55416f7343ccd8a712a550aac7041c72130dcd2f59419c058377000,76,JHG30_ae9da166cf34,weak_validation,-1,included_in_development_residue_labels
MD__3u7t_A,md_ired,3u7t_A,3u7t,A,ef9ea8f822d7c26debbc4e3923e167f753455563e46d045a79c0531cd10fba49,46,JHG30_5ebf8e821e0d,weak_train,-1,included_in_development_residue_labels
MD__3u9g_A,md_ired,3u9g_A,3u9g,A,e88a6ce5923a35224ea5f75816377e2890914059365af3b79b8d858d1106d220,229,JHG30_0c5aa350ce0c,weak_train,-1,included_in_development_residue_labels
MD__3ueb_C,md_ired,3ueb_C,3ueb,C,d06b88fca6d66d0b8b2bf9ddc5ff25ab5baa8e69b98230cab219796f3ed5537b,110,JHG30_59a18ea2a9fd,weak_train,-1,included_in_development_residue_labels
MD__3ueb_E,md_ired,3ueb_E,3ueb,E,d06b88fca6d66d0b8b2bf9ddc5ff25ab5baa8e69b98230cab219796f3ed5537b,110,JHG30_59a18ea2a9fd,weak_train,-1,included_in_development_residue_labels
MD__3ush_A,md_ired,3ush_A,3ush,A,db26840b0c967c8191147a330102333a6bf47b0452fb15fd07f3adc00a12fd2a,129,JHG30_5fdc9a042601,weak_validation,-1,included_in_development_residue_labels
MD__3ush_B,md_ired,3ush_B,3ush,B,db26840b0c967c8191147a330102333a6bf47b0452fb15fd07f3adc00a12fd2a,129,JHG30_5fdc9a042601,weak_validation,-1,included_in_development_residue_labels
MD__3v0r_A,md_ired,3v0r_A,3v0r,A,d80513b10c6257c4afc6079b29cf4359d31cc5ad36aa4638671cbfe78b83d560,133,JHG30_dcb32d5ed365,weak_train,-1,included_in_development_residue_labels
MD__3v3l_A,md_ired,3v3l_A,3v3l,A,e59b1fe138798dacc20705a67975c30fa7d1ba52fa44604e7e2f2b6d46022c06,85,JHG30_289f3bc72181,protected_md_test_metadata_only,-1,protected_evaluation_metadata_only
MD__3v68_A,md_ired,3v68_A,3v68,A,a64be94108e378c01b0618f8389b7e52d20cc8d509a3a678955610f6c1413c74,252,JHG30_f1f141f7a687,weak_train,-1,included_in_development_residue_labels
MD__3vc8_A,md_ired,3vc8_A,3vc8,A,d7e743594b0d1dc63fa88c17d4236b4436e76d1efa44e18fb5a5c8ccab49d8f9,94,JHG30_d992241c3f2c,weak_train,-1,included_in_development_residue_labels
MD__3vc8_B,md_ired,3vc8_B,3vc8,B,d7e743594b0d1dc63fa88c17d4236b4436e76d1efa44e18fb5a5c8ccab49d8f9,94,JHG30_d992241c3f2c,weak_train,-1,included_in_development_residue_labels
MD__3vej_B,md_ired,3vej_B,3vej,B,dc4c4c47742d1e069e63e2807633da5a091e55daf38f3771e382f9a20344da45,41,JHG30_0c5c07f74691,weak_train,-1,included_in_development_residue_labels
MD__3vgp_A,md_ired,3vgp_A,3vgp,A,502ab6c4487318ac929e3b2746c7ee1bdd4add108357a8cda237e4887c478f61,164,JHG30_294aa6f9cea8,weak_validation,-1,included_in_development_residue_labels
MD__3vhj_A,md_ired,3vhj_A,3vhj,A,d19a4ab8233201876e6daeb760a044cd1fd3092d3611aecf2c435d75b4824893,172,JHG30_b0f3faea0d87,weak_train,-1,included_in_development_residue_labels
MD__3vjz_A,md_ired,3vjz_A,3vjz,A,fe720d4c17b37712fa69ec87e52d656e0afa6462945cbba1e73c403297e56cf0,166,JHG30_d5a129da8679,weak_train,-1,included_in_development_residue_labels
MD__3vnb_A,md_ired,3vnb_A,3vnb,A,b36cb880b11f4ba9b900d705b90f7fd20dbc6fd24f8e4a15232973f049468d1b,155,JHG30_5eaebdec4b02,weak_train,-1,included_in_development_residue_labels
MD__3vor_A,md_ired,3vor_A,3vor,A,fea96637ca6893ee3a93cb083cd92b3efd1b050ccdb6f915d417d8bff1b00cb6,182,JHG30_a5deb72c3303,weak_train,-1,included_in_development_residue_labels
MD__3vu0_B,md_ired,3vu0_B,3vu0,B,fe4d421880c78c0093ed2a41b9dd1c6e76fbe6d34e872fe2db5835141501e269,162,JHG30_294aa6f9cea8,weak_validation,-1,included_in_development_residue_labels
MD__3w1o_A,md_ired,3w1o_A,3w1o,A,69556e04a1af84ab8164616ab85879eea43593c1375b3145f51572a24148009b,119,JHG30_3cb2146f2a21,weak_train,-1,included_in_development_residue_labels
MD__3whj_A,md_ired,3whj_A,3whj,A,88d339c9fba427ed27f95b931c039ef95e43f77779097ddbb46c2be24fcfed3b,122,JHG30_4acfc3815060,weak_train,-1,included_in_development_residue_labels
MD__3wur_B,md_ired,3wur_B,3wur,B,753e8985585867111ccbe619e036aa7b3a45eb00ff2d7299ce72e7e41dc3354c,171,JHG30_d5a129da8679,weak_train,-1,included_in_development_residue_labels
MD__3wvz_A,md_ired,3wvz_A,3wvz,A,93c9dd45d45227df387d4443b52cc870f2a2ae406644b0a572225be3eb19cf5f,201,JHG30_7302fbc344e4,weak_train,-1,included_in_development_residue_labels
MD__3wx4_A,md_ired,3wx4_A,3wx4,A,f45728898ce2d8c415b5dd473247eeea52f8fd78bb304573757d75fd69dafb1a,100,JHG30_4556599fd5eb,weak_train,-1,included_in_development_residue_labels
MD__3x0g_A,md_ired,3x0g_A,3x0g,A,d89494f9ec4f129cd4a69969fed90ade89165e7ce98a883797fbc30fab87d344,93,JHG30_2853715e552f,weak_train,-1,included_in_development_residue_labels
MD__3x38_B,md_ired,3x38_B,3x38,B,ee0d6eda489ea258551c7932ba5e0f09899318543ff2489c713b6915f9e69088,89,JHG30_85d0009e1598,weak_train,-1,included_in_development_residue_labels
MD__3zcb_B,md_ired,3zcb_B,3zcb,B,0f8886f7350ac61216f5fbd3ec23675b7e41cbc132f7543eaab10be40470594e,62,JHG30_fc367bd7df18,weak_train,-1,included_in_development_residue_labels
MD__3zdm_A,md_ired,3zdm_A,3zdm,A,0cece1d630bd4c5399ec508027b1fade9442ce095f3fc7483d5de8c95045d0ad,72,JHG30_3b9cbd7f7aba,weak_train,-1,included_in_development_residue_labels
MD__3zfn_A,md_ired,3zfn_A,3zfn,A,9e24545155ab0ceb09f09ce94e091102e740af1670848028c03c72ee6d0170bf,148,JHG30_1e9020112f47,weak_train,-1,included_in_development_residue_labels
MD__3zfp_A,md_ired,3zfp_A,3zfp,A,bd715d6dfd42d75972f00708b5fa917004f9a518e27b3f6bbf0f8a69d673353f,148,JHG30_1e9020112f47,weak_train,-1,included_in_development_residue_labels
MD__3zoq_B,md_ired,3zoq_B,3zoq,B,40a78cee8ca6fab67478e61b371bf42ab1feeccd2ddde25502202aa794db1ebc,56,JHG30_a683ac1bac28,weak_train,-1,included_in_development_residue_labels
MD__3zoq_C,md_ired,3zoq_C,3zoq,C,40a78cee8ca6fab67478e61b371bf42ab1feeccd2ddde25502202aa794db1ebc,56,JHG30_a683ac1bac28,weak_train,-1,included_in_development_residue_labels
MD__3zr8_X,md_ired,3zr8_X,3zr8,X,a2b9e2156ecee8b7ebd12e2528de47d09180345a34d1d4d9afe6dc87c61e4db0,65,JHG30_7d9e19cce852,weak_train,-1,included_in_development_residue_labels
MD__3zrg_B,md_ired,3zrg_B,3zrg,B,23f72b9794292146587535ba8c6c482e3af5060cd085e6f7a415b025d2f2a402,67,JHG30_b2d131645441,weak_train,-1,included_in_development_residue_labels
MD__3zzo_A,md_ired,3zzo_A,3zzo,A,7f89e855e1d3416823cae9fcd4368f3ccc2ee1991d3894a4f592cfe6de133c6b,95,JHG30_e4114cd15d15,protected_md_test_metadata_only,-1,protected_evaluation_metadata_only
MD__3zzr_A,md_ired,3zzr_A,3zzr,A,7f89e855e1d3416823cae9fcd4368f3ccc2ee1991d3894a4f592cfe6de133c6b,95,JHG30_e4114cd15d15,protected_md_test_metadata_only,-1,protected_evaluation_metadata_only
MD__4a1k_A,md_ired,4a1k_A,4a1k,A,ae4e229383d6d5e3068520f57fb2241d41da35537db9290f15e57db447b6f5db,165,JHG30_6011dae5026d,weak_train,-1,included_in_development_residue_labels
MD__4a56_A,md_ired,4a56_A,4a56,A,0b812c25764a2b70eedb2f7880cbff1553a906d2e53c955b4f970f2ff4ed8b63,93,JHG30_769c134e850b,weak_train,-1,included_in_development_residue_labels
MD__4adn_A,md_ired,4adn_A,4adn,A,aa54f8c346050b9bb7751e4871e2de0ecded2d62601cbda641296dc156d92ce5,222,JHG30_4e9fd93ba586,weak_train,-1,included_in_development_residue_labels
MD__4b2f_A,md_ired,4b2f_A,4b2f,A,63766e9dcc995722e42e62b3615a892c4c94f4d569e5b8b6915461b041ee17cc,214,JHG30_1a6415a4b903,weak_train,-1,included_in_development_residue_labels
MD__4b6i_D,md_ired,4b6i_D,4b6i,D,749028b48696248729f99ff9e33a073936d2d169d0423891855da048a9163d4f,102,JHG30_6bda945b4f05,weak_train,-1,included_in_development_residue_labels
MD__4bgp_A,md_ired,4bgp_A,4bgp,A,f942682ab8b5b0d5e755a368dd0e664e575a9299e111ecf245898e70cfaac80c,236,JHG30_14b4251b9ac2,weak_train,-1,included_in_development_residue_labels
MD__4byz_A,md_ired,4byz_A,4byz,A,2534c40135f71c1dd6c37ae1b2ad841d488bfef8aecd5aa954218c4cda4ebbeb,194,JHG30_8ecaa13beb4e,weak_train,-1,included_in_development_residue_labels
MD__4cbe_A,md_ired,4cbe_A,4cbe,A,59a2f3c1b89a523cd5b4b0ba5f997df08980943c79a2707e1d59a5ca07b34a42,218,JHG30_cd49eb03902c,protected_md_test_metadata_only,-1,protected_evaluation_metadata_only
MD__4csb_A,md_ired,4csb_A,4csb,A,35f191504d7f50e3a976f2b4af79bdf266a6139599e4cc5b1620d40a8c54a35c,124,JHG30_4236c33f1f31,protected_md_test_metadata_only,-1,protected_evaluation_metadata_only
MD__4cv4_A,md_ired,4cv4_A,4cv4,A,f72db8ec80460fa570187fc743fa439ae65eaa4dbebf784a40c46f0225ff889d,133,JHG30_16429462dd3d,weak_train,-1,included_in_development_residue_labels
MD__4cv7_A,md_ired,4cv7_A,4cv7,A,e502fc06dcf61486bcd24012b35a201441731b8a34598828ba107747319ddb9a,113,JHG30_4236c33f1f31,protected_md_test_metadata_only,-1,protected_evaluation_metadata_only
MD__4dlh_B,md_ired,4dlh_B,4dlh,B,5b772abda1fbdd9bcf4e97cd2e9a36fd7a17fcad6d81a8335e9d4af42971e155,197,JHG30_8564c45ab12b,weak_train,-1,included_in_development_residue_labels
MD__4dok_A,md_ired,4dok_A,4dok,A,8d00438518abb9ef3f72d186ab9ded06ad16e611035d790e58102adcda8aecba,208,JHG30_9eef8e686245,weak_train,-1,included_in_development_residue_labels
MD__4dol_A,md_ired,4dol_A,4dol,A,f01cc68ecf5a79ee29de08e9faabbe77241c1fc9bbb3258e60253c04a6599f08,217,JHG30_f41cbcf7b885,weak_train,-1,included_in_development_residue_labels
MD__4e1p_A,md_ired,4e1p_A,4e1p,A,facd21958f94fb2b2d2c00875583efaa632b1ead7f200dc0a09bdb3c2bc66d14,61,JHG30_ade9efde4e28,weak_train,-1,included_in_development_residue_labels
MD__4e1p_B,md_ired,4e1p_B,4e1p,B,facd21958f94fb2b2d2c00875583efaa632b1ead7f200dc0a09bdb3c2bc66d14,61,JHG30_ade9efde4e28,weak_train,-1,included_in_development_residue_labels
MD__4e5r_A,md_ired,4e5r_A,4e5r,A,d28d90af142003f2a46db2971ed471717975f13ba1507a1cd18026ca95cb6063,56,JHG30_f7ab8edfe751,weak_train,-1,included_in_development_residue_labels
MD__4ea9_A,md_ired,4ea9_A,4ea9,A,8b197cee9540575a92c9fe4b6457151b54653a0d47dc3040ad57545a7f05b0a3,220,JHG30_6ffdd6749d03,weak_train,-1,included_in_development_residue_labels
MD__4ebg_A,md_ired,4ebg_A,4ebg,A,ac44d7dc2cbc8bc46707dae4494cafdca11b933ca36295f41b407fb8b7bbe23b,101,JHG30_32c55d262696,weak_train,-1,included_in_development_residue_labels
MD__4ebg_B,md_ired,4ebg_B,4ebg,B,ac44d7dc2cbc8bc46707dae4494cafdca11b933ca36295f41b407fb8b7bbe23b,101,JHG30_32c55d262696,weak_train,-1,included_in_development_residue_labels
MD__4eo1_A,md_ired,4eo1_A,4eo1,A,d3d4b4121a43fd4997c4aeeb9882378342b8044f1551aa314b8061186fe55551,70,JHG30_80fe44686afe,weak_train,-1,included_in_development_residue_labels
MD__4erv_A,md_ired,4erv_A,4erv,A,d9921a38e33b6020cfc6c49ff0e00567d695312b6fdfdb279bba309d434a068c,207,JHG30_e4ec2ade91df,weak_train,-1,included_in_development_residue_labels
MD__4ew5_A,md_ired,4ew5_A,4ew5,A,91da77d818875c4f91d5982f5f68c21fc5ea611b873db1cb3bc83ca0f49e2452,102,JHG30_f4c95056421d,weak_validation,-1,included_in_development_residue_labels
MD__4ew5_B,md_ired,4ew5_B,4ew5,B,91da77d818875c4f91d5982f5f68c21fc5ea611b873db1cb3bc83ca0f49e2452,102,JHG30_f4c95056421d,weak_validation,-1,included_in_development_residue_labels
MD__4exo_A,md_ired,4exo_A,4exo,A,a14ec9ac9bf2a845a0841fb5f6a599cf5b099374f41d46ad9873d664fb5f4fe1,146,JHG30_46ffd1fb0b41,weak_train,-1,included_in_development_residue_labels
MD__4f55_A,md_ired,4f55_A,4f55,A,ad10f3fc88c52a58d2fcb4c84827e2cbb001b12b52508233092a0411127c1e5e,128,JHG30_f11f59f40dc1,protected_md_test_metadata_only,-1,protected_evaluation_metadata_only
MD__4f87_A,md_ired,4f87_A,4f87,A,d9b1e97b09074d309e8fd1195e0691d7cb60d2b96b5d0c70a818268bca125224,72,JHG30_e6e2f64f4a6f,weak_train,-1,included_in_development_residue_labels
MD__4f98_A,md_ired,4f98_A,4f98,A,60c5bbeff39c91144cdfd54d4301d317a8255d1ff453a9de5d3e2bb889d08703,69,JHG30_276b493acc11,weak_train,-1,included_in_development_residue_labels
MD__4fbs_A,md_ired,4fbs_A,4fbs,A,7462705c07655b5354f514e443784fa62133b8771bf64e189ea336802e3a7aed,137,JHG30_4243d3d82882,protected_md_test_metadata_only,-1,protected_evaluation_metadata_only
MD__4fch_B,md_ired,4fch_B,4fch,B,e0e82f55057cacec5f7b5cc8103b27a24f930ec2f93aa8db7aece29cf4f9002b,221,JHG30_ad86bfa0b0c4,weak_train,-1,included_in_development_residue_labels
MD__4fhr_B,md_ired,4fhr_B,4fhr,B,57ad4e74c079f686db3249ebdb5d4fddd36772fe372fa57693ee63bb8c5085a0,216,JHG30_62b714e26bfb,protected_md_test_metadata_only,-1,protected_evaluation_metadata_only
MD__4fqn_B,md_ired,4fqn_B,4fqn,B,bc0ac618915edaf9daf667d266239e4377453d2b6110bab90008b07b9b807e30,98,JHG30_09e911c55d68,weak_train,-1,included_in_development_residue_labels
MD__4ftf_A,md_ired,4ftf_A,4ftf,A,84755bea092b85c9b06551651adf991d3c1f0afd72318ed3cc1f5636ed1c8a72,112,JHG30_ad34d64f3b32,weak_train,-1,included_in_development_residue_labels
MD__4g6d_B,md_ired,4g6d_B,4g6d,B,35fde48feaf91f9b9ae5cf866f761638deabad9cea220d6da694ef5c816b2e3d,198,JHG30_2615ffdfeaae,weak_train,-1,included_in_development_residue_labels
MD__4g94_B,md_ired,4g94_B,4g94,B,35fde48feaf91f9b9ae5cf866f761638deabad9cea220d6da694ef5c816b2e3d,198,JHG30_2615ffdfeaae,weak_train,-1,included_in_development_residue_labels
MD__4geh_A,md_ired,4geh_A,4geh,A,76e2c1408b6f7dcefdb7468ce473ebd48efcb7b2cc20b52e04e42cba4e18f2ed,207,JHG30_29acc173357a,weak_train,-1,included_in_development_residue_labels
MD__4geh_C,md_ired,4geh_C,4geh,C,76e2c1408b6f7dcefdb7468ce473ebd48efcb7b2cc20b52e04e42cba4e18f2ed,207,JHG30_29acc173357a,weak_train,-1,included_in_development_residue_labels
MD__4gip_A,md_ired,4gip_A,4gip,A,28c2d24a2c8fafa4e2b250251664e8f1eb34ec635ba6e25a4694bc3db890ab8e,81,JHG30_fb8b55a12f07,weak_train,-1,included_in_development_residue_labels
MD__4gip_B,md_ired,4gip_B,4gip,B,28c2d24a2c8fafa4e2b250251664e8f1eb34ec635ba6e25a4694bc3db890ab8e,81,JHG30_fb8b55a12f07,weak_train,-1,included_in_development_residue_labels
MD__4gk9_A,md_ired,4gk9_A,4gk9,A,5c3f45967a03f1b14c8dacefd5b835228dfe1c5e8131c914013663ec4f7bd562,279,JHG30_e94b7edf5aa3,weak_train,-1,included_in_development_residue_labels
MD__4goe_A,md_ired,4goe_A,4goe,A,9eb0303701ee6995335c4973def5efde0df1202317ccc7f79356543fd737738b,52,JHG30_6d8c8eb5c83f,weak_train,-1,included_in_development_residue_labels
MD__4goq_A,md_ired,4goq_A,4goq,A,ae6ebe6ff523177ce27e57c844f2732c404b766f20f07ea2c8e9659c9a6c6198,110,JHG30_deba8a3dd736,protected_md_test_metadata_only,-1,protected_evaluation_metadata_only
MD__4goq_B,md_ired,4goq_B,4goq,B,ae6ebe6ff523177ce27e57c844f2732c404b766f20f07ea2c8e9659c9a6c6198,110,JHG30_deba8a3dd736,protected_md_test_metadata_only,-1,protected_evaluation_metadata_only
MD__4gvq_C,md_ired,4gvq_C,4gvq,C,47da0be8b838beb03e841f4a169a4ab3a7510b536c10bdc77fb0a5b0d3f8d85f,316,JHG30_90338340e793,weak_train,-1,included_in_development_residue_labels
MD__4h4n_A,md_ired,4h4n_A,4h4n,A,88527b8c9923d3482762093f0ab9052d959a474fcbf2add148aa58cb9fcbe7ea,67,JHG30_aa89f3786bb7,weak_train,-1,included_in_development_residue_labels
MD__4hfq_B,md_ired,4hfq_B,4hfq,B,0002b35bf51fa9ddabf19c8c7ee8bcc6d1e70e6b560d15ad21aa2da44e3e56f3,203,JHG30_63c502b0be27,weak_train,-1,included_in_development_residue_labels
MD__4hfv_A,md_ired,4hfv_A,4hfv,A,093d5dd77e8848c96dbbfb1419f7fe28c64b9fc1f7a6c361144d523a1e326922,190,JHG30_e2a4b242c60b,protected_md_test_metadata_only,-1,protected_evaluation_metadata_only
MD__4hkd_B,md_ired,4hkd_B,4hkd,B,8a4835e094097fc69e51124892af0053b4dbb02b5d7a0a8da2f85c80433d4676,53,JHG30_16ef6c7d282e,weak_validation,-1,included_in_development_residue_labels
MD__4hwx_A,md_ired,4hwx_A,4hwx,A,888edf42835ed33b3525f268e0171419a752150d210f8dfc25d70997d11b22cb,114,JHG30_ddbf6272bc00,protected_md_test_metadata_only,-1,protected_evaluation_metadata_only
MD__4iaj_A,md_ired,4iaj_A,4iaj,A,920ab7cd0ff8d3f4f9a6d21e1354c276a0ee28142ba5d5aa44a083779f30cc5d,78,JHG30_f8831110f0b4,weak_train,-1,included_in_development_residue_labels
MD__4iaj_B,md_ired,4iaj_B,4iaj,B,920ab7cd0ff8d3f4f9a6d21e1354c276a0ee28142ba5d5aa44a083779f30cc5d,78,JHG30_f8831110f0b4,weak_train,-1,included_in_development_residue_labels
MD__4j32_B,md_ired,4j32_B,4j32,B,230a65aa8d529ee379627e808621f19f9fcd79aafea877b146db1e2c9602ee5d,101,JHG30_4deb153555b4,weak_train,-1,included_in_development_residue_labels
MD__4j8c_A,md_ired,4j8c_A,4j8c,A,9a450564b90b69b70adb1386e913b60d82d56f76389d8e69a01c31f863a21e96,46,JHG30_dbc954ca97ad,weak_train,-1,included_in_development_residue_labels
MD__4j8c_B,md_ired,4j8c_B,4j8c,B,9a450564b90b69b70adb1386e913b60d82d56f76389d8e69a01c31f863a21e96,46,JHG30_dbc954ca97ad,weak_train,-1,included_in_development_residue_labels
MD__4jgi_A,md_ired,4jgi_A,4jgi,A,35efb310d50fc1001e55f0c414ad26a09c9766e1dd43656c8b671790dac097d4,211,JHG30_76e7b7cf7873,weak_train,-1,included_in_development_residue_labels
MD__4jgi_B,md_ired,4jgi_B,4jgi,B,35efb310d50fc1001e55f0c414ad26a09c9766e1dd43656c8b671790dac097d4,211,JHG30_76e7b7cf7873,weak_train,-1,included_in_development_residue_labels
MD__4jgn_A,md_ired,4jgn_A,4jgn,A,fefa7713a8350ac57a52c23323bd4d598dea42946d767d1cb124c6969a73d283,127,JHG30_92613a051d14,weak_train,-1,included_in_development_residue_labels
MD__4jmu_A,md_ired,4jmu_A,4jmu,A,acb5f2e681bceef272e1041268116a2b65c55a0080fb21c5791545c3d01f6368,112,JHG30_4730132c9d6f,weak_train,-1,included_in_development_residue_labels
MD__4jnu_A,md_ired,4jnu_A,4jnu,A,302ef55fd06915b1db6e054a35016fe79705eb40751401ec645349fd94298102,40,JHG30_e5f77b6f69b8,weak_validation,-1,included_in_development_residue_labels
MD__4jnu_B,md_ired,4jnu_B,4jnu,B,302ef55fd06915b1db6e054a35016fe79705eb40751401ec645349fd94298102,40,JHG30_e5f77b6f69b8,weak_validation,-1,included_in_development_residue_labels
MD__4jo7_A,md_ired,4jo7_A,4jo7,A,6def68855726394786cca36b530bd1ee75607d2566b99cdb29734c4450b6c8c2,89,JHG30_5f93a3dae9a1,weak_train,-1,included_in_development_residue_labels
MD__4jo7_C,md_ired,4jo7_C,4jo7,C,6def68855726394786cca36b530bd1ee75607d2566b99cdb29734c4450b6c8c2,89,JHG30_5f93a3dae9a1,weak_train,-1,included_in_development_residue_labels
MD__4jqu_B,md_ired,4jqu_B,4jqu,B,fa34e3d6e93c8522bff3cff36c1f7a51cb7eba10020305e76c2fba38f2bc024c,54,JHG30_a2048c65a9bd,weak_train,-1,included_in_development_residue_labels
MD__4kmn_A,md_ired,4kmn_A,4kmn,A,d51eabb7b7be5b1a53559e4240a7870c13d2619e9cced81203f0c3525e37f5b6,103,JHG30_bd8f86e32d02,weak_train,-1,included_in_development_residue_labels
MD__4koq_A,md_ired,4koq_A,4koq,A,08326813c86b8bcdb4943378cc763911b55f568b353ab06e79758290cb80de86,180,JHG30_87e85f804056,weak_train,-1,included_in_development_residue_labels
MD__4ksn_A,md_ired,4ksn_A,4ksn,A,33c183bf8214bbd32232a86b3258147307ce87bed2880cedacfe607879a06942,78,JHG30_eb163e118eb8,weak_validation,-1,included_in_development_residue_labels
MD__4ksn_C,md_ired,4ksn_C,4ksn,C,33c183bf8214bbd32232a86b3258147307ce87bed2880cedacfe607879a06942,78,JHG30_eb163e118eb8,weak_validation,-1,included_in_development_residue_labels
MD__4ljo_A,md_ired,4ljo_A,4ljo,A,54ad163e854d05c0c2fa792e8a6c1b7920dfb66a0eeb3b22abd7fd2e327870ee,223,JHG30_c11990ca4fb7,protected_md_test_metadata_only,-1,protected_evaluation_metadata_only
MD__4lpq_A,md_ired,4lpq_A,4lpq,A,4e6b970bacaeb25ebef1ab6d80494416eab63a50ab6ca646022f9011d5634fcd,207,JHG30_0371671c7522,weak_train,-1,included_in_development_residue_labels
MD__4lq4_A,md_ired,4lq4_A,4lq4,A,b6e226cec49c2307b9da9ded8c182b500c6d403feab876def441de31fc3b46a3,211,JHG30_5c11a597cba2,protected_md_test_metadata_only,-1,protected_evaluation_metadata_only
MD__4m0q_A,md_ired,4m0q_A,4m0q,A,ce299a7d3f0f6ec523edc68de66c6e1117bb443559533fd44f3df75f9a1f2559,230,JHG30_d29d5af88e28,weak_train,-1,included_in_development_residue_labels
MD__4m0q_B,md_ired,4m0q_B,4m0q,B,ce299a7d3f0f6ec523edc68de66c6e1117bb443559533fd44f3df75f9a1f2559,230,JHG30_d29d5af88e28,weak_train,-1,included_in_development_residue_labels
MD__4m62_S,md_ired,4m62_S,4m62,S,1586735bfd280450e632ff70cd2979ab59ad94374cb6adb6040fa22796a0372b,155,JHG30_f4a17c60eb36,weak_train,-1,included_in_development_residue_labels
MD__4mmj_A,md_ired,4mmj_A,4mmj,A,ed408e9265e4ab71321b977222f47211512d9b9603445b82c3f498bf15886539,95,JHG30_068b752ca36f,weak_validation,-1,included_in_development_residue_labels
MD__4myy_A,md_ired,4myy_A,4myy,A,9a23f16aec026e777bc7466cc9d6da514a7d348e953f744dccf905cacbee4797,85,JHG30_a9e9470caaaa,weak_train,-1,included_in_development_residue_labels
MD__4mzv_A,md_ired,4mzv_A,4mzv,A,7e89d740069e1f4b59513e747b5f8dcf0cc197f09044fa87284d9f4e27ad5f81,248,JHG30_088a43bcafed,weak_train,-1,included_in_development_residue_labels
MD__4n67_A,md_ired,4n67_A,4n67,A,7f52052b2146d7e580528fa3e97ccdafcebfb745e7f97eeabd24ca307da748d3,227,JHG30_a56ea0656827,weak_train,-1,included_in_development_residue_labels
MD__4n7w_A,md_ired,4n7w_A,4n7w,A,68768b33fbd3e7f08894f48c692b0e79ef7b04d67eefdb28599add5c11a05265,307,JHG30_1dbd43e88b20,protected_md_test_metadata_only,-1,protected_evaluation_metadata_only
MD__4n7w_B,md_ired,4n7w_B,4n7w,B,68768b33fbd3e7f08894f48c692b0e79ef7b04d67eefdb28599add5c11a05265,307,JHG30_1dbd43e88b20,protected_md_test_metadata_only,-1,protected_evaluation_metadata_only
MD__4ndt_A,md_ired,4ndt_A,4ndt,A,5863980f5a3ae26ac1250be33898bb2990c792f69450589c6941e947cd4a47f0,94,JHG30_709b82398f31,weak_train,-1,included_in_development_residue_labels
MD__4npd_A,md_ired,4npd_A,4npd,A,f753ff3c4b9f11e9895e5929709dfdee97cc543020be6a6edc8d08d9e373f9fd,58,JHG30_1762f396a3ee,weak_train,-1,included_in_development_residue_labels
MD__4ny3_A,md_ired,4ny3_A,4ny3,A,8480a5ab395754a369a8c0bb96caac2d1ed83ecebcefd903e64f56a3768c665b,304,JHG30_0975099c13c3,weak_train,-1,included_in_development_residue_labels
MD__4o66_C,md_ired,4o66_C,4o66,C,520f2a03635119a334960a555286f350e820714c3e7b25396818d80a003bdc97,76,JHG30_c86474e6336a,weak_train,-1,included_in_development_residue_labels
MD__4o66_D,md_ired,4o66_D,4o66,D,520f2a03635119a334960a555286f350e820714c3e7b25396818d80a003bdc97,76,JHG30_c86474e6336a,weak_train,-1,included_in_development_residue_labels
MD__4o6g_A,md_ired,4o6g_A,4o6g,A,9f3420011d72f4c5c7d8b6c4c858e719971457704911806c82ead276edcbd723,174,JHG30_f3d3f4917553,weak_train,-1,included_in_development_residue_labels
MD__4o6q_A,md_ired,4o6q_A,4o6q,A,1bd764367084f7280384b482ff3e125859cb403959f84f41eb0af4c12016183f,184,JHG30_d50c683a5f4b,weak_train,-1,included_in_development_residue_labels
MD__4o7j_B,md_ired,4o7j_B,4o7j,B,7de46a6d2c88db19976c62f9d43f66ebe7717da28730e038a95937086031f966,163,JHG30_888fee7c4db7,weak_train,-1,included_in_development_residue_labels
MD__4oa3_A,md_ired,4oa3_A,4oa3,A,cd37df6357c470b18b1bcfe5e161b09f2779725d2f665862da30e35a72dad9b8,146,JHG30_8e32b0153a9f,weak_train,-1,included_in_development_residue_labels
MD__4obi_A,md_ired,4obi_A,4obi,A,7a0d89ba7e6c8f435e343f9e2c4dcc1b39e2c424182babe71074c6312315e110,106,JHG30_382d8aba3b6e,weak_train,-1,included_in_development_residue_labels
MD__4oe9_A,md_ired,4oe9_A,4oe9,A,ad6311665da12994a6e5e623a6bed93fb9263c17bc14880f2314e7cd0f61eb9e,121,JHG30_b2b3f42deea9,weak_train,-1,included_in_development_residue_labels
MD__4oe9_B,md_ired,4oe9_B,4oe9,B,ad6311665da12994a6e5e623a6bed93fb9263c17bc14880f2314e7cd0f61eb9e,121,JHG30_b2b3f42deea9,weak_train,-1,included_in_development_residue_labels
MD__4oie_A,md_ired,4oie_A,4oie,A,6210e8211a7c8ab6aec1eed2d4ed55e79aacc01a5ed3f5c964e21b46f1e67954,185,JHG30_8d4c2626b947,weak_train,-1,included_in_development_residue_labels
MD__4ok9_A,md_ired,4ok9_A,4ok9,A,35b43275e15a4c5b41e95b6751aa410ae55b1073940b466d330b5939dfe3cc98,149,JHG30_d2d9cd570a08,weak_train,-1,included_in_development_residue_labels
MD__4omf_B,md_ired,4omf_B,4omf,B,d498f97f496c1ba147c7906d76b966bd95697396a62d6e8dadfba2fdfd136bdc,281,JHG30_3f5523631fcf,weak_train,-1,included_in_development_residue_labels
MD__4oxw_A,md_ired,4oxw_A,4oxw,A,c1e4cb8d56ef2542b9f3de84c76d6c8995d91315397e5f327d49110adc93ea2e,119,JHG30_1e524d473c4b,weak_train,-1,included_in_development_residue_labels
MD__4p3a_B,md_ired,4p3a_B,4p3a,B,8648448e84f1ca0c2c59dba13982a0d7586dafe8bcc676564a82311b03c9754c,79,JHG30_496313023099,weak_validation,-1,included_in_development_residue_labels
MD__4p3x_A,md_ired,4p3x_A,4p3x,A,79d6a7719372c0d0c423ff0acaf2e1d81654860f137766b0120cb103ef262f6d,305,JHG30_ff9f8f7f5dfa,weak_train,-1,included_in_development_residue_labels
MD__4p7x_A,md_ired,4p7x_A,4p7x,A,0ad7187430eb174ae2d6fbd6be511665226f0eb80c4128ba69dcb76fd786ec39,292,JHG30_da7005020b10,weak_train,-1,included_in_development_residue_labels
MD__4pfx_A,md_ired,4pfx_A,4pfx,A,4d758c39f3ae9377cee4714a79466c60f2f3d4a706fbe49500934ea05ff55c87,277,JHG30_dee8fdb6a3ec,weak_train,-1,included_in_development_residue_labels
MD__4phr_A,md_ired,4phr_A,4phr,A,233378e88d0785735a4cf87d3d4011b9d988698dd0153412145ab4687d06b4d7,277,JHG30_dee8fdb6a3ec,weak_train,-1,included_in_development_residue_labels
MD__4psf_B,md_ired,4psf_B,4psf,B,452feea4f7b841c0b801f3881652961763c283ec2405f9c20fb88af34cadd757,138,JHG30_16429462dd3d,weak_train,-1,included_in_development_residue_labels
MD__4pz1_A,md_ired,4pz1_A,4pz1,A,9f4f93c1f509c08fc3927b5540be2ff62a24be86e9bf1ba03ee4f78557db1455,98,JHG30_15a4029d3577,weak_validation,-1,included_in_development_residue_labels
MD__4q0y_A,md_ired,4q0y_A,4q0y,A,40feb7c23a2125c794c82cf918836df2d9fe5d841fb985a154db8d07364782eb,134,JHG30_f15b756417ab,weak_train,-1,included_in_development_residue_labels
MD__4q0y_B,md_ired,4q0y_B,4q0y,B,40feb7c23a2125c794c82cf918836df2d9fe5d841fb985a154db8d07364782eb,134,JHG30_f15b756417ab,weak_train,-1,included_in_development_residue_labels
MD__4q6v_A,md_ired,4q6v_A,4q6v,A,5ba6b222e4a1e8e5557c43c6dd78f8ce998fa2233b5d3804901fb766aeb07c29,136,JHG30_424932f65242,weak_train,-1,included_in_development_residue_labels
MD__4q7o_B,md_ired,4q7o_B,4q7o,B,c69e21369525382eeedecb83340635f77c2bbcba6a2662fd7ff2adbe309f7ee9,146,JHG30_d64df85cf3df,weak_train,-1,included_in_development_residue_labels
MD__4qaz_A,md_ired,4qaz_A,4qaz,A,6843896743297a1d992b911462a6269b1dfbea5688186d3cbf2e1cbe08a53c58,103,JHG30_8dde6c706cbe,weak_train,-1,included_in_development_residue_labels
MD__4qb0_A,md_ired,4qb0_A,4qb0,A,6843896743297a1d992b911462a6269b1dfbea5688186d3cbf2e1cbe08a53c58,103,JHG30_8dde6c706cbe,weak_train,-1,included_in_development_residue_labels
MD__4qlp_A,md_ired,4qlp_A,4qlp,A,333a20918cf4b76ce0c3e020ad60c7725cf6579b7b379043fe6cc9c0f5bf5da6,176,JHG30_f3d3f4917553,weak_train,-1,included_in_development_residue_labels
MD__4qmd_A,md_ired,4qmd_A,4qmd,A,6e1b4a3259d31197f944106bcdffc68e4642b99803d6538ae9724440ef185b2b,193,JHG30_9737a0d60bdd,weak_train,-1,included_in_development_residue_labels
MD__4qmd_B,md_ired,4qmd_B,4qmd,B,6e1b4a3259d31197f944106bcdffc68e4642b99803d6538ae9724440ef185b2b,193,JHG30_9737a0d60bdd,weak_train,-1,included_in_development_residue_labels
MD__4qn8_A,md_ired,4qn8_A,4qn8,A,e4722b10c4ff9cbda7f397a52280d3bd911a573f236244a8a0e21ab1c3f9f0c3,155,JHG30_568c54f115be,weak_train,-1,included_in_development_residue_labels
MD__4qn8_B,md_ired,4qn8_B,4qn8,B,e4722b10c4ff9cbda7f397a52280d3bd911a573f236244a8a0e21ab1c3f9f0c3,155,JHG30_568c54f115be,weak_train,-1,included_in_development_residue_labels
MD__4qtq_A,md_ired,4qtq_A,4qtq,A,2ae19dd598a17495b9f462a5602e8262951be5254b5af59614523a67315e4c71,214,JHG30_f96a4700c334,weak_train,-1,included_in_development_residue_labels
MD__4qx8_B,md_ired,4qx8_B,4qx8,B,5bd1c30ab2ad7f2fe45d4e2f17baeb0a079dd0cf75832cc71752305e5f01c5c1,68,JHG30_21d47cb5d915,weak_train,-1,included_in_development_residue_labels
MD__4qxo_A,md_ired,4qxo_A,4qxo,A,d29ec584b0cc85355396b96789d167d292cf9df352d151f1b947f0a006f9d57d,188,JHG30_ddee5a90b592,weak_validation,-1,included_in_development_residue_labels
MD__4r03_A,md_ired,4r03_A,4r03,A,74e33dac8ea50ac0dc91b040d442e1aa9764f82db01ed12fd06e5391fed5215b,109,JHG30_b9ba06856c4f,weak_validation,-1,included_in_development_residue_labels
MD__4reo_A,md_ired,4reo_A,4reo,A,22aea33208976d9ef302ae6941525de199c3b2f572813d8e2e29648811ffa7aa,229,JHG30_5c11a597cba2,protected_md_test_metadata_only,-1,protected_evaluation_metadata_only
MD__4rgi_A,md_ired,4rgi_A,4rgi,A,b863952bb7b0d274839efbb67b63d60efd026171928a76056d759aa607969d46,73,JHG30_16e7fcf155b8,weak_validation,-1,included_in_development_residue_labels
MD__4rhf_A,md_ired,4rhf_A,4rhf,A,2f74ecaaeecb72e34fec6093a10d273444d017f874626f05654ea8abbf22c309,209,JHG30_578f6cc187f2,weak_train,-1,included_in_development_residue_labels
MD__4rp4_A,md_ired,4rp4_A,4rp4,A,301eef9877b384c391b07232870c09a3275b7001a55fe9005559a673ecdaab3e,98,JHG30_27e72ccafe50,weak_train,-1,included_in_development_residue_labels
MD__4rp5_A,md_ired,4rp5_A,4rp5,A,301eef9877b384c391b07232870c09a3275b7001a55fe9005559a673ecdaab3e,98,JHG30_27e72ccafe50,weak_train,-1,included_in_development_residue_labels
MD__4rr9_A,md_ired,4rr9_A,4rr9,A,1e6713d4e081f4f5db58346884fe0b5fa0d838afd288701974de4daaf9954eeb,136,JHG30_d9bb69026b6e,weak_train,-1,included_in_development_residue_labels
MD__4rsw_B,md_ired,4rsw_B,4rsw,B,663cbacddecb80d1024810658134c3e4ea3a55f1d1d6620906b295b2307b00d9,255,JHG30_207947a6e630,weak_train,-1,included_in_development_residue_labels
MD__4u5h_B,md_ired,4u5h_B,4u5h,B,e9be95da6abfd31febd4b53f07d8b802236fb3b88aeca292560ef256d9f372ca,90,JHG30_5b24c9bc05b4,weak_train,-1,included_in_development_residue_labels
MD__4u5h_G,md_ired,4u5h_G,4u5h,G,e9be95da6abfd31febd4b53f07d8b802236fb3b88aeca292560ef256d9f372ca,90,JHG30_5b24c9bc05b4,weak_train,-1,included_in_development_residue_labels
MD__4u9b_A,md_ired,4u9b_A,4u9b,A,38c2f3c2fafe320a19d04f133ec1d5222f06014a1411f29fadfc5600219a0f03,187,JHG30_e9c36ece3d57,weak_train,-1,included_in_development_residue_labels
MD__4uc8_A,md_ired,4uc8_A,4uc8,A,0bd938020ebbee46f9f493aae0912b7bf62f3145a0554e7ebd92b054d2296329,233,JHG30_786f9960d1e3,weak_train,-1,included_in_development_residue_labels
MD__4ue8_B,md_ired,4ue8_B,4ue8,B,8a66059c7c96a1bea5ab40d6348b533554008ba30cc781936756ae92c4e4b6d5,38,JHG30_857c6a59024e,weak_validation,-1,included_in_development_residue_labels
MD__4ued_B,md_ired,4ued_B,4ued,B,dd0f6ebc00005f13852be2248e27f5b414c8ecf51f24f1d9a44886b17cb86c3e,38,JHG30_857c6a59024e,weak_validation,-1,included_in_development_residue_labels
MD__4v1g_B,md_ired,4v1g_B,4v1g,B,e3b62420ee545e682c005a870667ad8b4d9c0b435f1998743f91804b8eb30f1b,86,JHG30_3b9c5b550483,weak_train,-1,included_in_development_residue_labels
MD__4v23_A,md_ired,4v23_A,4v23,A,4554cf22abcbd45da9f5cf0f06d314fbe9f6736ede0b40fa5c2f2a9edf85981c,256,JHG30_29c3a9ac9133,weak_validation,-1,included_in_development_residue_labels
MD__4wlr_B,md_ired,4wlr_B,4wlr,B,812ce5048ee6f6f08f1c367a35e56654e354c9f220f09363677781bdea83f70f,102,JHG30_db9780d704a1,weak_train,-1,included_in_development_residue_labels
MD__4wrp_A,md_ired,4wrp_A,4wrp,A,51766daa21d9a47abd71792f6b7daf740a2b33c6ce7ba871ecf341fbed4f0ea6,122,JHG30_8e6ce894a15c,weak_train,-1,included_in_development_residue_labels
MD__4wrp_B,md_ired,4wrp_B,4wrp,B,51766daa21d9a47abd71792f6b7daf740a2b33c6ce7ba871ecf341fbed4f0ea6,122,JHG30_8e6ce894a15c,weak_train,-1,included_in_development_residue_labels
MD__4wwr_F,md_ired,4wwr_F,4wwr,F,b8d7e4d710cd5602e88a3ddd6a15a3fd55f52d22eaa8c057ee783c17b81b5668,47,JHG30_1c2f3b819a65,weak_train,-1,included_in_development_residue_labels
MD__4wzg_A,md_ired,4wzg_A,4wzg,A,0d29877a2ae2cf3cbcb3b9253ad2c49da2b42d4ecf34128be170755429a56d14,218,JHG30_7355d9e38535,weak_train,-1,included_in_development_residue_labels
MD__4xb4_A,md_ired,4xb4_A,4xb4,A,ed38ec7101f0139beb19365bf254f38a303119d569f9272a1ff74883d434a178,152,JHG30_0199584777dc,weak_train,-1,included_in_development_residue_labels
MD__4xb6_E,md_ired,4xb6_E,4xb6,E,d646f7b19527e83478a6640ad13dfd9e51b78996ea8b2a8e5451915c3188c090,150,JHG30_1314b97a6654,weak_train,-1,included_in_development_residue_labels
MD__4xb6_F,md_ired,4xb6_F,4xb6,F,6db49dea20b9f3250608ac3e595795bc5e94c0bbcf14dfafba9cf7f55d6194a4,194,JHG30_a64aba245c88,weak_train,-1,included_in_development_residue_labels
MD__4xo1_A,md_ired,4xo1_A,4xo1,A,16582b7b65c82d619e87895ea2801b1e4cf624f9eed7e340c0216f65bd5d6f52,60,JHG30_ef10e79528a1,weak_train,-1,included_in_development_residue_labels
MD__4xo2_A,md_ired,4xo2_A,4xo2,A,5153e54707dd362485e480ff11742e0d8d8616422964d66ee9368073b12f0779,60,JHG30_ef10e79528a1,weak_train,-1,included_in_development_residue_labels
MD__4xqm_A,md_ired,4xqm_A,4xqm,A,4e55fff0bedc181f78bb85865a7108e9758ec634e8af4318f498d4b74ae4511e,94,JHG30_cc8f83943033,weak_validation,-1,included_in_development_residue_labels
MD__4y7s_A,md_ired,4y7s_A,4y7s,A,1ccb0942cf1787afd546965b3d99cafd2b73aefaf48fea43d982019df356534b,111,JHG30_4da390e1718d,weak_validation,-1,included_in_development_residue_labels
MD__4y7s_B,md_ired,4y7s_B,4y7s,B,1ccb0942cf1787afd546965b3d99cafd2b73aefaf48fea43d982019df356534b,111,JHG30_4da390e1718d,weak_validation,-1,included_in_development_residue_labels
MD__4ykd_A,md_ired,4ykd_A,4ykd,A,3803053f9d98828daa18dbcf8d897fb7e7f168ee9978f509c107c31e350b0672,96,JHG30_09e911c55d68,weak_train,-1,included_in_development_residue_labels
MD__4ytw_C,md_ired,4ytw_C,4ytw,C,919c063d5dd8f0a5fe58f7bbc3e4bfda22ee67df6ae741e48be56af07fea0dd5,81,JHG30_526bc3c62be2,weak_train,-1,included_in_development_residue_labels
MD__4ywk_A,md_ired,4ywk_A,4ywk,A,0a506749d8f526a5d374c11bef1405fad7cc5f3b16dd4cb7ee6d0a62fa6b8480,206,JHG30_cfd935852a8d,weak_train,-1,included_in_development_residue_labels
MD__4ywk_B,md_ired,4ywk_B,4ywk,B,0a506749d8f526a5d374c11bef1405fad7cc5f3b16dd4cb7ee6d0a62fa6b8480,206,JHG30_cfd935852a8d,weak_train,-1,included_in_development_residue_labels
MD__4z8q_B,md_ired,4z8q_B,4z8q,B,8419c35d7f467ec187ea77380a0b13c5d1844da12197515788f2cf940d15b0a2,98,JHG30_8b1396c141ec,weak_validation,-1,included_in_development_residue_labels
MD__4z8t_B,md_ired,4z8t_B,4z8t,B,8419c35d7f467ec187ea77380a0b13c5d1844da12197515788f2cf940d15b0a2,98,JHG30_8b1396c141ec,weak_validation,-1,included_in_development_residue_labels
MD__4zav_A,md_ired,4zav_A,4zav,A,99943fc1ce08e7da2e7104dbe521a95b2ad132e6a3b2034d9c419a733933e6cc,209,JHG30_578f6cc187f2,weak_train,-1,included_in_development_residue_labels
MD__4zbo_D,md_ired,4zbo_D,4zbo,D,d4d0248dd7ffc9f21ff38e637d8f6c0214933eadc8c66daef56aa25032f35d8b,265,JHG30_021b1ca6dab0,weak_train,-1,included_in_development_residue_labels
MD__4zce_B,md_ired,4zce_B,4zce,B,2507b05179943194555482ae81e269b874b49d25cad2c634ea8cdf5b27d99463,50,JHG30_d7480ba93a33,weak_train,-1,included_in_development_residue_labels
MD__4zds_A,md_ired,4zds_A,4zds,A,db5370172ac99823b5ddcb3983f4cc379cffdc42ba687692dd76f769b36c9c90,134,JHG30_767fb84ff978,weak_validation,-1,included_in_development_residue_labels
MD__4zds_B,md_ired,4zds_B,4zds,B,db5370172ac99823b5ddcb3983f4cc379cffdc42ba687692dd76f769b36c9c90,134,JHG30_767fb84ff978,weak_validation,-1,included_in_development_residue_labels
MD__4zi3_C,md_ired,4zi3_C,4zi3,C,bcfe20430cf8fafa6e15ed09d15c48ae8a73eee08e4d413159b27d30454b5a06,135,JHG30_96690c93ff82,weak_train,-1,included_in_development_residue_labels
MD__4zi3_D,md_ired,4zi3_D,4zi3,D,b6b5d660ea6c1357a9bfcf00d718a98e18fbea6d09cc9ce71fb8991b547522cb,133,JHG30_96690c93ff82,weak_train,-1,included_in_development_residue_labels
MD__4zmk_A,md_ired,4zmk_A,4zmk,A,c42b74201d3cb7e4f37b81e8ef117f8555611e2b36ce570433bbe9b4ced9fd4d,71,JHG30_eb2503ad2ac0,weak_train,-1,included_in_development_residue_labels
MD__4zqv_A,md_ired,4zqv_A,4zqv,A,e67635213d0be8ef1781c47cf798162d4a590022d2b45ae6cca128aaebc6c3d1,175,JHG30_913822d1b6f4,weak_train,-1,included_in_development_residue_labels
MD__4zya_A,md_ired,4zya_A,4zya,A,a21dd60f0373973cdb955e3a234f4ac6cf507e0a59c33f0ee4b3155dc144c051,77,JHG30_e317d525e665,weak_train,-1,included_in_development_residue_labels
MD__4zya_B,md_ired,4zya_B,4zya,B,a21dd60f0373973cdb955e3a234f4ac6cf507e0a59c33f0ee4b3155dc144c051,77,JHG30_e317d525e665,weak_train,-1,included_in_development_residue_labels
MD__5a0d_B,md_ired,5a0d_B,5a0d,B,33c813299b73202f588019f5ff7d18d34a8e0f06ffa8bae44577feed33e85135,186,JHG30_9c4139fdbe42,weak_train,-1,included_in_development_residue_labels
MD__5a0n_A,md_ired,5a0n_A,5a0n,A,033272442cbaa531dd2a134604565b04de238e4b66ebe2da69db10c5eb358d61,220,JHG30_5764316de8dd,weak_train,-1,included_in_development_residue_labels
MD__5a5y_A,md_ired,5a5y_A,5a5y,A,524d59a0562056b058f76d006a8e484fb7a97cf98253bffd615333d57886744a,212,JHG30_319e5ed4a12f,weak_validation,-1,included_in_development_residue_labels
MD__5a67_A,md_ired,5a67_A,5a67,A,524d59a0562056b058f76d006a8e484fb7a97cf98253bffd615333d57886744a,212,JHG30_319e5ed4a12f,weak_validation,-1,included_in_development_residue_labels
MD__5b1n_A,md_ired,5b1n_A,5b1n,A,a80463f529955dc80afa23067f01f7e49571e0f5a6ef6475692faf692407954d,69,JHG30_61d359dfebe1,weak_train,-1,included_in_development_residue_labels
MD__5b3p_A,md_ired,5b3p_A,5b3p,A,3d70a7768f68250921bd44b5c56aa683be9a2fe135643bf26c9df40aa20910b3,134,JHG30_a121dc7fc628,weak_train,-1,included_in_development_residue_labels
MD__5b42_A,md_ired,5b42_A,5b42,A,0d1a0e0fc518c72fc5b76dbc7998912823278e565f1ba4c3f2cc12865112c829,102,JHG30_d88dfbabaff9,weak_train,-1,included_in_development_residue_labels
MD__5b5i_A,md_ired,5b5i_A,5b5i,A,c319295731810d1e6180c3c0832545fd9cf64cd94e7306fbf910b77c52c5ee3c,74,JHG30_71d11fd35f7a,weak_train,-1,included_in_development_residue_labels
MD__5b5i_B,md_ired,5b5i_B,5b5i,B,c319295731810d1e6180c3c0832545fd9cf64cd94e7306fbf910b77c52c5ee3c,74,JHG30_71d11fd35f7a,weak_train,-1,included_in_development_residue_labels
MD__5b6c_A,md_ired,5b6c_A,5b6c,A,8c6a229eb4a8e8c894c624d3d7feb69ecb753358814a8c901171b87ef1404974,174,JHG30_17fc3e6703ae,weak_train,-1,included_in_development_residue_labels
MD__5bmt_B,md_ired,5bmt_B,5bmt,B,c3be069673a688edfa243ff0339931f93a803c79870351f258fce19666044b36,239,JHG30_04fb96c18813,weak_train,-1,included_in_development_residue_labels
MD__5bnh_A,md_ired,5bnh_A,5bnh,A,8675b7e7d8bac3aa92a0576211efcfb7ae9fcdb73396ebad92158d908d507570,123,JHG30_ea292b962a50,weak_train,-1,included_in_development_residue_labels
MD__5bnh_D,md_ired,5bnh_D,5bnh,D,8675b7e7d8bac3aa92a0576211efcfb7ae9fcdb73396ebad92158d908d507570,123,JHG30_ea292b962a50,weak_train,-1,included_in_development_residue_labels
MD__5bs1_B,md_ired,5bs1_B,5bs1,B,588b6a525962d6b382d06a6d5f7a7dc6c3a89afef1edddc9c93a0579a0673c24,123,JHG30_658556286ee2,weak_train,-1,included_in_development_residue_labels
MD__5bty_A,md_ired,5bty_A,5bty,A,0722932e45be537ec683c69821d1b2abef98347cff83234839b08e6149f242ba,138,JHG30_97a953bfc139,weak_train,-1,included_in_development_residue_labels
MD__5btz_A,md_ired,5btz_A,5btz,A,5950c4b94f4ee4a6a68acaae4dd04e722048f11426701c96668ff451d86c8fbd,139,JHG30_97a953bfc139,weak_train,-1,included_in_development_residue_labels
MD__5by8_B,md_ired,5by8_B,5by8,B,467a0c2d19e18bb50b168df2848c9d2f730319b17dd6edc68c0306c978cff73e,85,JHG30_b067fcf65348,weak_train,-1,included_in_development_residue_labels
MD__5c8q_B,md_ired,5c8q_B,5c8q,B,cc0d366e5727e4189fbcbc291f8b5b387283a64f6255d9ccd4b76159a9a921ac,154,JHG30_682b50f5972a,weak_train,-1,included_in_development_residue_labels
MD__5cfl_A,md_ired,5cfl_A,5cfl,A,6be00c6a39bf7c2920abaae95bfba00cf7bb6876c2e434dc99f16bca3bf2cb37,187,JHG30_ddee5a90b592,weak_validation,-1,included_in_development_residue_labels
MD__5cof_A,md_ired,5cof_A,5cof,A,8b017bf131ac0681b4faafe5b516e4742fa1b7ea161273cc7c954b504972d7db,173,JHG30_46090532b053,weak_train,-1,included_in_development_residue_labels
MD__5cyz_C,md_ired,5cyz_C,5cyz,C,f5a3bbab50e691a58944f287d1ee4d8baf3369d4b6dadb3457156ee5841d72ed,105,JHG30_7c72dc9bb4bc,weak_train,-1,included_in_development_residue_labels
MD__5dje_B,md_ired,5dje_B,5dje,B,93f6eeecc2662994c568569db8488b8106b7ad35448e95e9cf2b40aaf856f131,140,JHG30_d9f425d11c06,weak_train,-1,included_in_development_residue_labels
MD__5dmp_A,md_ired,5dmp_A,5dmp,A,e49ea1f9c0b2d4b58ef4264b9a3f196acb932197f69131c0c73bec688d799080,169,JHG30_17596f680055,weak_train,-1,included_in_development_residue_labels
MD__5dmu_A,md_ired,5dmu_A,5dmu,A,0db25298108ce8cbe5f5bb811c281319ce4fd509af7cbfaad5c520f6956e3b61,301,JHG30_1d32f01ab166,weak_train,-1,included_in_development_residue_labels
MD__5dpo_A,md_ired,5dpo_A,5dpo,A,8b0f36ed9fc33c95ac1cb52bd2b5c5b99311acf969cbaaa811534083caacf8a9,119,JHG30_340fc1cd359e,weak_validation,-1,included_in_development_residue_labels
MD__5e3e_A,md_ired,5e3e_A,5e3e,A,e53792b6453f5d9dbb60be7bfc279f04d818fbd2d43a42035766cb8e8df3aa84,104,JHG30_868c82ac9170,weak_train,-1,included_in_development_residue_labels
MD__5e3e_E,md_ired,5e3e_E,5e3e,E,e53792b6453f5d9dbb60be7bfc279f04d818fbd2d43a42035766cb8e8df3aa84,104,JHG30_868c82ac9170,weak_train,-1,included_in_development_residue_labels
MD__5e5q_A,md_ired,5e5q_A,5e5q,A,72682b58d79dd6957a4110aef6f3044f6a8e50f2af95804aacbd61cf3ec428a7,63,JHG30_1b711d1d308a,weak_train,-1,included_in_development_residue_labels
MD__5e5y_C,md_ired,5e5y_C,5e5y,C,8fd6ca34b3e92748501b4d92a0c30f6e385921ffa6f95579d7df2b5e683373b0,63,JHG30_1b711d1d308a,weak_train,-1,included_in_development_residue_labels
MD__5e7x_A,md_ired,5e7x_A,5e7x,A,e98150996b6353e4bd33584b297bbeedc192206d98550224f17c980f209a10de,155,JHG30_0c0344b8a7ab,weak_train,-1,included_in_development_residue_labels
MD__5ef9_A,md_ired,5ef9_A,5ef9,A,76d6a00021251d19989630bc907a20a4cb051199a41c1406c72af44d2e0ce26b,174,JHG30_0f2ab82d7065,weak_train,-1,included_in_development_residue_labels
MD__5eg7_A,md_ired,5eg7_A,5eg7,A,cef75a27789836cfad9ba2d2216343a532d84c81f32127bc89fa9f33ade0c099,161,JHG30_0f2ab82d7065,weak_train,-1,included_in_development_residue_labels
MD__5el3_B,md_ired,5el3_B,5el3,B,257cdb8e47fe40ed8df2d22a94bf688eb529cc47f855d48d9f762c83bd0c6583,113,JHG30_e2bffed6975e,weak_train,-1,included_in_development_residue_labels
MD__5en2_C,md_ired,5en2_C,5en2,C,677e3d5114c141f32e09757a4b442cac4522b67f6004caf187b7fa43194bd880,141,JHG30_94315d39a156,protected_md_test_metadata_only,-1,protected_evaluation_metadata_only
MD__5eqz_A,md_ired,5eqz_A,5eqz,A,a9dba97a83995c6c4c2886c8070b640b8090f094557c924093e55e2874a86e99,146,JHG30_482b902e305d,weak_train,-1,included_in_development_residue_labels
MD__5exh_C,md_ired,5exh_C,5exh,C,bc87c7381ee63b13754da0870228ac4b81c2efef6cce39180ebc84426da990d1,47,JHG30_05befa9243cf,weak_train,-1,included_in_development_residue_labels
MD__5ezu_A,md_ired,5ezu_A,5ezu,A,ecc292aef60e914305db5777923897ff4a6593bb5e7ac92fd4be358a8b71c63a,89,JHG30_1e4afd7871bf,weak_train,-1,included_in_development_residue_labels
MD__5fbf_A,md_ired,5fbf_A,5fbf,A,124f095dcb0598530cb03430ad4ce162aa2ebc3938c5e98efcb3692eaeb71b29,267,JHG30_6360a761a0f6,weak_train,-1,included_in_development_residue_labels
MD__5ftw_A,md_ired,5ftw_A,5ftw,A,e4f95d40965c3e234864fda8d1c58c428fe034ea5321ba19978dcf5412f56cfb,256,JHG30_e5fc9ff3c581,weak_train,-1,included_in_development_residue_labels
MD__5g38_A,md_ired,5g38_A,5g38,A,147e094b1eeb4453a9b5500b283a83399862bb59c58162b9ba8a6f89cb196f4d,172,JHG30_d351986374c6,protected_md_test_metadata_only,-1,protected_evaluation_metadata_only
MD__5g5g_B,md_ired,5g5g_B,5g5g,B,f7070bd83af041f43e7fa60454fe24d0e70be9926c45949ae55290eaf03abfd6,318,JHG30_a0e6d3f03664,weak_validation,-1,included_in_development_residue_labels
MD__5ggl_A,md_ired,5ggl_A,5ggl,A,f73fe4b6e81547aa9b155844412196a46e1bc58b403865e2f82a2c8ef08c2638,164,JHG30_3aa3e704af13,weak_train,-1,included_in_development_residue_labels
MD__5gv0_A,md_ired,5gv0_A,5gv0,A,835155486f8db1b48ffddf54b91c200c0fa872c0f6f3c8a04d89caff07ab42fc,168,JHG30_1cf667fb087b,weak_train,-1,included_in_development_residue_labels
MD__5gw6_A,md_ired,5gw6_A,5gw6,A,3a6ad04f34be0118092e7ef630795c2098498381f55d784a08c15e8dd1205133,196,JHG30_a5b87608111d,weak_validation,-1,included_in_development_residue_labels
MD__5h1n_A,md_ired,5h1n_A,5h1n,A,a27b76f3acdcc7f4523e4a9bebed635ebefe8b1410a11f411f5f7f9b9349b769,74,JHG30_a399aa243680,weak_train,-1,included_in_development_residue_labels
MD__5h1n_B,md_ired,5h1n_B,5h1n,B,a27b76f3acdcc7f4523e4a9bebed635ebefe8b1410a11f411f5f7f9b9349b769,74,JHG30_a399aa243680,weak_train,-1,included_in_development_residue_labels
MD__5h6x_A,md_ired,5h6x_A,5h6x,A,665c233574c3eaa5f29b89abc06e5da980b6bcea542c0120b6e8cb685b4cce15,100,JHG30_b06d82aa2974,weak_train,-1,included_in_development_residue_labels
MD__5hee_B,md_ired,5hee_B,5hee,B,cf26396f5c8ce2ab6a007423ac93b80123fe39212d8e0591ec6b877b93ac1ae7,262,JHG30_1eb42b7b7f67,weak_train,-1,included_in_development_residue_labels
MD__5hkq_I,md_ired,5hkq_I,5hkq,I,55d4e6102637f1c9f60899d44d56b0163ce3ac2dc27924cff42c17e3a97894d3,129,JHG30_93a0926ae7bb,protected_md_test_metadata_only,-1,protected_evaluation_metadata_only
MD__5hob_F,md_ired,5hob_F,5hob,F,30de1e0844cec371e40e292b51ddc2cc58283c9a70ec23193d84ea2bf0aa73e4,50,JHG30_4d639d487a79,weak_train,-1,included_in_development_residue_labels
MD__5hqh_A,md_ired,5hqh_A,5hqh,A,1f14fb0a017c5d0794cea572b8fc1ae84878c6e0cfb6be2da15fb83032e4df8f,109,JHG30_909b71d73489,weak_train,-1,included_in_development_residue_labels
MD__5htl_A,md_ired,5htl_A,5htl,A,ca5e4dd2c759728cfe14103533d4b4ebde941579be796aad350781034ea4d0fb,145,JHG30_0bca1389d3b7,protected_md_test_metadata_only,-1,protected_evaluation_metadata_only
MD__5hub_A,md_ired,5hub_A,5hub,A,6b219d0048669b41e1f41429af59d3322aaf1196c1f85941bd812a0e0fc8be40,90,JHG30_f92849abb3bc,weak_validation,-1,included_in_development_residue_labels
MD__5i8j_A,md_ired,5i8j_A,5i8j,A,1cace83713fd3589ac1e3116c6f1fb6b8c46f39da8c0f1e631df96e1c4674148,64,JHG30_556842e600db,weak_train,-1,included_in_development_residue_labels
MD__5i8j_B,md_ired,5i8j_B,5i8j,B,1cace83713fd3589ac1e3116c6f1fb6b8c46f39da8c0f1e631df96e1c4674148,64,JHG30_556842e600db,weak_train,-1,included_in_development_residue_labels
MD__5iff_A,md_ired,5iff_A,5iff,A,db8419d9cbd2e144bce378eee5702e2f8ee56cd49463362572eacf74831a3134,220,JHG30_07367233cfbf,weak_train,-1,included_in_development_residue_labels
MD__5iff_B,md_ired,5iff_B,5iff,B,db8419d9cbd2e144bce378eee5702e2f8ee56cd49463362572eacf74831a3134,220,JHG30_07367233cfbf,weak_train,-1,included_in_development_residue_labels
MD__5ii7_A,md_ired,5ii7_A,5ii7,A,52d3b842e119c1f53a50e220e54dcb02748d3fbc2687db2caf95d61582c83907,138,JHG30_04ba0078f173,weak_train,-1,included_in_development_residue_labels
MD__5imu_A,md_ired,5imu_A,5imu,A,f82a7fe15dd3f2fa2412efd79e459d0ef59366c85a94b20627f0ac69297fddc2,227,JHG30_224f7a64882f,weak_train,-1,included_in_development_residue_labels
MD__5iqj_A,md_ired,5iqj_A,5iqj,A,5830af0a5799faa6669040fab15e5d8e0e7c5dd85935c647109a0c4cb3762b2e,134,JHG30_80f4c5baef3f,weak_train,-1,included_in_development_residue_labels
MD__5iqj_C,md_ired,5iqj_C,5iqj,C,5830af0a5799faa6669040fab15e5d8e0e7c5dd85935c647109a0c4cb3762b2e,134,JHG30_80f4c5baef3f,weak_train,-1,included_in_development_residue_labels
MD__5j2l_B,md_ired,5j2l_B,5j2l,B,e935e7ffa63b2ffb7f6215e03794f07f30936f77d4338cb2ca27fc6ddfeb6e16,81,JHG30_1101f02d6e6e,weak_train,-1,included_in_development_residue_labels
MD__5jak_A,md_ired,5jak_A,5jak,A,ed7aac57df35784b5ab0dabc1095e9dd754e308c8ce1079b859844789753a0e7,151,JHG30_19ed048a7257,weak_train,-1,included_in_development_residue_labels
MD__5jca_S,md_ired,5jca_S,5jca,S,6f305038cf182da2468ffe0dd645df4539a7ff3fe9ef009eec413b5da9397b50,284,JHG30_574d0bc70614,weak_train,-1,included_in_development_residue_labels
MD__5jfc_S,md_ired,5jfc_S,5jfc,S,6f305038cf182da2468ffe0dd645df4539a7ff3fe9ef009eec413b5da9397b50,284,JHG30_574d0bc70614,weak_train,-1,included_in_development_residue_labels
MD__5jr5_A,md_ired,5jr5_A,5jr5,A,1f74f58eabb09ab681f1840aefacb1988f6f1d2b60279adaf17929833d683fdb,52,JHG30_1e055a199d71,weak_train,-1,included_in_development_residue_labels
MD__5jx1_A,md_ired,5jx1_A,5jx1,A,70876bc889798a4db1bc8856cd54b987af9fe6d3e9f9453c68cc478cebc412b0,75,JHG30_07753e6b0f1c,weak_train,-1,included_in_development_residue_labels
MD__5k6d_B,md_ired,5k6d_B,5k6d,B,e8997bb7c67784581f6dd30914a2ed85819571f0c4fafecfea921f0dbe9df751,78,JHG30_5a3ecceb1733,weak_validation,-1,included_in_development_residue_labels
MD__5kko_C,md_ired,5kko_C,5kko,C,30cf8ae0ac080b939c206e3434248b39498b349aa596c266b9b9f3dcbb6510c4,55,JHG30_6fe9c8d773f7,weak_train,-1,included_in_development_residue_labels
MD__5kko_D,md_ired,5kko_D,5kko,D,30cf8ae0ac080b939c206e3434248b39498b349aa596c266b9b9f3dcbb6510c4,55,JHG30_6fe9c8d773f7,weak_train,-1,included_in_development_residue_labels
MD__5klh_B,md_ired,5klh_B,5klh,B,f4509d336f3c5f8cc86f5823955a2a892dc1ac2fe6d885f5c16bce0a6d35ff29,231,JHG30_6495e1d6580f,weak_train,-1,included_in_development_residue_labels
MD__5kvk_A,md_ired,5kvk_A,5kvk,A,7ecb016d027f8739e30a45fe9fa11f4a0c7d3e277769a7f1eba5f1bf64b2fa1f,170,JHG30_2e674364f821,weak_train,-1,included_in_development_residue_labels
MD__5kza_A,md_ired,5kza_A,5kza,A,332cae08bb02b415e6d057a1b17e73f143fad87281e1822eaebcbb9043ff1484,104,JHG30_8469e25b910f,protected_md_test_metadata_only,-1,protected_evaluation_metadata_only
MD__5l87_A,md_ired,5l87_A,5l87,A,1b96c123567572c9847df1600522a40323c3412b70dd90f832992e19d4d56eb2,69,JHG30_050aa865f6f7,weak_train,-1,included_in_development_residue_labels
MD__5lbd_A,md_ired,5lbd_A,5lbd,A,a167e6083aa9a97ef36e553a15c4b2cfa8b49c381192524b03312c5f34df9d40,131,JHG30_7ab60d658bb5,weak_train,-1,included_in_development_residue_labels
MD__5lpa_A,md_ired,5lpa_A,5lpa,A,e57275d75ffc56fd8126255a757b0e6f21a29d7cb26a23d0d3034d547f1645de,270,JHG30_015535b6bc5f,weak_train,-1,included_in_development_residue_labels
MD__5lpa_B,md_ired,5lpa_B,5lpa,B,e57275d75ffc56fd8126255a757b0e6f21a29d7cb26a23d0d3034d547f1645de,270,JHG30_015535b6bc5f,weak_train,-1,included_in_development_residue_labels
MD__5m1m_A,md_ired,5m1m_A,5m1m,A,806711b91adc9d4603165dac24653bc0f4c2053b2ebcc56c31f3e2f84b21f031,155,JHG30_e094a90f7a2b,weak_train,-1,included_in_development_residue_labels
MD__5m33_A,md_ired,5m33_A,5m33,A,e2790164761713e0fde6391a48be6163bdf975e87e3bd164b1d454b5fb9c416d,101,JHG30_2853715e552f,weak_train,-1,included_in_development_residue_labels
MD__5mdu_A,md_ired,5mdu_A,5mdu,A,5c0f750bc29e6685619eb3c2cfec457b2b8d9327c3f787506ba2c400e992347e,157,JHG30_71d4e47b88b0,weak_train,-1,included_in_development_residue_labels
MD__5mu4_A,md_ired,5mu4_A,5mu4,A,3bf1074ac6f8c9193ee69be1a0f5b81e48e6b48db72cd50e933e8f23b8b69d8f,201,JHG30_8c497a012d02,weak_train,-1,included_in_development_residue_labels
MD__5n6y_C,md_ired,5n6y_C,5n6y,C,7c7c547316c2db97032b168fbfbc2b9d5c1305fb9d357af4ecaae2ea0d5230a3,113,JHG30_5591a60d265c,weak_train,-1,included_in_development_residue_labels
MD__5n76_F,md_ired,5n76_F,5n76,F,d50ab1042a24232142ea4fe10fe3f9b5555d58210a6ea9f06b42e5d11939e763,66,JHG30_49a3b9ddb7f5,weak_validation,-1,included_in_development_residue_labels
MD__5naz_A,md_ired,5naz_A,5naz,A,9d7a5b361ec8fbe250005b10658b32088c0397e3fe0e86bd74a297f0eff08285,229,JHG30_2e88c6a9db04,protected_md_test_metadata_only,-1,protected_evaluation_metadata_only
MD__5nir_A,md_ired,5nir_A,5nir,A,08978a255e8953a1c30474b64b7e7a92a7046e194a247ff306a51d2cb50b0394,74,JHG30_8de9c13037cf,weak_train,-1,included_in_development_residue_labels
MD__5nod_A,md_ired,5nod_A,5nod,A,0cc53aa127f1c9c408a4fc55a6eb8cae86327238281028718b3bdbe6a7465cb7,85,JHG30_989b96b8191d,weak_train,-1,included_in_development_residue_labels
MD__5noh_A,md_ired,5noh_A,5noh,A,e0a8d5ac26b7b349094e4d0ecae6296786fe57e2fb7ac748375ef98c004e2b58,103,JHG30_04597793762c,protected_md_test_metadata_only,-1,protected_evaluation_metadata_only
MD__5noh_B,md_ired,5noh_B,5noh,B,e0a8d5ac26b7b349094e4d0ecae6296786fe57e2fb7ac748375ef98c004e2b58,103,JHG30_04597793762c,protected_md_test_metadata_only,-1,protected_evaluation_metadata_only
MD__5o5s_A,md_ired,5o5s_A,5o5s,A,625250b705187ac8e980859b2e0bc4af132eea4c2d8b71ab4dba96abbcfd5079,131,JHG30_06e246e632a2,weak_train,-1,included_in_development_residue_labels
MD__5o9e_A,md_ired,5o9e_A,5o9e,A,71fdb3efbfb96309eb32ac316e91b03047be3c3c91c4143b9ef6dc32dafaa092,201,JHG30_4c35d1fca700,weak_train,-1,included_in_development_residue_labels
MD__5ol4_A,md_ired,5ol4_A,5ol4,A,b26e73ee832781208818e0f089c95bc0a59e0e98977e719063a4fc89df366d1f,100,JHG30_63e6e003c2cf,weak_train,-1,included_in_development_residue_labels
MD__5opz_A,md_ired,5opz_A,5opz,A,ed96885e5432f68ab5fac7296e09d6cc3cceab708c484ff9409caa377f953040,137,JHG30_6bdc73b10c17,weak_train,-1,included_in_development_residue_labels
MD__5pal_A,md_ired,5pal_A,5pal,A,9c2677fd4acba44236585efa20a9441affdff40159a3cbc2a8e79e5cc7f8553d,109,JHG30_1fa23d9e07b3,weak_train,-1,included_in_development_residue_labels
MD__5t2p_B,md_ired,5t2p_B,5t2p,B,c68ef7bd6358c69145f94501bdb13852fba1a092704c2c3c5d17e1ce6063ef8e,155,JHG30_d6c018bdf595,weak_train,-1,included_in_development_residue_labels
MD__5t2p_D,md_ired,5t2p_D,5t2p,D,c68ef7bd6358c69145f94501bdb13852fba1a092704c2c3c5d17e1ce6063ef8e,155,JHG30_d6c018bdf595,weak_train,-1,included_in_development_residue_labels
MD__5uc0_A,md_ired,5uc0_A,5uc0,A,4891928403fd2c6aed708a48ed45959d14b4057b9eb79fdba67ba20da931d31c,163,JHG30_b89e54f61f7d,weak_train,-1,included_in_development_residue_labels
MD__5udz_A,md_ired,5udz_A,5udz,A,ffd0289e1ae2420fd5b1045ce166df1f115ce3c1754d8845e22002961ed7cc37,148,JHG30_bfc88ccecf3d,weak_train,-1,included_in_development_residue_labels
MD__5um3_A,md_ired,5um3_A,5um3,A,6c766a5f1bc2f0a2714199f7019fd9545eda3d595e87c4bdf2398f8e6002b0c4,75,JHG30_eacad99ed5a4,weak_train,-1,included_in_development_residue_labels
MD__5uvr_A,md_ired,5uvr_A,5uvr,A,73f24508b3de0651a7dc5f1d7de39fa5e6d67c92d0ebfb4433a023491bcfa871,98,JHG30_91c2b3f0aaa4,weak_validation,-1,included_in_development_residue_labels
MD__5v03_B,md_ired,5v03_B,5v03,B,2e938254667ffc061a76345e736930169b181208b8c07c2e752a71717557c4d3,102,JHG30_e4ebac83c748,weak_train,-1,included_in_development_residue_labels
MD__5v0m_A,md_ired,5v0m_A,5v0m,A,26dbff29c07272a9260be745580180b4d442b94795f4109458c26f95a9b81b81,98,JHG30_6f730996c692,weak_train,-1,included_in_development_residue_labels
MD__5v6g_A,md_ired,5v6g_A,5v6g,A,95112039b977db06fe465b5495136648a28dda6af5ee8fa1d0f54b76c672a5fe,171,JHG30_da56036d70a5,weak_train,-1,included_in_development_residue_labels
MD__5vap_A,md_ired,5vap_A,5vap,A,fe1edfe0d31e6d767daa3f9a2a99a0ed83184d071749e6306679f0316f2cbb6c,112,JHG30_4eadf161bf2a,protected_md_test_metadata_only,-1,protected_evaluation_metadata_only
MD__5vu3_B,md_ired,5vu3_B,5vu3,B,0a2f6cdf921dddef0c5b3740c92e3bec36624386c848d8b47753fdddee267f00,170,JHG30_2e674364f821,weak_train,-1,included_in_development_residue_labels
MD__5w4a_B,md_ired,5w4a_B,5w4a,B,3521d2017676ed7dfcb2d5803f972e41f0dbaa20a38c8f6ef1a053203b47f01d,216,JHG30_e331dfdb81dc,weak_train,-1,included_in_development_residue_labels
MD__5w4d_B,md_ired,5w4d_B,5w4d,B,cbae648b9b09f94a9b9bf2bf7f6b9bcdd40ed5e4a224770a2ce7bf8b7c9cf555,216,JHG30_e331dfdb81dc,weak_train,-1,included_in_development_residue_labels
MD__5w5c_A,md_ired,5w5c_A,5w5c,A,f6116cf7ffa4e7a9944de017c79119a9044fd8922a2d6ba187c2e18e78eb2b76,40,JHG30_6b11d2f76861,weak_train,-1,included_in_development_residue_labels
MD__5wbx_B,md_ired,5wbx_B,5wbx,B,8b0d1df4c78ca85de44316afbe579b45448047c022b2f8c302e0727daf2d06de,95,JHG30_e4ebac83c748,weak_train,-1,included_in_development_residue_labels
MD__5wfy_A,md_ired,5wfy_A,5wfy,A,bd410ba265c65c23832017640aa5c29c98ba6f5b44da083e7b299b9d14b1be71,136,JHG30_ee2f51fa100e,weak_train,-1,included_in_development_residue_labels
MD__5wqq_A,md_ired,5wqq_A,5wqq,A,dee70b20a03998cab735bf0a983ba7a7274fca02533be71fcf9a0612e0d151e8,83,JHG30_92a7ad456b12,weak_train,-1,included_in_development_residue_labels
MD__5wvo_C,md_ired,5wvo_C,5wvo,C,69c9e3d94b259683151ecf32a3cf1ca78e69ac37576d115699717d2c27f9f5e9,250,JHG30_d48462506a19,weak_train,-1,included_in_development_residue_labels
MD__5wx9_A,md_ired,5wx9_A,5wx9,A,12b8230e800b153232cfe2a63ac0876f8a7f920656f6325f5333dfb7eb012dde,131,JHG30_4de48238a183,weak_train,-1,included_in_development_residue_labels
MD__5x0b_A,md_ired,5x0b_A,5x0b,A,9a8ea17498e68f60608ac52f12fd8e9f77a849e100d5f852e5e2c5a3520d960b,242,JHG30_b08824a78006,weak_train,-1,included_in_development_residue_labels
MD__5x1e_A,md_ired,5x1e_A,5x1e,A,0b2ac9d9d77283bb620437a1dfd0b5c770f252a6fbdd23524eb282fef13ac133,110,JHG30_a58fb1abf3c9,weak_train,-1,included_in_development_residue_labels
MD__5x1e_B,md_ired,5x1e_B,5x1e,B,87c64e0e7c11780ceb5fc4385db8fbdbcffd8bbe69c62bc8458679adb79a570f,148,JHG30_50c09711f6ba,protected_md_test_metadata_only,-1,protected_evaluation_metadata_only
MD__5x1e_D,md_ired,5x1e_D,5x1e,D,298ef5c225ec987ead26b8816ba987439fe3d30fafbc933446f6bb62a61fb853,111,JHG30_a58fb1abf3c9,weak_train,-1,included_in_development_residue_labels
MD__5x1e_E,md_ired,5x1e_E,5x1e,E,87c64e0e7c11780ceb5fc4385db8fbdbcffd8bbe69c62bc8458679adb79a570f,148,JHG30_50c09711f6ba,protected_md_test_metadata_only,-1,protected_evaluation_metadata_only
MD__5x1u_B,md_ired,5x1u_B,5x1u,B,8d49ce85e2b9b0c40a9ff738fb1ba87b38d3df5c0239ab64b4cd19cf64bd4982,208,JHG30_9f318a32b0fc,weak_train,-1,included_in_development_residue_labels
MD__5xbc_B,md_ired,5xbc_B,5xbc,B,37ee4ab24bf3034754b0d0edbb4ac1b976ccf8f2c467d1ba2c29cd1daf8aa4cc,118,JHG30_8070f0bd2d3b,weak_train,-1,included_in_development_residue_labels
MD__5xct_B,md_ired,5xct_B,5xct,B,4402dfbe12e048c5a4e9cd43f8d1e52f70cc64fbdb4729ab952c0dd8df23d295,163,JHG30_ba0d638f6c8a,weak_validation,-1,included_in_development_residue_labels
MD__5ydn_A,md_ired,5ydn_A,5ydn,A,ec5cdd8ca6a8e80d6138512901a09e03f72349f0425edc0f70ed593c349fd095,109,JHG30_9f2f6a5be1bb,weak_train,-1,included_in_development_residue_labels
MD__5ygh_A,md_ired,5ygh_A,5ygh,A,1515a51b12d6e7cb19fbec405ee0ee4c50c64bf1da65ff93399e298fe77831cc,76,JHG30_b3485115e416,weak_train,-1,included_in_development_residue_labels
MD__5yrt_C,md_ired,5yrt_C,5yrt,C,4c06652e8aa5581bb74d5eed0fce7f4f12b079eee52733e52ffcc7c5ea9d83fb,137,JHG30_9dfa01f7c038,weak_train,-1,included_in_development_residue_labels
MD__5yrv_I,md_ired,5yrv_I,5yrv,I,4c06652e8aa5581bb74d5eed0fce7f4f12b079eee52733e52ffcc7c5ea9d83fb,137,JHG30_9dfa01f7c038,weak_train,-1,included_in_development_residue_labels
MD__5z1n_A,md_ired,5z1n_A,5z1n,A,e2d4efb9490a99bae191446ad528a960469f8650922f9534be273488420a57aa,168,JHG30_1d0279209e3d,weak_train,-1,included_in_development_residue_labels
MD__5z42_A,md_ired,5z42_A,5z42,A,0d1a0e0fc518c72fc5b76dbc7998912823278e565f1ba4c3f2cc12865112c829,102,JHG30_d88dfbabaff9,weak_train,-1,included_in_development_residue_labels
MD__5z51_A,md_ired,5z51_A,5z51,A,9e9aa04c24502084ee2e6223f24579b276cac9c5ee1f07879662cfa4c63ed715,162,JHG30_10fe550e49ba,weak_train,-1,included_in_development_residue_labels
MD__5zlq_A,md_ired,5zlq_A,5zlq,A,95aadf27ddf03e523b4099656d1d450355f545a1ebbdcdb35bd8e8c5f0bdcbcf,162,JHG30_ef1d5e16dbb0,weak_train,-1,included_in_development_residue_labels
MD__5zmo_A,md_ired,5zmo_A,5zmo,A,e59a77b714d825f7f0497fecae7f9ff48033f20fdefd8a2a6ce88d5924de4fc6,172,JHG30_47e11921a447,weak_train,-1,included_in_development_residue_labels
MD__6a02_A,md_ired,6a02_A,6a02,A,b3b776300ce386e7e0ec09aebbdead375a8bf02753c6149362d28289a366778e,185,JHG30_6398a79feae7,weak_train,-1,included_in_development_residue_labels
MD__6a9a_A,md_ired,6a9a_A,6a9a,A,72a346f59c1bd212330d1091891de0478ea772527e7eeacb7bc05ddcc35ef128,246,JHG30_5bf4db1e0467,weak_train,-1,included_in_development_residue_labels
MD__6anz_A,md_ired,6anz_A,6anz,A,38ea6f5df1a9911abc544111f8e93f4447c849b5de9f9ade5c277ff30647d856,146,JHG30_7fdd216368e4,weak_train,-1,included_in_development_residue_labels
MD__6as3_A,md_ired,6as3_A,6as3,A,6842f2aac693bcf7804cdcf0907f0e2173df99de51e6131642c802de9435db33,106,JHG30_94e91a3eb6a8,protected_md_test_metadata_only,-1,protected_evaluation_metadata_only
MD__6as3_B,md_ired,6as3_B,6as3,B,6842f2aac693bcf7804cdcf0907f0e2173df99de51e6131642c802de9435db33,106,JHG30_94e91a3eb6a8,protected_md_test_metadata_only,-1,protected_evaluation_metadata_only
MD__6asd_C,md_ired,6asd_C,6asd,C,641187c31e7c2c4c659704ea67b6e5a2d8c8d92f9f5661747f369fa2f2d3e582,47,JHG30_05befa9243cf,weak_train,-1,included_in_development_residue_labels
MD__6atg_C,md_ired,6atg_C,6atg,C,a717d36cf6dd6ce956130db54456c24d16b8ac65aaa04225a002ed26911c6269,214,JHG30_cd49eb03902c,protected_md_test_metadata_only,-1,protected_evaluation_metadata_only
MD__6avj_B,md_ired,6avj_B,6avj,B,db2264bf2d349cb2897c860dbab8e095c1934cb5c8be75b90407c5c00bc94052,92,JHG30_92b464342d06,weak_train,-1,included_in_development_residue_labels
MD__6b6m_A,md_ired,6b6m_A,6b6m,A,478cc0bddf82dc8bf034857badf0428149cf05bc8e11495485924a3bac90c702,156,JHG30_23c442c6e71f,protected_md_test_metadata_only,-1,protected_evaluation_metadata_only
MD__6bk4_A,md_ired,6bk4_A,6bk4,A,e98a769058e257bfc1fc1ec862f6874110c1a860c9e383df2f7dccf62a72a29a,124,JHG30_e2c90cb60001,protected_md_test_metadata_only,-1,protected_evaluation_metadata_only
MD__6bn0_A,md_ired,6bn0_A,6bn0,A,64173c95c292f387f1ed9298177ac830e168d22169105be92f5e06e93f2bb675,79,JHG30_691966a2fee4,weak_train,-1,included_in_development_residue_labels
MD__6bwq_A,md_ired,6bwq_A,6bwq,A,e82299f8af8eb3853b89dcd04020446f2d349e4efaf3dda552978344ca2220e1,149,JHG30_77a88a15aab0,weak_train,-1,included_in_development_residue_labels
MD__6bwr_A,md_ired,6bwr_A,6bwr,A,e82299f8af8eb3853b89dcd04020446f2d349e4efaf3dda552978344ca2220e1,149,JHG30_77a88a15aab0,weak_train,-1,included_in_development_residue_labels
MD__6c0h_A,md_ired,6c0h_A,6c0h,A,2f8f079a04c508cd75c3a1ca4649e8e307e621c0e35196104633152dd9baa42a,121,JHG30_b859818b2a9d,weak_train,-1,included_in_development_residue_labels
MD__6c62_C,md_ired,6c62_C,6c62,C,1fb93952b38ec8acfbde539f288a509c6420caea6f0e4b389daa33017f2a08c1,68,JHG30_a2bc9a3b70d1,weak_train,-1,included_in_development_residue_labels
MD__6c62_D,md_ired,6c62_D,6c62,D,1fb93952b38ec8acfbde539f288a509c6420caea6f0e4b389daa33017f2a08c1,68,JHG30_a2bc9a3b70d1,weak_train,-1,included_in_development_residue_labels
MD__6cb6_A,md_ired,6cb6_A,6cb6,A,98007d2268588c93ed6aa969dc840d0c7bd892f1b0d24a3c36a4a8d4c1aab905,122,JHG30_e6eaf6f4390b,weak_train,-1,included_in_development_residue_labels
MD__6cb7_A,md_ired,6cb7_A,6cb7,A,98007d2268588c93ed6aa969dc840d0c7bd892f1b0d24a3c36a4a8d4c1aab905,122,JHG30_e6eaf6f4390b,weak_train,-1,included_in_development_residue_labels
MD__6cka_B,md_ired,6cka_B,6cka,B,999c036686a4b17072f89752b0b9e41f2d0dda7354608ef4ed91645b493cfb77,68,JHG30_d7b7b1caaeaf,weak_train,-1,included_in_development_residue_labels
MD__6crk_G,md_ired,6crk_G,6crk,G,bb5274ad0cdb9a05ae99ad6549e02111132ee9c29300afc889eb0147e210af9e,71,JHG30_1cfac7074e21,weak_train,-1,included_in_development_residue_labels
MD__6d7y_A,md_ired,6d7y_A,6d7y,A,fc038fb201e8bb8f21159dd9c31d22b1c523736d323a4411e9c3513fe4edf467,96,JHG30_662269d2c072,weak_train,-1,included_in_development_residue_labels
MD__6d7y_B,md_ired,6d7y_B,6d7y,B,82e0af74741b2cad1ae713d8f55b32cd2a0d23ccbad8f8f065c69199f5ca5eb5,155,JHG30_8ef24b96412a,weak_train,-1,included_in_development_residue_labels
MD__6dgk_A,md_ired,6dgk_A,6dgk,A,c739a3a4d019a80311e7e38ea74eb51f7f7b590cfe946e9f8db9e083e0adf5e5,120,JHG30_3676671c0e1c,weak_train,-1,included_in_development_residue_labels
MD__6dgk_B,md_ired,6dgk_B,6dgk,B,c739a3a4d019a80311e7e38ea74eb51f7f7b590cfe946e9f8db9e083e0adf5e5,120,JHG30_3676671c0e1c,weak_train,-1,included_in_development_residue_labels
MD__6dlm_A,md_ired,6dlm_A,6dlm,A,2a160c6e816a89ca9b7dc0ab5f491db11080b10560994c473098a2aa56cf11fe,75,JHG30_912954028cd5,weak_train,-1,included_in_development_residue_labels
MD__6dnm_A,md_ired,6dnm_A,6dnm,A,94f768f84cae4a53247fb9b182d5b5cf8f0a76ae3551b3b9873f8f1e0cd8cc5a,190,JHG30_118562134cf7,weak_train,-1,included_in_development_residue_labels
MD__6e0x_B,md_ired,6e0x_B,6e0x,B,c6c2d9eaac51a5e4b5b0737d555f17683739736cc047faa0f7d0866bd53de026,169,JHG30_e08638bfc1e7,weak_train,-1,included_in_development_residue_labels
MD__6e33_A,md_ired,6e33_A,6e33,A,92923efd2ce9513778e57057cb9589347bcd641d07c7e3ebbb5426d3788a06ba,61,JHG30_156d72a4f83b,protected_md_test_metadata_only,-1,protected_evaluation_metadata_only
MD__6e6o_A,md_ired,6e6o_A,6e6o,A,8cfca45e6798a82ea246e614e53a8bdc8dd951beac2efe97e51e041337cdb7a8,40,JHG30_bdd017d92e02,weak_validation,-1,included_in_development_residue_labels
MD__6e7e_A,md_ired,6e7e_A,6e7e,A,516014143ec73fd702d0ae1da8ed2fc693e797bbc7c4a5ebdc08ec82b09479ab,169,JHG30_8f207626c720,weak_train,-1,included_in_development_residue_labels
MD__6eu8_A,md_ired,6eu8_A,6eu8,A,950510117c6ef07fc2aca87aa25ad681d952516d94c9de7662b35f89e78c7666,196,JHG30_565e2d4f9507,weak_train,-1,included_in_development_residue_labels
MD__6exa_B,md_ired,6exa_B,6exa,B,9254c2d98f9376a907998e940e330828f733c1dae70f7c00cd95b42fb2b8a191,235,JHG30_9f318a32b0fc,weak_train,-1,included_in_development_residue_labels
MD__6fbz_B,md_ired,6fbz_B,6fbz,B,6c301e12f560b23fb00f3f12b7513e1ff395858de5197e39dccbd8ac4e9548a3,81,JHG30_57f3d738dfef,weak_validation,-1,included_in_development_residue_labels
MD__6fc0_B,md_ired,6fc0_B,6fc0,B,6c301e12f560b23fb00f3f12b7513e1ff395858de5197e39dccbd8ac4e9548a3,81,JHG30_57f3d738dfef,weak_validation,-1,included_in_development_residue_labels
MD__6fub_B,md_ired,6fub_B,6fub,B,5ed580384d69e4afe7be88779dff17f2f0b243aea43eab7736177097fddcc367,93,JHG30_e50c98925484,weak_train,-1,included_in_development_residue_labels
MD__6fy5_A,md_ired,6fy5_A,6fy5,A,211d926e56620249873e0998755196dbf390237e831f42eef2b9d8d65930e2ab,198,JHG30_6f5b15b25af4,weak_train,-1,included_in_development_residue_labels
MD__6gfx_C,md_ired,6gfx_C,6gfx,C,7f181adf4ae6669fc2426cbffd2e5e2ff3edeb2a98303ae84f8e3161c14db4e6,160,JHG30_c2d840f5f653,weak_train,-1,included_in_development_residue_labels
MD__6gu2_C,md_ired,6gu2_C,6gu2,C,341401ce23790a807fcdaede679424a145c4c2dac812d33f29ab81551e069a3c,84,JHG30_576ec4b943c9,weak_train,-1,included_in_development_residue_labels
MD__6gus_A,md_ired,6gus_A,6gus,A,0ddd71bca0f6b20c9a8b847acf4d6c12aeda95af883c24884aa0308dbf8ff35e,155,JHG30_744ef6c3c28e,weak_train,-1,included_in_development_residue_labels
MD__6h49_A,md_ired,6h49_A,6h49,A,996f8e262b7a0db85acc1b9a9c16208ec6de70c785aa021c3fa9132c0dba8c56,157,JHG30_42ae3673500c,weak_train,-1,included_in_development_residue_labels
MD__6h95_A,md_ired,6h95_A,6h95,A,677a9b4a068a0a23631edc33d34a89023bfe28b7302030ff1648e304a9bf9c9b,226,JHG30_290545d05ef5,weak_train,-1,included_in_development_residue_labels
MD__6hj6_A,md_ired,6hj6_A,6hj6,A,5c5ee4243447fe88eede3cad15c54631b995a40f79bea1ff6fbedf86438deae6,171,JHG30_9f1ec002ec8c,weak_train,-1,included_in_development_residue_labels
MD__6hr2_B,md_ired,6hr2_B,6hr2,B,c2eceb80e8579c57434348f1491342690357a72a38bbfc9d62ff358eb35acf35,149,JHG30_c2d840f5f653,weak_train,-1,included_in_development_residue_labels
MD__6i0i_A,md_ired,6i0i_A,6i0i,A,28ef210958f92c6b7d13a64cc3f76beee39d45c98f3608435dac8ad0b7fefe91,108,JHG30_ddbf6272bc00,protected_md_test_metadata_only,-1,protected_evaluation_metadata_only
MD__6i3v_A,md_ired,6i3v_A,6i3v,A,8b71fbb62476b3f8b26712939aa964e51947bb7da67ae5fbdc4b297cd9175376,69,JHG30_64593ca151e2,protected_md_test_metadata_only,-1,protected_evaluation_metadata_only
MD__6iah_A,md_ired,6iah_A,6iah,A,1d49a11e703dd40352511907dfdbc65f2f8b7844c5fc98240627acae1e09336d,240,JHG30_85aa19cc4faf,weak_train,-1,included_in_development_residue_labels
MD__6in7_A,md_ired,6in7_A,6in7,A,2d63591510df0d0f6429d007b198ed8fdab59e272470da0b7545fbb2b13ea237,81,JHG30_aec6d634f9fa,weak_train,-1,included_in_development_residue_labels
MD__6j56_A,md_ired,6j56_A,6j56,A,6ff3116fa1d8d7cea059df90f2f82a3fedd58c2aa240919408a2a5d2c37c418f,129,JHG30_206e51b4c296,protected_md_test_metadata_only,-1,protected_evaluation_metadata_only
MD__6j56_B,md_ired,6j56_B,6j56,B,6ff3116fa1d8d7cea059df90f2f82a3fedd58c2aa240919408a2a5d2c37c418f,129,JHG30_206e51b4c296,protected_md_test_metadata_only,-1,protected_evaluation_metadata_only
MD__6jpt_A,md_ired,6jpt_A,6jpt,A,79d2463c8acf45633d510db5e7e97e62956456a45077c80daec252c1dd5b3e37,122,JHG30_5eaed929ecbb,weak_train,-1,included_in_development_residue_labels
MD__6jv8_A,md_ired,6jv8_A,6jv8,A,fe82205469d5222acaf2befa8610f50c4d2983ebb7097dd55e365d13f68b0c89,76,JHG30_496313023099,weak_validation,-1,included_in_development_residue_labels
MD__6l34_A,md_ired,6l34_A,6l34,A,09da78b6d97aaeb0d4790af09d1b4734664629709b54731d23e215653d5cae0d,68,JHG30_2d5694ac15de,weak_train,-1,included_in_development_residue_labels
MD__6l4p_B,md_ired,6l4p_B,6l4p,B,d1826971b6df4af23e011fe204268ecd5341b4aef0207ce8b1b7456f1519a2c8,145,JHG30_6984ab63a1fa,weak_validation,-1,included_in_development_residue_labels
MD__6lus_A,md_ired,6lus_A,6lus,A,8ca66df75c8ad42d6e7d22ef01710c1322a2217041cf6a5bccf831604670abbc,133,JHG30_4eadf161bf2a,protected_md_test_metadata_only,-1,protected_evaluation_metadata_only
MD__6mbg_A,md_ired,6mbg_A,6mbg,A,65980df457297793dba67088893f316f29329767416aad78f7eaa0428798ba97,285,JHG30_1ec94aef4244,weak_train,-1,included_in_development_residue_labels
MD__6mdw_A,md_ired,6mdw_A,6mdw,A,3192e095025fc8ff4adc97ec0a009863c8290e98f9cb80c4b20935918cc3a5f0,194,JHG30_b0b25554d7b4,weak_train,-1,included_in_development_residue_labels
MD__6mdx_A,md_ired,6mdx_A,6mdx,A,81c4f6893e1974ab27feda7c412e19fb3aad3a1a29d146aa22a954456d28e05f,185,JHG30_b0b25554d7b4,weak_train,-1,included_in_development_residue_labels
MD__6mm7_C,md_ired,6mm7_C,6mm7,C,37881a7694b211b366b995b7e48afc1f308736d09e02a5b2e93257916b233fc5,209,JHG30_e4ec2ade91df,weak_train,-1,included_in_development_residue_labels
MD__6ndw_B,md_ired,6ndw_B,6ndw,B,48ba442276440bd817d16fc3b92d9432c89f2a44fc2f09c39d8f5adec593cfee,178,JHG30_f35b79328187,weak_train,-1,included_in_development_residue_labels
MD__6o19_A,md_ired,6o19_A,6o19,A,75dbd615507dbd09c1248761500011de9a4718aeca5f51d83febd2904442b3c3,59,JHG30_156d72a4f83b,protected_md_test_metadata_only,-1,protected_evaluation_metadata_only
MD__6o2v_A,md_ired,6o2v_A,6o2v,A,2493cd9616022a7870648525d810035d02bd296eb801505ad2b9db800ff10a01,135,JHG30_fb927e152891,weak_train,-1,included_in_development_residue_labels
MD__6o2v_B,md_ired,6o2v_B,6o2v,B,2493cd9616022a7870648525d810035d02bd296eb801505ad2b9db800ff10a01,135,JHG30_fb927e152891,weak_train,-1,included_in_development_residue_labels
MD__6odd_B,md_ired,6odd_B,6odd,B,82a6152b43250d28a5f67ebcceb9711378171d1874a3f771a1e37b4139628595,74,JHG30_7931ac0fa794,weak_train,-1,included_in_development_residue_labels
MD__6okd_C,md_ired,6okd_C,6okd,C,2cce27e8aea25299162f1746474774a9d0f24715606dd0c8bde3562a42a98835,51,JHG30_169795b165d5,weak_train,-1,included_in_development_residue_labels
MD__6okd_D,md_ired,6okd_D,6okd,D,2cce27e8aea25299162f1746474774a9d0f24715606dd0c8bde3562a42a98835,51,JHG30_169795b165d5,weak_train,-1,included_in_development_residue_labels
MD__6ono_C,md_ired,6ono_C,6ono,C,b25b03cd04078da6dc319ca2f6bd5009e6e384860ee1e3e3ffadb799e237c302,76,JHG30_59f925b8a7a7,weak_train,-1,included_in_development_residue_labels
MD__6onu_C,md_ired,6onu_C,6onu,C,b25b03cd04078da6dc319ca2f6bd5009e6e384860ee1e3e3ffadb799e237c302,76,JHG30_59f925b8a7a7,weak_train,-1,included_in_development_residue_labels
MD__6ovk_R,md_ired,6ovk_R,6ovk,R,0ce17e80981668ea25096a2863440eea115fc74f988ef65a3516f97f14ed1c22,219,JHG30_3a3f93f1ffb0,weak_train,-1,included_in_development_residue_labels
MD__6ovm_R,md_ired,6ovm_R,6ovm,R,0ce17e80981668ea25096a2863440eea115fc74f988ef65a3516f97f14ed1c22,219,JHG30_3a3f93f1ffb0,weak_train,-1,included_in_development_residue_labels
MD__6p5h_A,md_ired,6p5h_A,6p5h,A,d6ba2a7261fc8ef11945c9b7045c24e83cfd432418b378f1d25b4b53b496e9bf,105,JHG30_d5414ada053e,weak_train,-1,included_in_development_residue_labels
MD__6p5h_B,md_ired,6p5h_B,6p5h,B,d6ba2a7261fc8ef11945c9b7045c24e83cfd432418b378f1d25b4b53b496e9bf,105,JHG30_d5414ada053e,weak_train,-1,included_in_development_residue_labels
MD__6pce_A,md_ired,6pce_A,6pce,A,8dc884e0f5d15796499473ca0f5b8e2badb04c4d4eb7bd34ee8d297e07645bcd,70,JHG30_b6d18cd2937b,weak_train,-1,included_in_development_residue_labels
MD__6pce_B,md_ired,6pce_B,6pce,B,8dc884e0f5d15796499473ca0f5b8e2badb04c4d4eb7bd34ee8d297e07645bcd,70,JHG30_b6d18cd2937b,weak_train,-1,included_in_development_residue_labels
MD__6pxz_B,md_ired,6pxz_B,6pxz,B,7b5a32211e2a7e4a96e41a7e52eca4016a41a623abe15d530226c5333f42f2be,104,JHG30_2c45a2b43b1b,weak_train,-1,included_in_development_residue_labels
MD__6pxz_C,md_ired,6pxz_C,6pxz,C,7b5a32211e2a7e4a96e41a7e52eca4016a41a623abe15d530226c5333f42f2be,104,JHG30_2c45a2b43b1b,weak_train,-1,included_in_development_residue_labels
MD__6q10_A,md_ired,6q10_A,6q10,A,52b85f024e88f9611ea34acf4c460333a68f664533e64558adc80bf0ec39ab5c,155,JHG30_82423d20789a,weak_train,-1,included_in_development_residue_labels
MD__6q9c_A,md_ired,6q9c_A,6q9c,A,932115d7dbb43f02f53bcc6cbcf60d4e54ddcb8fc215d1f56ffb3d1a8a9288dd,155,JHG30_4facccc59da2,weak_train,-1,included_in_development_residue_labels
MD__6q9c_C,md_ired,6q9c_C,6q9c,C,932115d7dbb43f02f53bcc6cbcf60d4e54ddcb8fc215d1f56ffb3d1a8a9288dd,155,JHG30_4facccc59da2,weak_train,-1,included_in_development_residue_labels
MD__6qgr_B,md_ired,6qgr_B,6qgr,B,49194c0a218c729748c4116af81f3df18b196b277ce439da11f0875849a6d0a3,291,JHG30_3f5523631fcf,weak_train,-1,included_in_development_residue_labels
MD__6ro6_A,md_ired,6ro6_A,6ro6,A,603ee7dc24b0e4e4ded288482470bf9bb251846eaca3487f2db704b8e82d4695,58,JHG30_fb6644ec0478,weak_train,-1,included_in_development_residue_labels
MD__6ro6_B,md_ired,6ro6_B,6ro6,B,603ee7dc24b0e4e4ded288482470bf9bb251846eaca3487f2db704b8e82d4695,58,JHG30_fb6644ec0478,weak_train,-1,included_in_development_residue_labels
MD__6rrv_A,md_ired,6rrv_A,6rrv,A,9410189af00e982b834fc0f2bb97c87d62aa29b2e30b91db3d322ad77d5c42e0,127,JHG30_8d55228724b0,protected_md_test_metadata_only,-1,protected_evaluation_metadata_only
MD__6rwt_A,md_ired,6rwt_A,6rwt,A,6b23b4d95736664b773e72e67b5c6374fd606a8e8712f8b80c3c3573599570c1,184,JHG30_01cdf5ad318e,weak_train,-1,included_in_development_residue_labels
MD__6sdk_A,md_ired,6sdk_A,6sdk,A,12a104c42748d8b2d724fada526af90fa2164cee049ce152ae7906e034ec9e83,199,JHG30_71e61472df8d,weak_train,-1,included_in_development_residue_labels
MD__6spt_A,md_ired,6spt_A,6spt,A,1b96c123567572c9847df1600522a40323c3412b70dd90f832992e19d4d56eb2,69,JHG30_050aa865f6f7,weak_train,-1,included_in_development_residue_labels
MD__6tgk_C,md_ired,6tgk_C,6tgk,C,f010d9b0c539a1e28bc7c81c2c88c0185d6e273fa97f11ef34aec59eb2a85c9a,105,JHG30_d78bdeac76f4,weak_train,-1,included_in_development_residue_labels
MD__6tj6_C,md_ired,6tj6_C,6tj6,C,f1d7ff3383606758eb8668f8a73c860dee240f1e4a6bcb85b05e1135352017e2,46,JHG30_0dbd51738e4a,weak_train,-1,included_in_development_residue_labels
MD__6tly_A,md_ired,6tly_A,6tly,A,c1d240a362511ceaaf1a420d90242adfcfcd4495e58d6758d62806a05ed20943,99,JHG30_f2619d896399,weak_train,-1,included_in_development_residue_labels
MD__6uof_A,md_ired,6uof_A,6uof,A,b469b363ac0401a95be6d97873f4f406098350264f8381b33410820c6c7510d3,119,JHG30_431932faa1bf,weak_train,-1,included_in_development_residue_labels
MD__6uxe_B,md_ired,6uxe_B,6uxe,B,e33af1e9e9de64ead9bdfee2f79a9a404bb9431e7d121978c3291cd73f81e3dd,91,JHG30_7931ac0fa794,weak_train,-1,included_in_development_residue_labels
MD__6vg5_A,md_ired,6vg5_A,6vg5,A,7572110d465f37793da985e3fb953918a7201a1df71b1e075231d1d8701e1a4c,81,JHG30_b3485115e416,weak_train,-1,included_in_development_residue_labels
MD__6vjg_A,md_ired,6vjg_A,6vjg,A,2ede6dcbd8d69b79497e3a539e8bb75bcc2f9f6443ea3962736abe3fc57cba33,110,JHG30_c9ac79c9aed5,weak_train,-1,included_in_development_residue_labels
MD__6w6x_A,md_ired,6w6x_A,6w6x,A,01cdce3477eca58a4c201feed322028a972be793488ebef24ce84dd3e6af301f,126,JHG30_f5dc63c9edd0,weak_train,-1,included_in_development_residue_labels
MD__6wqd_B,md_ired,6wqd_B,6wqd,B,66e05f5a51078a10b5dfd72503066b15f4e4bc4ee0d7d94e5aa04a4634bdb6d5,122,JHG30_ca4c2f75367b,weak_train,-1,included_in_development_residue_labels
MD__6wzw_A,md_ired,6wzw_A,6wzw,A,1e44ed05874e6b703d5cab68b870f5aa25bc1bac6c7fe93e65f73d52e3b2bb6c,226,JHG30_9cb26b553088,weak_train,-1,included_in_development_residue_labels
MD__6xb3_A,md_ired,6xb3_A,6xb3,A,2cfdad413792115d66de62def70e356f3c51fde5dc7b64199e25ad7a63976339,241,JHG30_8513dd6f5d77,weak_validation,-1,included_in_development_residue_labels
MD__6xb3_H,md_ired,6xb3_H,6xb3,H,2cfdad413792115d66de62def70e356f3c51fde5dc7b64199e25ad7a63976339,241,JHG30_8513dd6f5d77,weak_validation,-1,included_in_development_residue_labels
MD__6y2x_A,md_ired,6y2x_A,6y2x,A,24f9da046bcc403b0eceb347e81b8f04548f28b2691c70ea2955546d72c47b51,235,JHG30_79a6cac47513,weak_train,-1,included_in_development_residue_labels
MD__6y43_A,md_ired,6y43_A,6y43,A,80ee5adae365f78ba65c45de6a01472433dfde6c0f4249ec12a481be1124469b,222,JHG30_52bfef8575b2,weak_train,-1,included_in_development_residue_labels
MD__6y5p_B,md_ired,6y5p_B,6y5p,B,cfc82781a70e998d468419801a1eb9f03a766d5cd7b3a3a3fd32e1cb0ce0edba,235,JHG30_79a6cac47513,weak_train,-1,included_in_development_residue_labels
MD__6yhu_B,md_ired,6yhu_B,6yhu,B,c26df6dd0f9d06c13f9ee45e5118e486fc5786cd4363712ffba44afc29d88d2f,117,JHG30_ca4c2f75367b,weak_train,-1,included_in_development_residue_labels
MD__6ypi_A,md_ired,6ypi_A,6ypi,A,b137104dceac04c52bddd040a23ec174d562230700985b713efeb562326a7fa8,97,JHG30_09815a527fe8,weak_validation,-1,included_in_development_residue_labels
MD__6yud_B,md_ired,6yud_B,6yud,B,65357f897a81f60aa27cea7e526d53e9e58349c82114aa3f799155faaad35d51,111,JHG30_c9ac79c9aed5,weak_train,-1,included_in_development_residue_labels
MD__6z2t_A,md_ired,6z2t_A,6z2t,A,8e50e261de83c8a3f86121e10c37eb029ad5dbd309ec20ab7dd1cac7352ab504,58,JHG30_e78714c0592e,weak_train,-1,included_in_development_residue_labels
MD__6zdt_B,md_ired,6zdt_B,6zdt,B,53ed6c62339223ffe31a13ed054d25cc4a0d40ef0769d0fb8e35bbb94364accb,168,JHG30_4d4676d3fe9e,weak_train,-1,included_in_development_residue_labels
MD__6zpe_A,md_ired,6zpe_A,6zpe,A,2c5eb044a048be699b2432b55c7a41d24c3920781004cc9eb91e1ec08d4d546b,125,JHG30_71a2f199da0f,protected_md_test_metadata_only,-1,protected_evaluation_metadata_only
MD__7a66_B,md_ired,7a66_B,7a66,B,b54208c5ec889de034557fb0a799c052c4b8f58038ecdf30d10e961045bf67dd,86,JHG30_bc455ba76a46,weak_train,-1,included_in_development_residue_labels
MD__7a66_C,md_ired,7a66_C,7a66,C,b54208c5ec889de034557fb0a799c052c4b8f58038ecdf30d10e961045bf67dd,86,JHG30_bc455ba76a46,weak_train,-1,included_in_development_residue_labels
MD__7adr_C,md_ired,7adr_C,7adr,C,7c7c547316c2db97032b168fbfbc2b9d5c1305fb9d357af4ecaae2ea0d5230a3,113,JHG30_5591a60d265c,weak_train,-1,included_in_development_residue_labels
MD__7aex_A,md_ired,7aex_A,7aex,A,3dd2999c8448752908945ffb181454d78e0932beee60931c9b22a885ce778316,275,JHG30_d3a84b41179b,weak_train,-1,included_in_development_residue_labels
MD__7bhc_A,md_ired,7bhc_A,7bhc,A,87228dcf0429cb2f60ca1ef881aa1e2f4588fad9d33f449dae8ede0408fc1f8b,219,JHG30_4d2aa2b30532,weak_train,-1,included_in_development_residue_labels
MD__7bqi_A,md_ired,7bqi_A,7bqi,A,755bb777d5872c404a3e299661bb69a44791dcc29a84035a14fcc5cd2470b959,183,JHG30_e2303b1c10bc,protected_md_test_metadata_only,-1,protected_evaluation_metadata_only
MD__7bwf_B,md_ired,7bwf_B,7bwf,B,149155f6f5c2304d27f08d202efa4d40f834cea07a21ff5343d634cc467bc5df,92,JHG30_40cacbf2b276,weak_train,-1,included_in_development_residue_labels
MD__7c21_A,md_ired,7c21_A,7c21,A,e71be44a0ead97d49e5def929eb591ac597bdcda7c10ef61ae09369897f068ae,112,JHG30_026919c34d15,weak_train,-1,included_in_development_residue_labels
MD__7ccg_A,md_ired,7ccg_A,7ccg,A,a0293bc130e31ef146d0edccfc54b7228a5b0e421c621fda19abe2281fe3ca33,271,JHG30_86e47e719bbf,protected_md_test_metadata_only,-1,protected_evaluation_metadata_only
MD__7e2s_A,md_ired,7e2s_A,7e2s,A,44ea7120066ea96c86b98c82ed571fec3b0b599af91fd8015f387c90cbf6d39c,233,JHG30_82a1ce0bccd8,weak_validation,-1,included_in_development_residue_labels
MD__7ead_A,md_ired,7ead_A,7ead,A,8afaeb3dce617fd9602039aae5dd5761e595e7ee613eaa698278751a11b746e1,135,JHG30_93b1ad74c959,weak_train,-1,included_in_development_residue_labels
MD__7ecq_A,md_ired,7ecq_A,7ecq,A,967c82e707243dba97ae8f67f79ae7d6509cfcb9998623fb29112b1499efc391,175,JHG30_53ed28c7c2e1,weak_train,-1,included_in_development_residue_labels
MD__7fd1_A,md_ired,7fd1_A,7fd1,A,b26a5c032edcef6ffa4961daf185cad8d1950a02d0f7497dcfc44b2fda346ced,106,JHG30_731a00ff9ef9,weak_validation,-1,included_in_development_residue_labels
MD__7jfl_C,md_ired,7jfl_C,7jfl,C,052578e186430048a32709a16d3237c5bdeb40e5383b94772f7cf9ac91b15bca,47,JHG30_0908b70ef2a9,weak_train,-1,included_in_development_residue_labels
MD__7jfl_D,md_ired,7jfl_D,7jfl,D,052578e186430048a32709a16d3237c5bdeb40e5383b94772f7cf9ac91b15bca,47,JHG30_0908b70ef2a9,weak_train,-1,included_in_development_residue_labels
MD__7jrq_A,md_ired,7jrq_A,7jrq,A,0e42ba3a61142b747abb450689aa427c19887b5519679c8864146ced548ae903,131,JHG30_225b7a3d87eb,weak_train,-1,included_in_development_residue_labels
MD__7k7p_B,md_ired,7k7p_B,7k7p,B,965dfead85d47edd78a71d8a407f278c09d426a77d7f0454304d3155e3fc84db,118,JHG30_b49b07165cf7,weak_train,-1,included_in_development_residue_labels
MD__7kwt_A,md_ired,7kwt_A,7kwt,A,5a8192b6fa37dda29b98c9b20aaf51164df39ae7bb10dad67f27a96adea816c6,71,JHG30_e6e2f64f4a6f,weak_train,-1,included_in_development_residue_labels
MD__7la6_A,md_ired,7la6_A,7la6,A,0b3b789efe7ed89673cd4e583acf2b5408b784bb8dc8c83c22aee89b1c114fc2,221,JHG30_9b234cd74aea,weak_train,-1,included_in_development_residue_labels
MD__7lao_A,md_ired,7lao_A,7lao,A,74a3dcbbc32d4e8b10bf29edb5487246a06ed5c520ccacab13204a549b636e55,271,JHG30_26cc02c96ed3,weak_train,-1,included_in_development_residue_labels
MD__7m8h_A,md_ired,7m8h_A,7m8h,A,25a7de3801bd3d6f21a4dee33772382f1b92385f50d6032396cd33b2e978e8d6,294,JHG30_a756b30b3a83,weak_train,-1,included_in_development_residue_labels
MD__7mfu_A,md_ired,7mfu_A,7mfu,A,90bf1ec206ba677e40b5d1d040dee85fed3535c3469869d0932f83c745149cd8,197,JHG30_f44ad328fe26,weak_train,-1,included_in_development_residue_labels
MD__7mi2_A,md_ired,7mi2_A,7mi2,A,d2b2dcdc22aa9f50586acbc33de388c93457e851e72e52c2dcd66a4c2c144161,153,JHG30_71d4e47b88b0,weak_train,-1,included_in_development_residue_labels
MD__7mq3_A,md_ired,7mq3_A,7mq3,A,4a520a43feaf0114ee326d48ad69291bfd1a54e64346558b7099dd431136e669,85,JHG30_e8bdf026939a,weak_train,-1,included_in_development_residue_labels
MD__7n0j_A,md_ired,7n0j_A,7n0j,A,74d60c409ec15fe13f8bf736f218eb9d05d61d505d55b8889728fb2ebe32e0fb,101,JHG30_90bdd8702262,weak_train,-1,included_in_development_residue_labels
MD__7n0j_E,md_ired,7n0j_E,7n0j,E,74d60c409ec15fe13f8bf736f218eb9d05d61d505d55b8889728fb2ebe32e0fb,101,JHG30_90bdd8702262,weak_train,-1,included_in_development_residue_labels
MD__7n1n_A,md_ired,7n1n_A,7n1n,A,999c036686a4b17072f89752b0b9e41f2d0dda7354608ef4ed91645b493cfb77,68,JHG30_d7b7b1caaeaf,weak_train,-1,included_in_development_residue_labels
MD__7n51_A,md_ired,7n51_A,7n51,A,b58bc58dc46adfde384ff49673880530947c8bcb351744d2de0311dcb6971395,266,JHG30_104991534bcf,weak_train,-1,included_in_development_residue_labels
MD__7nru_A,md_ired,7nru_A,7nru,A,e3289f80303bc821b4bb59aab2a5cec07a80a49134219b5c17f17d4b594be714,257,JHG30_210cb65c1b6c,weak_train,-1,included_in_development_residue_labels
MD__7qgs_A,md_ired,7qgs_A,7qgs,A,6da16c17398558f74d046511f8e608093e1f80325cf562030ccbc27ac05e8a19,96,JHG30_9a772ed4d4bf,weak_train,-1,included_in_development_residue_labels
MD__7r79_B,md_ired,7r79_B,7r79,B,ec2f9755ab21e3bceffea541f20a0d9efa07f996d110b469c2f8b7ab011c0362,78,JHG30_04894a9ded2d,weak_train,-1,included_in_development_residue_labels
MD__7r79_C,md_ired,7r79_C,7r79,C,ec2f9755ab21e3bceffea541f20a0d9efa07f996d110b469c2f8b7ab011c0362,78,JHG30_04894a9ded2d,weak_train,-1,included_in_development_residue_labels
MD__7rsa_A,md_ired,7rsa_A,7rsa,A,3fdb0ecddf682ea329409cbd65f1023ab86b89d3649887fc5fd63ee07a63f307,124,JHG30_ead4e1e13649,weak_validation,-1,included_in_development_residue_labels
MD__7s58_D,md_ired,7s58_D,7s58,D,8a4656da1fb6f3662b1f3061ccb25819176daff8df27e93e2742e824c91f0fb2,85,JHG30_0680a4f8213c,weak_train,-1,included_in_development_residue_labels
MD__7s6q_C,md_ired,7s6q_C,7s6q,C,6558b2b631091eea56ee8d908d2ea4f5d3b8d8b0df9914b32984a203ac3623bb,168,JHG30_e92adf19f250,weak_train,-1,included_in_development_residue_labels
MD__7s86_A,md_ired,7s86_A,7s86,A,e5f17b630723b3e4c13a03da6bcd32871044e75260d84f95f9273e6f4399f83e,99,JHG30_6def5b356bc4,weak_validation,-1,included_in_development_residue_labels
MD__7s94_C,md_ired,7s94_C,7s94,C,217edbbe7695d98eb5e2b7e816b1150d5bf8d26c44d2f3201dc1d6a4612e1e6f,98,JHG30_06c414bcd2e8,weak_train,-1,included_in_development_residue_labels
MD__7sao_A,md_ired,7sao_A,7sao,A,81fd7f4400ea92b6a53fd3007f68118876600af81fb5a7406d01f95ff49e9276,38,JHG30_14ad1e3de48e,weak_train,-1,included_in_development_residue_labels
MD__7snb_A,md_ired,7snb_A,7snb,A,34c10d608834e796a0d705c11e73e966e6ae6262e208ab563f26097e5b235ce5,228,JHG30_0764245e8ff1,weak_validation,-1,included_in_development_residue_labels
MD__7t9q_A,md_ired,7t9q_A,7t9q,A,d6afb457ac8ddcdf528c8cf7fd1548a4ac79543960007aba71b83db5199ab98c,38,JHG30_ecd4788c4276,weak_train,-1,included_in_development_residue_labels
MD__7ubj_A,md_ired,7ubj_A,7ubj,A,efa5db0cfc9855b2f89bb2cb81b6c4f53423f283e321bd14899e5333f3f003dd,147,JHG30_27f901e2c794,weak_validation,-1,included_in_development_residue_labels
MD__7ubk_B,md_ired,7ubk_B,7ubk,B,efa5db0cfc9855b2f89bb2cb81b6c4f53423f283e321bd14899e5333f3f003dd,147,JHG30_27f901e2c794,weak_validation,-1,included_in_development_residue_labels
MD__7uhe_A,md_ired,7uhe_A,7uhe,A,e838855c39e0e4d1e976b9cef5f8852ae9cb79adf9c3b0bb5290d304e1ff1e91,76,JHG30_344bacf6fe37,weak_train,-1,included_in_development_residue_labels
MD__7uhe_C,md_ired,7uhe_C,7uhe,C,e838855c39e0e4d1e976b9cef5f8852ae9cb79adf9c3b0bb5290d304e1ff1e91,76,JHG30_344bacf6fe37,weak_train,-1,included_in_development_residue_labels
MD__7uw7_A,md_ired,7uw7_A,7uw7,A,48635f7d1e383ce1a917a97fdb4d8d220ea3ee755c1995360440cf90e15f36c4,80,JHG30_a8e95a81819a,weak_validation,-1,included_in_development_residue_labels
MD__7w81_A,md_ired,7w81_A,7w81,A,d29eb569644f411938dddf67f6c6567f0f197b025a8cb40c4e6059cb1f6239b8,181,JHG30_2d7fa8070934,weak_validation,-1,included_in_development_residue_labels
MD__7w81_B,md_ired,7w81_B,7w81,B,d29eb569644f411938dddf67f6c6567f0f197b025a8cb40c4e6059cb1f6239b8,181,JHG30_2d7fa8070934,weak_validation,-1,included_in_development_residue_labels
MD__7z1k_A,md_ired,7z1k_A,7z1k,A,7a1b1c91b1d6e7f1c0aafa13b44d67694a5e2e77d46d1f6898e9ffa67fda5c95,172,JHG30_477b38db1f8c,weak_validation,-1,included_in_development_residue_labels
MD__7z27_A,md_ired,7z27_A,7z27,A,df8c256ac7bfe4c9d9093c4f03277216f02ae6cb778a705b06fb3ab3230ae360,189,JHG30_477b38db1f8c,weak_validation,-1,included_in_development_residue_labels
MD__7zou_A,md_ired,7zou_A,7zou,A,6891ad2c29fcd35ecdb4a789d699e9383c9fb75adc454804e05009bb3bcaa187,234,JHG30_015ef1019112,weak_train,-1,included_in_development_residue_labels
MD__7zoy_A,md_ired,7zoy_A,7zoy,A,6891ad2c29fcd35ecdb4a789d699e9383c9fb75adc454804e05009bb3bcaa187,234,JHG30_015ef1019112,weak_train,-1,included_in_development_residue_labels
MD__8b2r_B,md_ired,8b2r_B,8b2r,B,4b1823461b27e110ff531407c0ec1a18dc490cc7e8a7b35c0c3219ff5d690a27,86,JHG30_e50c98925484,weak_train,-1,included_in_development_residue_labels
MD__8bbm_A,md_ired,8bbm_A,8bbm,A,d98a0343ab905e4f22bf49fbb6eafc04bee44bf81b20e7af8e174d6a92ef5331,170,JHG30_805af9cfc923,weak_train,-1,included_in_development_residue_labels
MD__8bnt_B,md_ired,8bnt_B,8bnt,B,21e1b409b75dbd2a3113cab8a2669b042201f71c807037db894ac24939b1ec50,245,JHG30_729c148db16c,protected_md_test_metadata_only,-1,protected_evaluation_metadata_only
MD__8htw_B,md_ired,8htw_B,8htw,B,9875d222cf38f04d4a55423b4fbb1a869214ef06d141108bd1d2442b1269ddbe,181,JHG30_cd65535b7773,weak_train,-1,included_in_development_residue_labels
SOPPCL__1a5j,soppe_legacy,1a5j,1a5j,A,06d928c145097503184907a5ac1ba4f989cfee81cc21c7d23ca01fe0163e21a4,110,JHG30_1f1d6a48a9f5,weak_train,-1,included_in_development_residue_labels
SOPPCL__1a63,soppe_legacy,1a63,1a63,A,0df3e4f4d4b698b4bd0a36850c5e2a3597670b6fb3e3d26b0a87e151abda9a7d,130,JHG30_352b9435bee0,weak_train,-1,included_in_development_residue_labels
SOPPCL__1a6x,soppe_legacy,1a6x,1a6x,A,1edab3efa2441e7b42c06cb78be5932418b6926f0f4f06097cf1e91ea20f90b2,87,JHG30_2908be553856,weak_validation,-1,included_in_development_residue_labels
SOPPCL__1a7m,soppe_legacy,1a7m,1a7m,A,31e0facd7b4aca04b946d1c77222df482cb77c9416cc1d62c88a048552ab9972,180,JHG30_f7d1e9621f38,weak_train,-1,included_in_development_residue_labels
SOPPCL__1a91,soppe_legacy,1a91,1a91,A,82c2a67efb6551d59bf1719034c1faff52b2ff097792f27fa3e5aff8e761e981,79,JHG30_e209ed3d30f0,weak_train,-1,included_in_development_residue_labels
SOPPCL__1a9v,soppe_legacy,1a9v,1a9v,A,6d70fe64bb120607401c807b877b33c851521753c457b4c184db579f47b53112,129,JHG30_5d43890557a1,weak_validation,-1,included_in_development_residue_labels
SOPPCL__1afo,soppe_legacy,1afo,1afo,A,7083ad790358a92ef8c14195f98c30148d7304723a00e4e64dd1275f2a2a6e21,40,JHG30_b735433bbcb8,weak_train,-1,included_in_development_residue_labels
SOPPCL__1ah2,soppe_legacy,1ah2,1ah2,A,83a1525fc747628e5160e5620c3cae6ecbb75b83f0a2ffe9e47250c1f5b7e666,269,JHG30_c8a11704f477,quarantine_metadata_only,-1,excluded_quarantine_metadata_only
SOPPCL__1aje,soppe_legacy,1aje,1aje,A,a3cfa9417df86219d42f734ce4407c300172ca766e9b1100f851c87f26822618,194,JHG30_975cbf32a1c4,quarantine_metadata_only,-1,excluded_quarantine_metadata_only
SOPPCL__1ajy,soppe_legacy,1ajy,1ajy,A,312d446a5f0f1d2aaedbe3490924755d53a26ee0e0c56dae3fbfe86925453119,71,JHG30_81c10f585e0f,weak_train,-1,included_in_development_residue_labels
SOPPCL__1ao8,soppe_legacy,1ao8,1ao8,A,e924ddf4e7a90e5d97cf3b2ee84ce05f247cede6c1ce65ca31bfe839d9ff54bf,162,JHG30_14286a59c5d4,weak_train,-1,included_in_development_residue_labels
SOPPCL__1ap7,soppe_legacy,1ap7,1ap7,A,dfa7523c1007e9c414d45e58a765eadb9bcbb3f676e6b08cca94d4eb84b74168,168,JHG30_318cdf5bbe3a,weak_train,-1,included_in_development_residue_labels
SOPPCL__1auz,soppe_legacy,1auz,1auz,A,33e92e531e88fa4fa3e0a4e7ea3eb49419e7be9eaf6be27e1ac5c00128c76d34,116,JHG30_2e956968e34d,weak_train,-1,included_in_development_residue_labels
SOPPCL__1ax3,soppe_legacy,1ax3,1ax3,A,5f37739ba3f36c8edd08a15cc0933ef157c5003aa1f05315fe9069a280edf67b,162,JHG30_c1ce520945ce,weak_train,-1,included_in_development_residue_labels
SOPPCL__1axj,soppe_legacy,1axj,1axj,A,35d35aa54141272038b1a8ce61270185287355fb7ba77822ad03638526ef848b,122,JHG30_e5e8eb84c451,weak_validation,-1,included_in_development_residue_labels
SOPPCL__1b22,soppe_legacy,1b22,1b22,A,3cd00f3c6b5146bd57e2afb667d9554eb99acbec2776618a15cc8dc9dc83597e,70,JHG30_9969ced2a2ba,weak_train,-1,included_in_development_residue_labels
SOPPCL__1b75,soppe_legacy,1b75,1b75,A,28b0c1fb7c8669ccfac0beb75e76d4d36176b11143e58521c9a2234e76394930,94,JHG30_9a5f2eda4b13,weak_validation,-1,included_in_development_residue_labels
SOPPCL__1b8t,soppe_legacy,1b8t,1b8t,A,27f12e5d9c5d4e41a734decc4d86a551383007c8fb238b4090e26e58211626e3,192,JHG30_f86c3ee8a9d2,weak_train,-1,included_in_development_residue_labels
SOPPCL__1ba9,soppe_legacy,1ba9,1ba9,A,97e11da5c5086570670ca86ea2ebf1243d38b44c60ba2b0648818c15a660d836,153,JHG30_d3d8498da2bc,weak_train,-1,included_in_development_residue_labels
SOPPCL__1bak,soppe_legacy,1bak,1bak,A,89c3c74c6a6b9ff0128add1e4aa66a5cf79b5c5311aeb77a23999b3c34e860c4,119,JHG30_d18e4ef5245a,weak_train,-1,included_in_development_residue_labels
SOPPCL__1bc6,soppe_legacy,1bc6,1bc6,A,a50356c33c6650fd7d3b11e13d27132cd7a85a8965b14e6960706c171ff4fc6d,77,JHG30_18a2f8af5a97,weak_train,-1,included_in_development_residue_labels
SOPPCL__1beg,soppe_legacy,1beg,1beg,A,bf757abc1a1dae3f82ae635f18e5a9b98949aee26ef088207ce76538c03a3f71,98,JHG30_e0b4b1b4a03d,weak_train,-1,included_in_development_residue_labels
SOPPCL__1bf0,soppe_legacy,1bf0,1bf0,A,ae2b45ccd990db95709d0dac966602ab84454e3a04866e28c0d74d785cf04599,60,JHG30_6d3770f15715,weak_train,-1,included_in_development_residue_labels
SOPPCL__1bf8,soppe_legacy,1bf8,1bf8,A,3192eb87b81e44255de42d7c326b1b39c330f28735cb39f16685e8efe9712658,205,JHG30_1e2184c3e7dc,weak_train,-1,included_in_development_residue_labels
SOPPCL__1bfm,soppe_legacy,1bfm,1bfm,A,cf4585150ec83f8edecf5e916f419ddb84015562e59f376cc4399615349a0d24,69,JHG30_6e3ab9b32818,weak_train,-1,included_in_development_residue_labels
SOPPCL__1bip,soppe_legacy,1bip,1bip,A,9ddbfc41eeea0bf5f54b6fa33c923efb77ba47bcb012dd5850fee8c9c823d242,122,JHG30_0f80bb92fe8e,weak_train,-1,included_in_development_residue_labels
SOPPCL__1blj,soppe_legacy,1blj,1blj,A,d477e2d2e61f1455586a1d35c43476bed8b26f64d0fd70cb813ec37ad630b474,114,JHG30_e23a53af426f,weak_validation,-1,included_in_development_residue_labels
SOPPCL__1blr,soppe_legacy,1blr,1blr,A,5c265dbc56afaf44a5faf7420b4da9c0e13acd8feafd9c424be09754b225feae,137,JHG30_666768ad6948,quarantine_metadata_only,-1,excluded_quarantine_metadata_only
SOPPCL__1bmr,soppe_legacy,1bmr,1bmr,A,b51759e28f13b7fb1add3b5c9645446c7c8abfc5a2c86d7dd4a075353243aa20,67,JHG30_2c0214212acd,weak_train,-1,included_in_development_residue_labels
SOPPCL__1bnr,soppe_legacy,1bnr,1bnr,A,de6ee3cdb0fd76b4756d3c3bacbc6b22567b1cee43248044f4385c3b9af675c2,110,JHG30_6c9385234d65,weak_train,-1,included_in_development_residue_labels
SOPPCL__1bo9,soppe_legacy,1bo9,1bo9,A,510e9cdeb7842de5904a6273a6bfdf2faa356a8a0c182383b78cd6683127c86b,73,JHG30_4c861246ac25,weak_train,-1,included_in_development_residue_labels
SOPPCL__1br0,soppe_legacy,1br0,1br0,A,77ca38a89ab3506c931be65f78935e88167d1df1f7165eaad93da53030b7d117,120,JHG30_1166fd939926,weak_train,-1,included_in_development_residue_labels
SOPPCL__1bsh,soppe_legacy,1bsh,1bsh,A,eddc7252f1a9888bd0ada5ddc51beaf19fb84440d2864f1eb4619586d9903cf6,138,JHG30_915d218ab939,weak_validation,-1,included_in_development_residue_labels
SOPPCL__1bt7,soppe_legacy,1bt7,1bt7,A,e539075e52054123480fcc2515824b67df33f46414e4b41e14877ba5add6d2ca,165,JHG30_aaa956b9ca1a,weak_train,-1,included_in_development_residue_labels
SOPPCL__1buq,soppe_legacy,1buq,1buq,A,03bd09f424fa9279f81166b450d8379012451ce32345869a7deb8826e16c8c93,125,JHG30_2a6a1d79cea6,weak_validation,-1,included_in_development_residue_labels
SOPPCL__1bwm,soppe_legacy,1bwm,1bwm,A,4debe75269fa81768873b2a673555b8852a4e0c23a43689d7c262ceb134279a9,249,JHG30_43566514753f,weak_train,-1,included_in_development_residue_labels
SOPPCL__1bxd,soppe_legacy,1bxd,1bxd,A,b4571090a1555f8d6481c4e90c7d6fdabd7640184c3cd6d01a48f725233a34c8,161,JHG30_c2471ee8cef6,weak_train,-1,included_in_development_residue_labels
SOPPCL__1by1,soppe_legacy,1by1,1by1,A,5226de6d97a3ba1bd49b13222306eb2abe17648c248706e3593aa6de413e101b,209,JHG30_03c423a179a6,weak_train,-1,included_in_development_residue_labels
SOPPCL__1c2n,soppe_legacy,1c2n,1c2n,A,d30e45ff448976923bd98cace9e5bae2bf4620ebf5a129709f3f94bb944684e0,116,JHG30_840e93024f8f,weak_train,-1,included_in_development_residue_labels
SOPPCL__1c3y,soppe_legacy,1c3y,1c3y,A,1e3aee803bb95e290f50dd1954ed98598023cefae01f35389b26298281f41bf7,108,JHG30_bd95573ea325,weak_train,-1,included_in_development_residue_labels
SOPPCL__1c89,soppe_legacy,1c89,1c89,A,260a9381f6fc686801cc21baba2bc3e35248f7980e57d5373a4659bb5a69b278,134,JHG30_9460b661fc78,weak_validation,-1,included_in_development_residue_labels
SOPPCL__1c9f,soppe_legacy,1c9f,1c9f,A,8ab51fbb9d4321acaf0284f7a3730e3af2f9d34a7f341234214ae8c8df53c1a0,87,JHG30_006dbfa83fa5,weak_train,-1,included_in_development_residue_labels
SOPPCL__1cf4,soppe_legacy,1cf4,1cf4,A,60bb4328c8efa5e38f12a1c902082bfd3d5d5de70bf96902e17724fe48e4c750,184,JHG30_975cbf32a1c4,quarantine_metadata_only,-1,excluded_quarantine_metadata_only
SOPPCL__1cfe,soppe_legacy,1cfe,1cfe,A,b271c7417dce941b46c78d61402165fb236b80896178586d49d9250ea01e0c43,135,JHG30_0e600472d3c7,weak_train,-1,included_in_development_residue_labels
SOPPCL__1ci5,soppe_legacy,1ci5,1ci5,A,1129c3c8bd12eccdc14ab74f085d8691a530bc058d481e919381b8ded162162a,95,JHG30_74cc26b849f0,weak_train,-1,included_in_development_residue_labels
SOPPCL__1cj5,soppe_legacy,1cj5,1cj5,A,2de19e6eca4ca0831eb89b3cf17af21662a1bcc2c90062143766a8573fa09e2c,162,JHG30_eafba52dc328,weak_train,-1,included_in_development_residue_labels
SOPPCL__1ckv,soppe_legacy,1ckv,1ckv,A,8010cb699e064322583f135d2b8af7b0f640f0366476b92bb938e5b9d89cd622,141,JHG30_c525a7b28938,weak_train,-1,included_in_development_residue_labels
SOPPCL__1cmo,soppe_legacy,1cmo,1cmo,A,85a03982f803e4578d9fe83d069fa52ab1663a2f6f1e0e7d956831e8c75bde42,127,JHG30_ae5c06c1732e,weak_train,-1,included_in_development_residue_labels
SOPPCL__1cop,soppe_legacy,1cop,1cop,D,11be86de776779ee51231af8f3fef1bdd367a6c2ed8fd4b146e10a7cd59c04f6,66,JHG30_8227e27ebcbf,weak_train,-1,included_in_development_residue_labels
SOPPCL__1cou,soppe_legacy,1cou,1cou,A,1734cfbab0c9b72e5f58d4fca7d36f5a1eb3586aff42e1aef0fd43d9e1a88760,85,JHG30_e3691178086c,weak_train,-1,included_in_development_residue_labels
SOPPCL__1cqu,soppe_legacy,1cqu,1cqu,A,34b583c2415ff4f56fd1e80459508ece9822b60e0211ad6b3c6e210e7b183f60,56,JHG30_28e14922f049,weak_train,-1,included_in_development_residue_labels
SOPPCL__1cur,soppe_legacy,1cur,1cur,A,632232b74c2c75ae9f9be24c6cf44a230dcd5a1c5a19d9cd2b3d89c53a4423c3,155,JHG30_30f06744b1e1,weak_train,-1,included_in_development_residue_labels
SOPPCL__1cww,soppe_legacy,1cww,1cww,A,14c1b942355713bad311d3a57478ee9cd364e271b407c79b295b997504df468e,102,JHG30_3ea1a1934a11,weak_validation,-1,included_in_development_residue_labels
SOPPCL__1cx1,soppe_legacy,1cx1,1cx1,A,1fc1b2a63fea82aa606ccda2c264e3bbee4e11f95bc0a62241ea43dbceb5253c,153,JHG30_7c7ca1f771c5,weak_train,-1,included_in_development_residue_labels
SOPPCL__1cyu,soppe_legacy,1cyu,1cyu,A,2fbced494953f9ff8db5bb3bf42e6f45b2d1c387de878045abecfc52bd8e03d8,98,JHG30_641909f310ed,weak_train,-1,included_in_development_residue_labels
SOPPCL__1d1d,soppe_legacy,1d1d,1d1d,A,3f82895c3b30dff421b04f1c7134e2d43e5e410b1e036edd5c04ff371944ad60,220,JHG30_57e226ee3526,weak_train,-1,included_in_development_residue_labels
SOPPCL__1d1r,soppe_legacy,1d1r,1d1r,A,aa2fb0fbfec03b3cd3e4e28b1cca6292078c89bea31d5e5252e761377c0e34ce,83,JHG30_f84aab546fec,weak_train,-1,included_in_development_residue_labels
SOPPCL__1d4b,soppe_legacy,1d4b,1d4b,A,ec739a90f0ba8d0303698e40d16e36bea7bc10497ddf5066d3f14e3306e95dcb,122,JHG30_04cf80bfe6de,weak_train,-1,included_in_development_residue_labels
SOPPCL__1d6b,soppe_legacy,1d6b,1d6b,A,50368866ee94370003dca43d6a89b9c645081bd978f2c853f9e553050a889216,42,JHG30_bbd01acfc0f9,weak_train,-1,included_in_development_residue_labels
SOPPCL__1d6t,soppe_legacy,1d6t,1d6t,A,b9e410f80c42dc9dca60f71a16db7dcc558c404fae1d5e962dc109f2912f0563,117,JHG30_851b1bdc80d2,weak_train,-1,included_in_development_residue_labels
SOPPCL__1d8b,soppe_legacy,1d8b,1d8b,A,029ddc8aa01aa07818cf6fe93e740b03a08c24b15907d0ad9ce5d6c67fca7591,81,JHG30_b75337239617,weak_train,-1,included_in_development_residue_labels
SOPPCL__1dcj,soppe_legacy,1dcj,1dcj,A,16182a3f1880609b3ba7863146f4c88edd3ebe5a01e1683acf472f05ed0b1477,81,JHG30_d5609c15ced6,weak_train,-1,included_in_development_residue_labels
SOPPCL__1de3,soppe_legacy,1de3,1de3,A,e3db687c06f66bc8738ff87fbbf86cf598c87f82c760168747339eaf96444125,150,JHG30_ae1dec7396d3,weak_train,-1,included_in_development_residue_labels
SOPPCL__1dgq,soppe_legacy,1dgq,1dgq,A,4981ecf96a47662e2c55d7f588a060aba8c7c656b9254a8117e1f190f1e9c7be,188,JHG30_1ba10c437bc5,weak_train,-1,included_in_development_residue_labels
SOPPCL__1dqc,soppe_legacy,1dqc,1dqc,A,0b850640f38d9a093d799391afd45935d2938f1db2b4961a0dceabebc4b52a7e,73,JHG30_866d7df87292,weak_validation,-1,included_in_development_residue_labels
SOPPCL__1dro,soppe_legacy,1dro,1dro,A,15e82203e6cab204e7a6c454e503c63fdec10ec0d5acfa63313a9cd5f029fcac,122,JHG30_205425dfe8ed,weak_train,-1,included_in_development_residue_labels
SOPPCL__1drs,soppe_legacy,1drs,1drs,A,27abf7233c2608b17cae24a96a41126d3eaec76b125972ef34a660575732c29e,59,JHG30_316290a9dc9e,weak_train,-1,included_in_development_residue_labels
SOPPCL__1dv5,soppe_legacy,1dv5,1dv5,A,1b8a9dc1bb417d12dbbb22093bcd388dc210b428e045e10c06c5e95f42e41309,80,JHG30_fcd30a95c5ac,weak_train,-1,included_in_development_residue_labels
SOPPCL__1dz7,soppe_legacy,1dz7,1dz7,A,2fd22996dfb42e9ec45a54c7f8a29ce1155749b7d4e386325f427284969f7540,92,JHG30_5a225dc692a3,weak_train,-1,included_in_development_residue_labels
SOPPCL__1e17,soppe_legacy,1e17,1e17,A,dbfd7e4c3cd77a735e180d20758208799fd637bd4339c51fb141e1ce4138fc14,90,JHG30_05e5730a471f,weak_train,-1,included_in_development_residue_labels
SOPPCL__1e68,soppe_legacy,1e68,1e68,A,c8a5a5a6f49cb0a348d70f76ad7e579617dafeee392dd2403daf59eb3aafa7c0,70,JHG30_0fb0f6cc1210,weak_train,-1,included_in_development_residue_labels
SOPPCL__1e88,soppe_legacy,1e88,1e88,A,35eef1b2edace9bb6545ef2c3549b1f0b247281bd92e52dde67f7c3a349a04c3,160,JHG30_4fe5c1a0d8d2,weak_train,-1,included_in_development_residue_labels
SOPPCL__1e8e,soppe_legacy,1e8e,1e8e,A,e6b5eecc462e9420f98ed9d108465566351ff38aaa332af63cfd8cf813b85be2,124,JHG30_2ba996c54a22,weak_train,-1,included_in_development_residue_labels
SOPPCL__1ehx,soppe_legacy,1ehx,1ehx,A,76818b550cbbd54231e5914100248cd48bd1d19bff6bd2723e048e9d6ca9b241,94,JHG30_61d8d91dc51e,weak_train,-1,included_in_development_residue_labels
SOPPCL__1eiw,soppe_legacy,1eiw,1eiw,A,d6a30a76998836c135186bcf7db086db0e73a30ae4142d1db1ea486329a98495,111,JHG30_e186113e85a0,weak_train,-1,included_in_development_residue_labels
SOPPCL__1eky,soppe_legacy,1eky,1eky,A,50f4a7b43deb384d3a4b81571b4f0012b79d72e929c5e1ed2205790b9ae13540,129,JHG30_32d41f52b505,weak_train,-1,included_in_development_residue_labels
SOPPCL__1el0,soppe_legacy,1el0,1el0,A,3e26259990cc00a58c08341836b214fef9bc1f49aecbc0e77b7e1001f6c525d5,74,JHG30_922506dd8f7e,weak_train,-1,included_in_development_residue_labels
SOPPCL__1emw,soppe_legacy,1emw,1emw,A,92b8ee29a12ef850470728c4e3d3e1c12d500f73f6d315d4541592f572fe023e,88,JHG30_5aa446ff3bbf,weak_train,-1,included_in_development_residue_labels
SOPPCL__1enw,soppe_legacy,1enw,1enw,A,975c0aaeb9411388d128f2091d27b52b6067c30cf2dec5a8bf0762a67386e05a,114,JHG30_8a4d71ddadeb,weak_train,-1,included_in_development_residue_labels
SOPPCL__1eo1,soppe_legacy,1eo1,1eo1,A,fcf4e9f150c4c38a10aaddfbb12fb0a827395b37150e618a79400779b1e2a5a7,124,JHG30_0289ec292372,weak_train,-1,included_in_development_residue_labels
SOPPCL__1eq0,soppe_legacy,1eq0,1eq0,A,41d32cbef0564f4e6085196b0f0b0a87241055f9c2ee636e664d41c53f5ce59b,158,JHG30_43ee1473bbe1,weak_train,-1,included_in_development_residue_labels
SOPPCL__1eq1,soppe_legacy,1eq1,1eq1,A,564208f78f7300e6d02c955529015fe65b91fb0571bdf310ad4dfaa03e389647,166,JHG30_046de148a445,weak_train,-1,included_in_development_residue_labels
SOPPCL__1erc,soppe_legacy,1erc,1erc,A,8cfca45e6798a82ea246e614e53a8bdc8dd951beac2efe97e51e041337cdb7a8,40,JHG30_bdd017d92e02,weak_validation,-1,included_in_development_residue_labels
SOPPCL__1erd,soppe_legacy,1erd,1erd,A,cc286d75c7ba746bb0c5fb3cec60fc47e317afe4ce7d6db1179114060b1a0ad8,40,JHG30_e9fb214eb3c9,weak_train,-1,included_in_development_residue_labels
SOPPCL__1exe,soppe_legacy,1exe,1exe,A,f04c3a082d9966c27e9c923b357106ca69190c6f005b55509f996c99c9efce63,99,JHG30_c83fbf164850,weak_train,-1,included_in_development_residue_labels
SOPPCL__1ezo,soppe_legacy,1ezo,1ezo,A,4bee94f419acc0df915d08fba9066c40e8734c990cc5881d90b088f322c0ce18,370,JHG30_ed39c8744e50,weak_train,-1,included_in_development_residue_labels
SOPPCL__1f0z,soppe_legacy,1f0z,1f0z,A,6802b29e60fd98056df456cb152cd27af53722c3e392bcc228182478236c4775,66,JHG30_12430d782f35,weak_train,-1,included_in_development_residue_labels
SOPPCL__1f16,soppe_legacy,1f16,1f16,A,e2c7433b9cb73feb2daabeaa7e841d359b30313e06d8c084f3787ca45ac692fa,192,JHG30_a5b28e4b0fc4,weak_train,-1,included_in_development_residue_labels
SOPPCL__1f3y,soppe_legacy,1f3y,1f3y,A,7fc43a930d6210d06969bedb70e4cdb47e45ebd8e235b18876790c28511b23d6,165,JHG30_af7588ba4138,weak_train,-1,included_in_development_residue_labels
SOPPCL__1f5x,soppe_legacy,1f5x,1f5x,A,156b2f9994fb81d8dfa55b5bd15dd89329ab3c574c167bed422c328932b5241e,208,JHG30_c8afac23ac47,weak_train,-1,included_in_development_residue_labels
SOPPCL__1f6v,soppe_legacy,1f6v,1f6v,A,b2006aba87ce2b754914b44e3a8f27d372b60f9ba0662c5e24f5da0331c97d55,91,JHG30_cbdda41bde42,weak_train,-1,included_in_development_residue_labels
SOPPCL__1faf,soppe_legacy,1faf,1faf,A,1f3138c3391a4a09fdef89e1fad789b58f4ba69baeeab52d3a2818623b56cdf7,79,JHG30_c758b69b66d1,weak_train,-1,included_in_development_residue_labels
SOPPCL__1fdm,soppe_legacy,1fdm,1fdm,A,6232be270cf212a3092a172a9ed6a211b43d318628a7dc44d67c0cad0836060f,50,JHG30_655713f18455,weak_train,-1,included_in_development_residue_labels
SOPPCL__1fex,soppe_legacy,1fex,1fex,A,04fb3d0e339231287586bef2a7cddd028659fa3c19daf992dcb92dd774afeb72,59,JHG30_05adcbff5b54,weak_train,-1,included_in_development_residue_labels
SOPPCL__1fgp,soppe_legacy,1fgp,1fgp,A,f448f90785ce1d2a3372407a162c79d43f5b7a02c5447426d769c7939d4bd474,70,JHG30_80fe44686afe,weak_train,-1,included_in_development_residue_labels
SOPPCL__1fho,soppe_legacy,1fho,1fho,A,36a1856aca5c4413618f8ff94f051e1a567ab3f2b2678f0f93e7d05edcaa6021,119,JHG30_bf64a73f9bb7,weak_validation,-1,included_in_development_residue_labels
SOPPCL__1fr0,soppe_legacy,1fr0,1fr0,A,8959a16b58e1b7a2d1b4ccc6cb2efc67aa898bff09dbf35eb49482f78de1ef36,125,JHG30_47a2c6a5a984,weak_validation,-1,included_in_development_residue_labels
SOPPCL__1fsh,soppe_legacy,1fsh,1fsh,A,86d62aca04599e83b10f3ca7d258178558bed573330edff65562c316c2709a46,94,JHG30_bf701bc6ca0c,weak_train,-1,included_in_development_residue_labels
SOPPCL__1fyb,soppe_legacy,1fyb,1fyb,A,3c5a48ea21c9a6bcd02757c7f4b07322d46c305b6b8dd7059e1dc9ef0b7c2a4f,111,JHG30_5118fb8dbed9,weak_train,-1,included_in_development_residue_labels
SOPPCL__1fzt,soppe_legacy,1fzt,1fzt,A,3dda48e3fe839aebea092befc7d6196ee5928a8f603a9bd9f1d7fcb1c136638a,211,JHG30_d0c01bffd684,weak_train,-1,included_in_development_residue_labels
SOPPCL__1g4f,soppe_legacy,1g4f,1g4f,A,849301e3fc3e190f49d2b8fa2e8b979c5ea9197b6647aa4cf373b9ded941c20f,86,JHG30_e1ac0c790b1f,weak_train,-1,included_in_development_residue_labels
SOPPCL__1g5v,soppe_legacy,1g5v,1g5v,A,77cb6d0dafd9102de548b7ed76c46404fa5b4abc8def5ea0ebeaef6298023cec,56,JHG30_d9e39946e738,weak_train,-1,included_in_development_residue_labels
SOPPCL__1g6e,soppe_legacy,1g6e,1g6e,A,85ced74912b85410e85d278745e551fdb209731cba56bd654e3039d9f4e8d962,87,JHG30_5401ca73dce2,weak_train,-1,included_in_development_residue_labels
SOPPCL__1g7d,soppe_legacy,1g7d,1g7d,A,30cdf110b3ddc87766a34ef37c8a7aaba3af1aaa0334937be2daf930f8a2cc8b,106,JHG30_bfbe3dde1867,weak_validation,-1,included_in_development_residue_labels
SOPPCL__1g7o,soppe_legacy,1g7o,1g7o,A,027ac2280e01b90a141982006fcdb9183303a77a1cc2a7b4215d73e467768c2b,215,JHG30_5bee23c20a8c,weak_train,-1,included_in_development_residue_labels
SOPPCL__1g84,soppe_legacy,1g84,1g84,A,acbe4d3a7de4e3dca4cdb1c37a34408d29d8c800ec60d8b9efb423850b6f3e86,105,JHG30_d89b10096152,weak_train,-1,included_in_development_residue_labels
SOPPCL__1g9l,soppe_legacy,1g9l,1g9l,A,50abe908ce902689c984f7bb0c5b385080672deee0eb3bc71ba0a74d8430a69e,144,JHG30_79d750dbfab4,weak_train,-1,included_in_development_residue_labels
SOPPCL__1g9p,soppe_legacy,1g9p,1g9p,A,ea0f6c192e46a4412d01a785236e7cf152f395526fecae57da8f4e33ba2929b3,45,JHG30_fdae20c56282,weak_validation,-1,included_in_development_residue_labels
SOPPCL__1ga3,soppe_legacy,1ga3,1ga3,A,995978a479bf455c7f48f648c44f5d5010886075885cee75327ee94ee7d627c8,113,JHG30_bfee1a5902e9,weak_train,-1,included_in_development_residue_labels
SOPPCL__1gd5,soppe_legacy,1gd5,1gd5,A,79ac9b0df6cd5282457591f181b1a2540779587a2bff441d52e70eb0ed16f405,130,JHG30_b7195c4b178b,weak_train,-1,included_in_development_residue_labels
SOPPCL__1ge9,soppe_legacy,1ge9,1ge9,A,f8fa4ff50e1e26aaa40f441ba95a0737892bb4ef2c8381af49badc00219c3fa2,184,JHG30_342bff670955,weak_train,-1,included_in_development_residue_labels
SOPPCL__1ghh,soppe_legacy,1ghh,1ghh,A,2d7483a29dc23c08cb9d38ddc3892f0f62589eae54b1d6b316c3db6f4b8747b5,81,JHG30_9e4ec661c45f,weak_validation,-1,included_in_development_residue_labels
SOPPCL__1gio,soppe_legacy,1gio,1gio,A,b4c4c936bd8e655d6bf71c9aed5caf4162ae360498a9ecc6f82c80f46c37b667,125,JHG30_ead4e1e13649,weak_validation,-1,included_in_development_residue_labels
SOPPCL__1gjs,soppe_legacy,1gjs,1gjs,A,671767c71d05462f5dc8dae2a75ba1d1855dabea17a989b1564a36618ba86853,65,JHG30_8ef01a464068,weak_train,-1,included_in_development_residue_labels
SOPPCL__1gjx,soppe_legacy,1gjx,1gjx,A,92ab1a3332c54ac2559641f437bc501ad8c16a14b74f5efe3d7f5e1578020c9b,81,JHG30_b8ab0b470b68,weak_train,-1,included_in_development_residue_labels
SOPPCL__1gkg,soppe_legacy,1gkg,1gkg,A,bbbc7e4752e90027da35ab90480c1c6b9cded394e97ce8e05ce63320f7c73b30,136,JHG30_629129ae5aef,weak_train,-1,included_in_development_residue_labels
SOPPCL__1gnc,soppe_legacy,1gnc,1gnc,A,462a91149bfcd5d32a4712df28d92460a6cb07afb4dc60dea6a19630661ed378,175,JHG30_2b50788c613c,weak_validation,-1,included_in_development_residue_labels
SOPPCL__1gpx,soppe_legacy,1gpx,1gpx,A,249eda3f3d762322862330d9f075065fb77cbf2860f69905ed57245b2782b87f,106,JHG30_e77c5719ed4a,weak_train,-1,included_in_development_residue_labels
SOPPCL__1gxe,soppe_legacy,1gxe,1gxe,A,9fc54cfbaf02d1a5aaca0948c30552818a8fb7b96745c3447e42ee70489a2261,130,JHG30_6a933dd9a3d2,weak_train,-1,included_in_development_residue_labels
SOPPCL__1gyf,soppe_legacy,1gyf,1gyf,A,d6945f86f3a7fc9d5ff9f242f1190005f60b50b02b8529e7099eca94f392314a,62,JHG30_aa0415240812,weak_train,-1,included_in_development_residue_labels
SOPPCL__1gyz,soppe_legacy,1gyz,1gyz,A,49673bdaf270a196a5a699d4f76048a6f5dfed20d7ffbc39fe363db4be94d31b,60,JHG30_713d5080aed5,weak_train,-1,included_in_development_residue_labels
SOPPCL__1h5p,soppe_legacy,1h5p,1h5p,A,21d21a05f3c505d10504738ff806a0f330184743f2095210963955682d12e8bb,95,JHG30_9090314b31a7,weak_train,-1,included_in_development_residue_labels
SOPPCL__1h7d,soppe_legacy,1h7d,1h7d,A,aa1d8882cbbabdc29ad6ab70fbdc0e12b90794491bc6a5b1c745cce5f6dfba64,49,JHG30_984ceafb2386,weak_validation,-1,included_in_development_residue_labels
SOPPCL__1h8b,soppe_legacy,1h8b,1h8b,A,79c450d04e33bc0709ec13047bc4d4ab458a0ba627928a07fee1a0367e180420,73,JHG30_9a3e6e4ccd2c,weak_train,-1,included_in_development_residue_labels
SOPPCL__1hhn,soppe_legacy,1hhn,1hhn,A,3b41926466986555abd3def706bd16a63cf49faea8c5c9afc9173f894cce535e,101,JHG30_e921b756fd46,weak_train,-1,included_in_development_residue_labels
SOPPCL__1hj7,soppe_legacy,1hj7,1hj7,A,dce9d42b1f9b660384b2616c54300bca3ac16dfe1923a499ce20db8c4e566738,80,JHG30_b766867e4853,weak_train,-1,included_in_development_residue_labels
SOPPCL__1hk6,soppe_legacy,1hk6,1hk6,A,ee6ea1057cbdb9ece4096021f4460b7f2f07ef6e194909e7fa8f6d252f0c68c5,95,JHG30_c40597b94f49,weak_train,-1,included_in_development_residue_labels
SOPPCL__1hn3,soppe_legacy,1hn3,1hn3,A,aed3ddf189ee35f6e4d421ed485099d8998ea46ad158086003582992e75443a8,40,JHG30_93ff58db9dd1,weak_train,-1,included_in_development_residue_labels
SOPPCL__1hn6,soppe_legacy,1hn6,1hn6,A,19048a39db0448bc6c49b5ab0bc9427398aaae628562c5c60a589158a8407b2a,110,JHG30_6e6e10c0ffc1,weak_train,-1,included_in_development_residue_labels
SOPPCL__1hpw,soppe_legacy,1hpw,1hpw,A,26686e7dcd13bb619fb67e070f28d1880955bd4926e6db4d313bf2868fc9027e,129,JHG30_1190db42e366,weak_train,-1,included_in_development_residue_labels
SOPPCL__1hqi,soppe_legacy,1hqi,1hqi,A,ba80a74f83194ab0d0a8831e038ccc2c80e2a2f8d24c52f852865bafaf247f37,90,JHG30_4d8594c281c9,weak_train,-1,included_in_development_residue_labels
SOPPCL__1hs7,soppe_legacy,1hs7,1hs7,A,786726af0a3e1890b4d3f5cc4449a8f09f90c87bda6cc6754208f6fd60828f52,97,JHG30_bac3e2ca5015,weak_train,-1,included_in_development_residue_labels
SOPPCL__1hv2,soppe_legacy,1hv2,1hv2,A,0c77a8cc4050e772ad5b8366601638437d192af3a0fd274fa16c3f766859d4b4,99,JHG30_e903bd5c0a8e,weak_train,-1,included_in_development_residue_labels
SOPPCL__1hx2,soppe_legacy,1hx2,1hx2,A,0bd0e1efeae285879eeeb9594a63653ea6dbff3cb3fb8ac0aed469976336a370,60,JHG30_89024890d8ef,weak_train,-1,included_in_development_residue_labels
SOPPCL__1hyw,soppe_legacy,1hyw,1hyw,A,59db247b02e064b1716916f26ca7e88992b651e4571e429c3457109c79005fd4,58,JHG30_deecc1e0be3c,weak_train,-1,included_in_development_residue_labels
SOPPCL__1i1s,soppe_legacy,1i1s,1i1s,A,1770160485439d7967954aa0e88ad43b6c7ec9b6cf204f5b98428425566a6320,96,JHG30_3c390d99e473,weak_train,-1,included_in_development_residue_labels
SOPPCL__1i35,soppe_legacy,1i35,1i35,A,73cfc8011cd4cd001aaff7b057b332711124022a47855e0e1b66a24b18335250,95,JHG30_23f3ae08424a,weak_train,-1,included_in_development_residue_labels
SOPPCL__1i4v,soppe_legacy,1i4v,1i4v,A,eb365aa755f2b24501586cbb3060a76e40b5ef409b1a8055f04dfee9b42e4d4b,115,JHG30_1c17678bd9cf,weak_train,-1,included_in_development_residue_labels
SOPPCL__1i5j,soppe_legacy,1i5j,1i5j,A,c31bc2133b9def78deb008cc84e00f0946ed6be9153689ce012437404aed04e1,67,JHG30_8575c58e8c26,weak_train,-1,included_in_development_residue_labels
SOPPCL__1i6z,soppe_legacy,1i6z,1i6z,A,1a2d950f9cb2d9724fa5eef086d1dbe13985607cbaa3305063180a37e41b3583,135,JHG30_4676064852c2,weak_train,-1,included_in_development_residue_labels
SOPPCL__1iba,soppe_legacy,1iba,1iba,A,a59742810df43fc6b16e2ec1bb259e2b54789f48f4c1e98076e0424352f7b1dd,78,JHG30_9041e64756dc,weak_train,-1,included_in_development_residue_labels
SOPPCL__1iez,soppe_legacy,1iez,1iez,A,b7b7d3b57dd2db98c39ada42b56bdd9534e0c7c62a0f70d616f2db8b83f407db,217,JHG30_9809619b4d79,weak_train,-1,included_in_development_residue_labels
SOPPCL__1iie,soppe_legacy,1iie,1iie,A,88fc70c4a400e7cda6c84017e62e1e79771f4a515bd292c1cb86274375426d53,75,JHG30_505be80bdf20,weak_train,-1,included_in_development_residue_labels
SOPPCL__1iio,soppe_legacy,1iio,1iio,A,98bdac3f70a6209581a43258c78fd947f17a03d606438b901db41c6f198c7b9f,84,JHG30_9c656d95d824,weak_train,-1,included_in_development_residue_labels
SOPPCL__1ija,soppe_legacy,1ija,1ija,A,23f0c127b146e38068a6a032b887d5dcdaaa5ae2092c5a77bb0c3d9aed11ee2f,148,JHG30_dffb7d03b3eb,weak_train,-1,included_in_development_residue_labels
SOPPCL__1ijc,soppe_legacy,1ijc,1ijc,A,340399d035733dd997a4a68b565d93645ea5ff597cdee58a9ce8595d45da8f4e,63,JHG30_e98de3bdc5ec,weak_train,-1,included_in_development_residue_labels
SOPPCL__1inz,soppe_legacy,1inz,1inz,A,6ad967570e29b6612985c3a8a9e040273795c848c72cbfb4536ac2bb0202ca58,148,JHG30_0f3b5ad561df,weak_train,-1,included_in_development_residue_labels
SOPPCL__1ip9,soppe_legacy,1ip9,1ip9,A,fcf3983e17116edaec02f7bb4685eec9d002f008c748b2b30546ca82761d5aeb,85,JHG30_133240fb9d34,weak_train,-1,included_in_development_residue_labels
SOPPCL__1iry,soppe_legacy,1iry,1iry,A,13e46f3bda9c34b9432ccbb79f65335eec4d7d753e97179ae8f100183fb747e4,156,JHG30_fede9ce2764f,weak_train,-1,included_in_development_residue_labels
SOPPCL__1itp,soppe_legacy,1itp,1itp,A,7fd24d240b78c04e1cdc38e93e266ba5c6ee412092ada11ac5228ba345a59dee,77,JHG30_850b7e598cc1,weak_train,-1,included_in_development_residue_labels
SOPPCL__1iur,soppe_legacy,1iur,1iur,A,2238db26ff8d340c18aaba974dc8e46afdfc3c2d5d46aa7fbdf3219c6946a3a4,88,JHG30_918fd9d597c4,weak_train,-1,included_in_development_residue_labels
SOPPCL__1iv0,soppe_legacy,1iv0,1iv0,A,d7a764c4174ca388826e8344e4f40730bed8bda8030c331aa7a0180017c9462e,98,JHG30_4fb626b84db2,weak_train,-1,included_in_development_residue_labels
SOPPCL__1ivz,soppe_legacy,1ivz,1ivz,A,988249be836bfc729bae950b160547e9281c8ac05ba5598cedd3a8ff8c0e9a83,132,JHG30_4b3472aa683a,weak_validation,-1,included_in_development_residue_labels
SOPPCL__1iw4,soppe_legacy,1iw4,1iw4,A,dfb17329bf53e3dbccc33eae48515cff94b413ed630ed33072265d5d2da61b3f,55,JHG30_a8a1fb74c193,weak_train,-1,included_in_development_residue_labels
SOPPCL__1iyf,soppe_legacy,1iyf,1iyf,A,b0590ef46edb12d644dc8df1039805ce01dbde557da0fb94af25c6d180412e10,76,JHG30_bf545f42956a,quarantine_metadata_only,-1,excluded_quarantine_metadata_only
SOPPCL__1iyr,soppe_legacy,1iyr,1iyr,A,b1255099b8f889830f80310f185872e6006eb12adbb47cd3994495bd21727587,83,JHG30_d781c5f3bfed,weak_train,-1,included_in_development_residue_labels
SOPPCL__1iyy,soppe_legacy,1iyy,1iyy,A,4956ff5f318e4850acb2888bacb4bca305203e4a1b17ef38eda0f2286c6e39e4,104,JHG30_dbb60ec5323a,weak_train,-1,included_in_development_residue_labels
SOPPCL__1j0s,soppe_legacy,1j0s,1j0s,A,7ab6b3ace6f1268c8046d72bf57947994504a05361f54c6543748906ca0d81ac,157,JHG30_ab1bc4462336,weak_train,-1,included_in_development_residue_labels
SOPPCL__1j1h,soppe_legacy,1j1h,1j1h,A,b8623b1b95986da65c69374ccd7772673cbf2030026d8dc899bc4583b18f1050,123,JHG30_91b45e2a5fb1,weak_validation,-1,included_in_development_residue_labels
SOPPCL__1j26,soppe_legacy,1j26,1j26,A,f78076d3a441dc5055ff65205551b3ec084cc941d6ab3cce3b539d27f405926c,112,JHG30_6b0ebcafd6cb,weak_train,-1,included_in_development_residue_labels
SOPPCL__1j3g,soppe_legacy,1j3g,1j3g,A,aeb3e5ad31c3265c0007ada0f1e5674ce8287efe4518eb0c0a12c704524857d3,187,JHG30_060b7fd7452e,weak_train,-1,included_in_development_residue_labels
SOPPCL__1j5h,soppe_legacy,1j5h,1j5h,A,1031ab5dfc7d25ca94e122ecb072073055ddbf107f360483f9a182082a3397bb,113,JHG30_1b72baf09c66,weak_train,-1,included_in_development_residue_labels
SOPPCL__1j7h,soppe_legacy,1j7h,1j7h,A,42ebcc9e52186f21f2e7650a22caa976b033611ecb48104a9b8db4cdc5eae9b1,130,JHG30_b2a50d78d34a,weak_train,-1,included_in_development_residue_labels
SOPPCL__1j8c,soppe_legacy,1j8c,1j8c,A,61d66047fb91e676e7a91aa39c1eaae0db04543751e7cdff607d0e40fb041f8d,103,JHG30_b824e799c44d,weak_train,-1,included_in_development_residue_labels
SOPPCL__1j8i,soppe_legacy,1j8i,1j8i,A,6842a1fff4246110170af8d632ecf58e0261243575f0d230c36d7493798a70fa,93,JHG30_00635259c156,weak_validation,-1,included_in_development_residue_labels
SOPPCL__1jaj,soppe_legacy,1jaj,1jaj,A,a4db7992d0d105d0532d9d12284e6f0e131a8556d1e8027702014929b302fb92,174,JHG30_8a6a799c5419,weak_train,-1,included_in_development_residue_labels
SOPPCL__1jbi,soppe_legacy,1jbi,1jbi,A,20b17b28b132c9fd6fa8c4df95cc3ba8c91636603392937c5322c250307034ca,100,JHG30_262c7482f61f,weak_train,-1,included_in_development_residue_labels
SOPPCL__1jbj,soppe_legacy,1jbj,1jbj,A,e1c4746c3448f797dacb9908ee2e2c52a88c6f1a3095d0519db4686da47aa51f,186,JHG30_c4e56273d003,weak_train,-1,included_in_development_residue_labels
SOPPCL__1jcu,soppe_legacy,1jcu,1jcu,A,84c61c9c65d52aa6e803494e54f47b3f2a231c1af85032105039a4ea5a69da9f,208,JHG30_ff2d7bb634e2,weak_train,-1,included_in_development_residue_labels
SOPPCL__1jdq,soppe_legacy,1jdq,1jdq,A,073674bec5bf67cd4234f116fa15dd26d47c4560dcb844c53abf599d0d435c96,98,JHG30_2c5ed8d56cbb,weak_train,-1,included_in_development_residue_labels
SOPPCL__1jfj,soppe_legacy,1jfj,1jfj,A,9e224c62f6af5ecfe1a9ae16d7f516c06981f90ae5148b765886a1ce6b0b9bff,134,JHG30_777fddc4a0b0,quarantine_metadata_only,-1,excluded_quarantine_metadata_only
SOPPCL__1jfn,soppe_legacy,1jfn,1jfn,A,4db50ac0cc9d39cf16e04ccc5f9a195f6ccd61c0c5afbfc578a650be240e08ce,119,JHG30_7ce414304e61,weak_train,-1,included_in_development_residue_labels
SOPPCL__1jh3,soppe_legacy,1jh3,1jh3,A,00af3e0d3b0cfa03b3d85abf34644ac724b32779faf9bb2b7897a4a699ebbab5,99,JHG30_4160cb2fb4e4,weak_train,-1,included_in_development_residue_labels
SOPPCL__1jjg,soppe_legacy,1jjg,1jjg,A,4f370bc38ddfcd4419ceeca1801a56fa754deed8847b671c31d16f76c0206662,102,JHG30_3ef6ff7a9ff6,weak_train,-1,included_in_development_residue_labels
SOPPCL__1jjr,soppe_legacy,1jjr,1jjr,A,aedb9cb516e229879a34659119bc483fb0a34369b1a8cfe6b25c7638b0462622,54,JHG30_241d3e5cf3f2,weak_train,-1,included_in_development_residue_labels
SOPPCL__1jm7,soppe_legacy,1jm7,1jm7,A,ae3290098bd65e9b71dab552c730af54c345664677a21e567453405c4351e1d8,103,JHG30_fad93d4dc197,weak_train,-1,included_in_development_residue_labels
SOPPCL__1jnj,soppe_legacy,1jnj,1jnj,A,e92bf108e2abfa0fc43ccdf0684d41b023e4368eb04b185c4578cda6a492fb46,100,JHG30_8dc6b38052ed,weak_train,-1,included_in_development_residue_labels
SOPPCL__1jo6,soppe_legacy,1jo6,1jo6,A,cfbf06f811755b58a830f802bfdceca3c654e7f675beea1dead343e40d7f05e3,45,JHG30_cb496f5beee2,weak_train,-1,included_in_development_residue_labels
SOPPCL__1jr6,soppe_legacy,1jr6,1jr6,A,04389145470630f0bce99ef2a5280b7987da091d3c28345487a45c2f59a08308,138,JHG30_a7482332ec6f,weak_train,-1,included_in_development_residue_labels
SOPPCL__1jvr,soppe_legacy,1jvr,1jvr,A,7d4771756e172343067cc3ac7585c2506cc384ac730538be2e380c5cd70ec2ea,137,JHG30_443634215245,weak_train,-1,included_in_development_residue_labels
SOPPCL__1jw3,soppe_legacy,1jw3,1jw3,A,1cc73a5305f1f9baf16eb807b34ed4d755a5bf6a8229cf39655bb9d4671e9104,140,JHG30_6c32e1817f3b,weak_train,-1,included_in_development_residue_labels
SOPPCL__1jwe,soppe_legacy,1jwe,1jwe,A,2fd7452f2b79a62cec1703554c2e1d5a5d976c61235bad0f19478e42d22d7dce,114,JHG30_41c763478381,weak_validation,-1,included_in_development_residue_labels
SOPPCL__1jyt,soppe_legacy,1jyt,1jyt,A,a13d0144edbeeb5fe3e3d63ed62d94f322c007a6915b0560b05daf1aee7f69d0,163,JHG30_df934b3a9977,weak_train,-1,included_in_development_residue_labels
SOPPCL__1jzu,soppe_legacy,1jzu,1jzu,A,57aa3244f2ba07634186ee7d688750c62bee912313ec23962629597dc7f72c92,157,JHG30_58ec76d6b8f9,weak_train,-1,included_in_development_residue_labels
SOPPCL__1k0h,soppe_legacy,1k0h,1k0h,A,368f311e89b8190c90105b70b5500ebcc9e166f520d20ba8941fc1062fb5181e,117,JHG30_d77fa9e95d09,weak_train,-1,included_in_development_residue_labels
SOPPCL__1k0s,soppe_legacy,1k0s,1k0s,A,4239fae1235af46fd5df5207546f41283c1ff0e64a99c1d4309d958741959d5b,151,JHG30_28fa002132fc,weak_train,-1,included_in_development_residue_labels
SOPPCL__1k0t,soppe_legacy,1k0t,1k0t,A,4d221e4053f6ee0bdb98cf45aa50b4e4f7354aa741fb15894b871feb0965faf5,80,JHG30_8cb7dce0382d,weak_train,-1,included_in_development_residue_labels
SOPPCL__1k19,soppe_legacy,1k19,1k19,A,bf55b780c3cc0327f50bf92aa7f4ed4a0385fc1bda13e4fd6036cf446243dabc,112,JHG30_7a421a199b19,weak_train,-1,included_in_development_residue_labels
SOPPCL__1k3g,soppe_legacy,1k3g,1k3g,A,de37af3bb3f7274d9c961337f0b1f038d47e7f9d8235b5d6753ff83f473f7dae,71,JHG30_e7a13b025831,weak_train,-1,included_in_development_residue_labels
SOPPCL__1k42,soppe_legacy,1k42,1k42,A,957d2bf0ee90ae3feb584505042a225d85de27db6010cf06f32ea4e697816c93,168,JHG30_4a18379307a3,weak_train,-1,included_in_development_residue_labels
SOPPCL__1k5k,soppe_legacy,1k5k,1k5k,A,556654dc28dca3a77049c80be8656e3e3d34c0bb514cd70334b11164ec3fb8a5,87,JHG30_49242f81e40c,weak_validation,-1,included_in_development_residue_labels
SOPPCL__1k99,soppe_legacy,1k99,1k99,A,372f0e8efa2ce0977b307ad301378246c7d68b7236d99b99516474bf167e935b,91,JHG30_8f5f3d74ddfc,weak_train,-1,included_in_development_residue_labels
SOPPCL__1ka5,soppe_legacy,1ka5,1ka5,A,240dd83f0e48725d80e7dd265b4c5fea11794c57c48f1c331a96c14c165b52c4,88,JHG30_073e388c9112,weak_train,-1,included_in_development_residue_labels
SOPPCL__1kat,soppe_legacy,1kat,1kat,V,f3e56535043638726192ffd968d23f2073500446406946d715f25142119d38fa,99,JHG30_f9cdbc4948f1,weak_train,-1,included_in_development_residue_labels
SOPPCL__1kd6,soppe_legacy,1kd6,1kd6,A,3a05d188ccdbcbdb63b28e2c47abe80552ad8bcc048753312127e28e9bc9af64,179,JHG30_cc1404f2df3e,weak_train,-1,included_in_development_residue_labels
SOPPCL__1kg1,soppe_legacy,1kg1,1kg1,A,6a307cdf469644fdd7b5602ff7efe1e7bcd50c9e23fae25144c36869605ee978,60,JHG30_6cb245a4a625,weak_train,-1,included_in_development_residue_labels
SOPPCL__1kj6,soppe_legacy,1kj6,1kj6,A,b4dc94996d7000030e6b950b15e6428bd204084333a83de4d1d910a309a3d4b0,45,JHG30_b75bb096d4ea,weak_train,-1,included_in_development_residue_labels
SOPPCL__1kjk,soppe_legacy,1kjk,1kjk,A,5b7ec94bf6049e26f4f82b4de8bc7f8e43c15fcc97535b5f6c05698464933e5e,49,JHG30_0e5402c8b80e,weak_train,-1,included_in_development_residue_labels
SOPPCL__1kjs,soppe_legacy,1kjs,1kjs,A,90dc9db369b4d2d644598d13c4bf20cbd9cea0ba96f8d29fcdf6e0f037dcd75d,74,JHG30_496313023099,weak_validation,-1,included_in_development_residue_labels
SOPPCL__1kkd,soppe_legacy,1kkd,1kkd,A,71ddcc2ec153f356853d7f00457a6828e210895840c4c3ab480e9556616d7774,92,JHG30_e4ebac83c748,weak_train,-1,included_in_development_residue_labels
SOPPCL__1kkx,soppe_legacy,1kkx,1kkx,A,710d89cc82f9b398d160a5cced6f502e24f9b695a7ded8fc06be89fd7b442152,102,JHG30_7e6c56ee51bd,weak_train,-1,included_in_development_residue_labels
SOPPCL__1kla,soppe_legacy,1kla,1kla,A,58527b7265c821a4a74d57305fff9756b80a4e9bb69c3e2da427905aa28e13da,112,JHG30_231ac1a34494,weak_train,-1,included_in_development_residue_labels
SOPPCL__1klp,soppe_legacy,1klp,1klp,A,70e0f86f4f4c57434552a6c674492ca84b5999a5cb9b5f46fa62e59a1a1be139,115,JHG30_25aec2718171,weak_train,-1,included_in_development_residue_labels
SOPPCL__1kmd,soppe_legacy,1kmd,1kmd,A,35edb9e3f09a12af7998d5805b46dd9fd4b391d67829f93ff44ec2ff403c3ce6,117,JHG30_c439b7bd34f2,weak_train,-1,included_in_development_residue_labels
SOPPCL__1kmx,soppe_legacy,1kmx,1kmx,A,db5fa92e6415d328cdde1f52a4aa284fe1d433ff6cbd459ddb1524c438a1a268,55,JHG30_d1b4cfbcc8cf,weak_train,-1,included_in_development_residue_labels
SOPPCL__1kn6,soppe_legacy,1kn6,1kn6,A,afc63085d3865ccf8601f01d84c1834e4e4ad512081ab69be80f77de9f08f10e,73,JHG30_dfcb0bb75e57,weak_train,-1,included_in_development_residue_labels
SOPPCL__1kn7,soppe_legacy,1kn7,1kn7,A,574fc9da2bbd375e2a1701dd6c38c43b8b2fa0651751867f19bc3baa836325db,75,JHG30_9ce5f0ef555c,weak_train,-1,included_in_development_residue_labels
SOPPCL__1kpp,soppe_legacy,1kpp,1kpp,A,824541c707af21443793646242b868cb1bb833ad3816b6f0d72d5f03290d0aa4,144,JHG30_04686483bbc2,weak_train,-1,included_in_development_residue_labels
SOPPCL__1kri,soppe_legacy,1kri,1kri,A,98408f259b79b637eeeeeaeed180858dbe2a3fa33525eb1c4f086fa90563939f,160,JHG30_a723e1d69f84,weak_train,-1,included_in_development_residue_labels
SOPPCL__1ksq,soppe_legacy,1ksq,1ksq,A,82c1f9ec70a33d18106b526a4524ffe685b35749b9787798af5936566bd6364a,75,JHG30_f20603f76e25,weak_validation,-1,included_in_development_residue_labels
SOPPCL__1kv4,soppe_legacy,1kv4,1kv4,A,a2228a20b0e84de0ebe68c64943e912282b63a0376730bf70cbf9744f4006381,42,JHG30_413091869aca,weak_train,-1,included_in_development_residue_labels
SOPPCL__1kvn,soppe_legacy,1kvn,1kvn,A,cbc15f0b2b3704d84500531981b5c871a189da8d38a7c169c2384bb937d28487,104,JHG30_606118b12346,weak_validation,-1,included_in_development_residue_labels
SOPPCL__1kxl,soppe_legacy,1kxl,1kxl,A,bf90732722409d638afba8b80ae51cbc4974b53d3a63dcab9d44e3fb525685e6,187,JHG30_1da41f311e12,weak_train,-1,included_in_development_residue_labels
SOPPCL__1l1i,soppe_legacy,1l1i,1l1i,A,28c60d043522a6b9513715d44488fb5587c0079ffaac0a33c9e5dbd4c7b51132,84,JHG30_32ca6073c9af,weak_train,-1,included_in_development_residue_labels
SOPPCL__1l3g,soppe_legacy,1l3g,1l3g,A,64035faa530778ed091ab1f3fcd0f60ded12945d5f387ac52ee9f297eb261024,123,JHG30_9600f03f7b31,weak_train,-1,included_in_development_residue_labels
SOPPCL__1l3h,soppe_legacy,1l3h,1l3h,A,dce1ea56b89da1ca8d51a1202aa97adf5c85b9ddc76b43ccc0393aca4ef901ab,65,JHG30_b63f7d414a2f,weak_validation,-1,included_in_development_residue_labels
SOPPCL__1l5c,soppe_legacy,1l5c,1l5c,A,67085938981c6e4433891e07d0fbbdbb34569abf66a81b68d5d5f8a3e1ac56f5,92,JHG30_7cf320799a2e,weak_train,-1,included_in_development_residue_labels
SOPPCL__1l6n,soppe_legacy,1l6n,1l6n,A,4af8a14bf333c63b6f20304d34707b18f70cd060c11ea99f6f060370a8af3e72,288,JHG30_b257554fdddd,weak_validation,-1,included_in_development_residue_labels
SOPPCL__1l8c,soppe_legacy,1l8c,1l8c,A,3f97c154199d6c3b5c3e7de8340f1e1c8835647bdf14ef00ff4a3f57d7c41fc8,95,JHG30_9a772ed4d4bf,weak_train,-1,included_in_development_residue_labels
SOPPCL__1l8y,soppe_legacy,1l8y,1l8y,A,119ebb1b77d1c5836e44db365d119a7e93a1921badcb6321fe8cd8d229016475,84,JHG30_abc902253e55,weak_train,-1,included_in_development_residue_labels
SOPPCL__1lg4,soppe_legacy,1lg4,1lg4,A,98a9174e1976325716cd767a3c6314bca8f992e447695dcbb4aff644f4106af0,99,JHG30_e79ea926f4eb,weak_train,-1,included_in_development_residue_labels
SOPPCL__1ll8,soppe_legacy,1ll8,1ll8,A,3896ce590feeb4bdb1024e335ac94cf32e99bf9c61e91c107860e56b67a90cbd,114,JHG30_91f920163439,weak_train,-1,included_in_development_residue_labels
SOPPCL__1lmz,soppe_legacy,1lmz,1lmz,A,8668774a3632c305989e568607333fc1a9e2b2c1ee3d450d01b92a7aa13d290d,187,JHG30_573c856f9b40,weak_validation,-1,included_in_development_residue_labels
SOPPCL__1lr1,soppe_legacy,1lr1,1lr1,A,0bf75e8be3f94d46a3b0c183687d9d131682f350b177f29a400ccb8af99d9183,57,JHG30_fc196382f389,weak_validation,-1,included_in_development_residue_labels
SOPPCL__1ls4,soppe_legacy,1ls4,1ls4,A,0e71f9118a8a3b9fee4fbfa0b6d965ecfc6a4c249b8fdc1bf496d01ee741f8e3,164,JHG30_21df1cc1b7a1,weak_train,-1,included_in_development_residue_labels
SOPPCL__1m0v,soppe_legacy,1m0v,1m0v,A,514f05d3405d089e813ccd9854d73a1ea19ef9e89a6290aa5af97f43b676802b,130,JHG30_fb5a4ab71a53,weak_train,-1,included_in_development_residue_labels
SOPPCL__1m12,soppe_legacy,1m12,1m12,A,7aef4065eeaccad4253c1eb3155b5e5c63cee703796dd7f564caeaf55b17c1cb,84,JHG30_a9fbb87568f6,weak_train,-1,included_in_development_residue_labels
SOPPCL__1m5z,soppe_legacy,1m5z,1m5z,A,933afeed2b3d70bc7e038fd259d523dd98a9957460121a05ef727e951ba3e626,91,JHG30_ba9edc4e20e5,weak_train,-1,included_in_development_residue_labels
SOPPCL__1m7k,soppe_legacy,1m7k,1m7k,A,81437e657090f2b8eb5621c3b55377a1a8e5375e52e38f4fbfbdb04008765d39,81,JHG30_e02a8cefe393,weak_train,-1,included_in_development_residue_labels
SOPPCL__1m7l,soppe_legacy,1m7l,1m7l,A,ccb190eb308eacb8254e79d9bbb31e8f2da2890ff7abb159691e2464b0d38b07,40,JHG30_3a9ecceb7d68,weak_train,-1,included_in_development_residue_labels
SOPPCL__1m9g,soppe_legacy,1m9g,1m9g,A,c95bcbb2b673aa19fdf25753d6e3398c53101b48ec3d853b3a460f0a749fadb4,97,JHG30_b85bca79751f,weak_train,-1,included_in_development_residue_labels
SOPPCL__1m9l,soppe_legacy,1m9l,1m9l,A,d3f0d9981b16d47fb6f82c27925de17c3f8d5924f367d398fed69c96dab8b29c,198,JHG30_b9da85ac832f,weak_train,-1,included_in_development_residue_labels
SOPPCL__1mfn,soppe_legacy,1mfn,1mfn,A,e99dc30602e688b37560ef2d95171027a821e015e2f06ed4caca8de792df3513,184,JHG30_3e2963332a4f,weak_train,-1,included_in_development_residue_labels
SOPPCL__1mm4,soppe_legacy,1mm4,1mm4,A,84fa7d6eef54f9f086f519c1f3d723b53605a05c8aca9a119a4fc25bb295dbc6,170,JHG30_89a16d8ddc32,weak_train,-1,included_in_development_residue_labels
SOPPCL__1mnt,soppe_legacy,1mnt,1mnt,A,50b6e37f540168bcba4a1f8583f5d64e1773c17db29c8492fe06373c3531d82c,66,JHG30_b868a08f379d,weak_train,-1,included_in_development_residue_labels
SOPPCL__1mo7,soppe_legacy,1mo7,1mo7,A,5788eb1044c6edadc00ec5d993c4fb7cf8f4e767c201fb8f59a4e7ebe72d3f6e,213,JHG30_c8b7ae0d1984,weak_train,-1,included_in_development_residue_labels
SOPPCL__1mp1,soppe_legacy,1mp1,1mp1,A,df5e492eabf230e83b468c4003cc77b2572697da92cb9ae54e1bf1cba7fd6138,111,JHG30_ce31bb3eabf2,weak_train,-1,included_in_development_residue_labels
SOPPCL__1msz,soppe_legacy,1msz,1msz,A,70b5f6821e54ebb133887dfd841968104031c72f62a0d84dc14fced128396762,62,JHG30_4ab99c34c847,weak_train,-1,included_in_development_residue_labels
SOPPCL__1mv3,soppe_legacy,1mv3,1mv3,A,7b3798e940fc34e5412914dcc1e21b9bdd40476ac240c15740fff1fc55ff3951,213,JHG30_dedab0272848,weak_train,-1,included_in_development_residue_labels
SOPPCL__1mw4,soppe_legacy,1mw4,1mw4,A,6ab7e344bcb561234d33d9ac7940ee6154844028ebee421058299a365e4e3ec6,120,JHG30_528910533f4d,weak_validation,-1,included_in_development_residue_labels
SOPPCL__1mwy,soppe_legacy,1mwy,1mwy,A,1ba8cb02a5fa8af5c97a2c4c9c014148c1ace5d53efa1702ae43ff9bf2e43e40,73,JHG30_fb7874344042,weak_train,-1,included_in_development_residue_labels
SOPPCL__1myf,soppe_legacy,1myf,1myf,A,4e1e5bdd96abfd0c314159fd2797177dfc06ef65103f9f7eda3489f61ca98353,153,JHG30_3bac52c33ea4,weak_train,-1,included_in_development_residue_labels
SOPPCL__1n3g,soppe_legacy,1n3g,1n3g,A,f71456b9ed67e054b49adeb5d5485dbf17e5bcab64ca6568b6c506423658ecf2,113,JHG30_0130a9af78c0,weak_train,-1,included_in_development_residue_labels
SOPPCL__1n3k,soppe_legacy,1n3k,1n3k,A,97460206b101d5e70862bf4ce5a98ef2f49fe780b1a0f30e29decc33fd5d5f54,130,JHG30_ede2ca7d7d18,weak_validation,-1,included_in_development_residue_labels
SOPPCL__1n4c,soppe_legacy,1n4c,1n4c,A,44557b6520de9418a71241836c84c3b2f1e967295ba69d8c0d94d69322def173,182,JHG30_3aa5d38fe24c,weak_train,-1,included_in_development_residue_labels
SOPPCL__1n5h,soppe_legacy,1n5h,1n5h,A,0e89363f61a6d69f8c066c5b2871ac7f2a215d4a42854148e92be588ec05b886,105,JHG30_3af10291803c,weak_train,-1,included_in_development_residue_labels
SOPPCL__1n6u,soppe_legacy,1n6u,1n6u,A,4ab47133b4915e106453acb57f7f91814bf128bf273d524456ffd8e9ddf85e43,212,JHG30_fe4d75b68bef,weak_train,-1,included_in_development_residue_labels
SOPPCL__1n6z,soppe_legacy,1n6z,1n6z,A,4c4b86fbd8e9467648e2e7d60c998a17621502d3ffebf5943dcd27e6542693ca,105,JHG30_fbd29421f21d,weak_validation,-1,included_in_development_residue_labels
SOPPCL__1n87,soppe_legacy,1n87,1n87,A,0475348bb1a265d6919e692a8a34691a665c85796a0a71119cab4dc36b3c7f3b,56,JHG30_c58b6cea678c,weak_train,-1,included_in_development_residue_labels
SOPPCL__1n88,soppe_legacy,1n88,1n88,A,86471690c529f21191a50a7889c65507b973e6699de633b61c0e9cc1f5d0547c,96,JHG30_e76191bec747,weak_train,-1,included_in_development_residue_labels
SOPPCL__1n91,soppe_legacy,1n91,1n91,A,5c00fc5e3645ace8eb5f217eab0ff2a730f87e1fd9b956188e3804633cd4eafe,108,JHG30_5c62c26e6d50,weak_train,-1,included_in_development_residue_labels
SOPPCL__1nbl,soppe_legacy,1nbl,1nbl,A,a4e6cdf025e6a3434a23ca4f040ed3ff02c9abb19f8eb71a50860ad986143d58,46,JHG30_5ebf8e821e0d,weak_train,-1,included_in_development_residue_labels
SOPPCL__1nei,soppe_legacy,1nei,1nei,A,000c09c3f8fbeecbe349c8f69d8edfc691608699a8996c70ae2c2f8fb18996ee,60,JHG30_29db08507ed2,weak_train,-1,included_in_development_residue_labels
SOPPCL__1ng7,soppe_legacy,1ng7,1ng7,A,066a3aba703767a18010c3bed71a44d8b67e7012eac0f946ebb316048e5b61b9,60,JHG30_96cf6d6af4c7,weak_train,-1,included_in_development_residue_labels
SOPPCL__1nha,soppe_legacy,1nha,1nha,A,ce01bfc51a5c47f768a391cc412c467ab122f15121fb7ac07d494208f0dec036,67,JHG30_4d2b852a969d,weak_train,-1,included_in_development_residue_labels
SOPPCL__1ni7,soppe_legacy,1ni7,1ni7,A,940922528a5315223ed2389a275ef0f2e846b822d90dcb2c03d9fe4fba3e5f4f,149,JHG30_fb06e19811be,weak_train,-1,included_in_development_residue_labels
SOPPCL__1nkl,soppe_legacy,1nkl,1nkl,A,2f36325a071cc7768ee46fa3e6a0c5df29901ba7dafb75fcea60d7613162a7c5,78,JHG30_a2e7acd9de4f,weak_validation,-1,included_in_development_residue_labels
SOPPCL__1nmv,soppe_legacy,1nmv,1nmv,A,d8766228613d90eec8b5d683e0b08d0ac0a267d8b20d557e73af40590e9ea5bb,163,JHG30_b3313a122fac,weak_train,-1,included_in_development_residue_labels
SOPPCL__1nnv,soppe_legacy,1nnv,1nnv,A,efeadeb5da5f34fcfc6d0626a1a698c35021769893fd03c2f8946b51d95227ef,107,JHG30_ec4b146680a1,weak_validation,-1,included_in_development_residue_labels
SOPPCL__1noe,soppe_legacy,1noe,1noe,A,9252a9a0fd00c68e97ec87b88db94809d93908d59b5e34ead6cb4750cb892814,86,JHG30_92a7ad456b12,weak_train,-1,included_in_development_residue_labels
SOPPCL__1nq4,soppe_legacy,1nq4,1nq4,A,5fe4bbce7d2b6937ebb7b51bedb64ae1a0d3cac74a9ce3707f8af5db98c61889,95,JHG30_7595900d1797,weak_train,-1,included_in_development_residue_labels
SOPPCL__1nr3,soppe_legacy,1nr3,1nr3,A,0460aecae10ea30f788d0a3c94965019365dd1ec84925a727af2dbf02b3c7fe3,122,JHG30_d38cbc4116fa,weak_train,-1,included_in_development_residue_labels
SOPPCL__1nsh,soppe_legacy,1nsh,1nsh,A,45b00f171e22dbe0cc9fa7a0bd7b2aea5dd0a7bb5106f99ec71a32c3580e3387,101,JHG30_0facbcd9ea1c,weak_train,-1,included_in_development_residue_labels
SOPPCL__1nso,soppe_legacy,1nso,1nso,A,c27040d6d0bce8f274b3f8e893892127ef2126e5b6bb35657bb5dea1fda86139,107,JHG30_0e5e5951fa39,weak_train,-1,included_in_development_residue_labels
SOPPCL__1nxi,soppe_legacy,1nxi,1nxi,A,a4304fb25ccd1f66de6b8a8ff2ed7ea40f4e955efa39079c44918dbd68624dde,132,JHG30_057e58bc0564,weak_train,-1,included_in_development_residue_labels
SOPPCL__1ny4,soppe_legacy,1ny4,1ny4,A,50298750e40b3a91aeaf77248095759046a598f16f09fc47b33e507216ff2768,71,JHG30_987a1e4a2a95,weak_train,-1,included_in_development_residue_labels
SOPPCL__1nyn,soppe_legacy,1nyn,1nyn,A,a186af9d7f22f370fb8a42549a65ac5ddbc97fc0453cf30a7f24a1a0f1379330,111,JHG30_ad9b4ec8db4f,weak_train,-1,included_in_development_residue_labels
SOPPCL__1o6x,soppe_legacy,1o6x,1o6x,A,0f066f0da28dac8cfcc4cb09282c8131662aa98c253e51c0683744017592153d,81,JHG30_0a76b50602c3,weak_validation,-1,included_in_development_residue_labels
SOPPCL__1o8r,soppe_legacy,1o8r,1o8r,A,487966f4d6efc80804b0f953f2b4a95a59c5ebc9d5ab3acd6f9f98d9f757ade7,94,JHG30_41cd87d3a7f0,weak_validation,-1,included_in_development_residue_labels
SOPPCL__1of9,soppe_legacy,1of9,1of9,A,39b0774bec3904ad65d8cda320990c9360ea7e81fd2ce9a4fda3018c1ff6b672,77,JHG30_777fe9486e94,weak_train,-1,included_in_development_residue_labels
SOPPCL__1oh1,soppe_legacy,1oh1,1oh1,A,376285157027166b4b2e670b7800e5c9ffa10bd8b70d63b5cd5ddec0ce16d451,109,JHG30_fac3692d32c6,weak_train,-1,included_in_development_residue_labels
SOPPCL__1ojg,soppe_legacy,1ojg,1ojg,A,dc9e28f5e2f6510c7f9e02b81e871c57472e3a3620d2074cef65a63c4d0f4b84,136,JHG30_00fd2d383fa5,weak_train,-1,included_in_development_residue_labels
SOPPCL__1om2,soppe_legacy,1om2,1om2,A,af329bcff8d1eb626b06ef5dd64aa1ee0c7389b7f0ceec64103877ff5b5229a9,95,JHG30_c8dabb65cca0,weak_train,-1,included_in_development_residue_labels
SOPPCL__1on4,soppe_legacy,1on4,1on4,A,c0180d84eea36be2e6e6f1d4bb99a65d61d61db02b720e4073a95d1993674b28,174,JHG30_0604fad7f157,weak_train,-1,included_in_development_residue_labels
SOPPCL__1onv,soppe_legacy,1onv,1onv,A,ce01bfc51a5c47f768a391cc412c467ab122f15121fb7ac07d494208f0dec036,67,JHG30_4d2b852a969d,weak_train,-1,included_in_development_residue_labels
SOPPCL__1oqa,soppe_legacy,1oqa,1oqa,A,61e74c5901ad187958f8088d975fa5e53a1aa6cf8f33fc3acdbccfe2801ad531,110,JHG30_4b6b6991a2fb,weak_train,-1,included_in_development_residue_labels
SOPPCL__1oqy,soppe_legacy,1oqy,1oqy,A,b99016dff1981819866b904cdafbf94c822909c0b254491b56b25e77217371dc,363,JHG30_fa29f1073af9,weak_train,-1,included_in_development_residue_labels
SOPPCL__1ovq,soppe_legacy,1ovq,1ovq,A,9688cca306088ec4fcc1135ab6c5c149627877760c9c30bca437e9172b14e5b7,138,JHG30_ecfd67c269dc,weak_train,-1,included_in_development_residue_labels
SOPPCL__1ovy,soppe_legacy,1ovy,1ovy,A,a7e9a89489bc14426373647e220195608827fa617cf80b8cc6efa3f10a119444,97,JHG30_fd28295fcafe,weak_train,-1,included_in_development_residue_labels
SOPPCL__1owa,soppe_legacy,1owa,1owa,A,2efc7405de7e35d3c6d75a42dac2e64812b6c3370a65adcb9499a88907fcea65,156,JHG30_85aa53fbf049,weak_train,-1,included_in_development_residue_labels
SOPPCL__1owt,soppe_legacy,1owt,1owt,A,62eb739712e4dd13f4b87ecc57d0a0a5f88aed24f0d50aa4a78d7921c60e37a4,66,JHG30_1f7226c29c44,quarantine_metadata_only,-1,excluded_quarantine_metadata_only
SOPPCL__1owx,soppe_legacy,1owx,1owx,A,16f3035789ac4fdca3590d344dfc000fe85920ec308d5f13c1305ab1eb2497c2,113,JHG30_6ac01d659828,weak_train,-1,included_in_development_residue_labels
SOPPCL__1p4q,soppe_legacy,1p4q,1p4q,A,9be026ec9efa912a2514871ba22962bda3b20f17ec1dd32804108fcc12c6e717,52,JHG30_f3029622995a,weak_train,-1,included_in_development_residue_labels
SOPPCL__1p4s,soppe_legacy,1p4s,1p4s,A,d243fa1cc796fd1f6bb3de9393994fffd4deff40ce6e671450c00daf7c299b92,181,JHG30_f3db6093e23c,weak_train,-1,included_in_development_residue_labels
SOPPCL__1p4w,soppe_legacy,1p4w,1p4w,A,6319cf809756bdf4ca57af121f552ea40a55011f5eb62795a9819aaaedb5cb97,87,JHG30_b76eafdd7f47,weak_train,-1,included_in_development_residue_labels
SOPPCL__1p88,soppe_legacy,1p88,1p88,A,efa9ab6fe3a51e96bc4a8d219e57d9e570319fa954c967ced2c0d31f06a7ab4c,216,JHG30_e3b5c864365e,weak_train,-1,included_in_development_residue_labels
SOPPCL__1p8a,soppe_legacy,1p8a,1p8a,A,4410944e4c88e4a41f753b365bd5755c3a550a48dd65b8591a73cb4e93976483,146,JHG30_7cb93d0fd564,quarantine_metadata_only,-1,excluded_quarantine_metadata_only
SOPPCL__1p94,soppe_legacy,1p94,1p94,A,5f7c178185d7adf992f21bf389867e3baad9caf91d8358fe684142762e23ecc6,76,JHG30_1d41e4dbe124,weak_validation,-1,included_in_development_residue_labels
SOPPCL__1pa4,soppe_legacy,1pa4,1pa4,A,76a19f3d267a6c31f85a992d6e3d19ab4b4bf735228c03a4989cd080cfe9d3d2,96,JHG30_4b71362fef3c,weak_train,-1,included_in_development_residue_labels
SOPPCL__1pav,soppe_legacy,1pav,1pav,A,7779b742123d7856b1384b5bc0426fce4ca8df1e7c8785b72f282e493f6e61ce,78,JHG30_d8a0f846328b,weak_train,-1,included_in_development_residue_labels
SOPPCL__1pbu,soppe_legacy,1pbu,1pbu,A,edb547a9cf0ffb71d16048669fce5f0069636626e1829fca6a78661ac0bc6d75,162,JHG30_562f22629e07,weak_train,-1,included_in_development_residue_labels
SOPPCL__1pc2,soppe_legacy,1pc2,1pc2,A,ee5ce257bac41bff9688f8acacac4a408e36a767fe37418b418fa0a1d98858b9,152,JHG30_6f7316f392fc,weak_train,-1,included_in_development_residue_labels
SOPPCL__1pcp,soppe_legacy,1pcp,1pcp,A,872de3a5e44494e7a45f4d71f94723f0f2f97696c37e3d68a0b8a36e586f353e,106,JHG30_7a3ae2e7f74c,weak_train,-1,included_in_development_residue_labels
SOPPCL__1pfl,soppe_legacy,1pfl,1pfl,A,f6d78c100fd6bf99076ea0c8894700f0cfea144f710b37a8d5cd4c83bc8c20fd,139,JHG30_f339d0fd274e,weak_train,-1,included_in_development_residue_labels
SOPPCL__1pih,soppe_legacy,1pih,1pih,A,bb1a5e19a273c83ad44b702f6793602a585f99ca27dd15af2c44b68b3af74965,73,JHG30_ecaadadff146,weak_train,-1,included_in_development_residue_labels
SOPPCL__1pjz,soppe_legacy,1pjz,1pjz,A,c9b8780405c7d72162e77299511c05c6ec934de8103a8c8160ecbd53f80c606d,201,JHG30_bd291c67f739,weak_train,-1,included_in_development_residue_labels
SOPPCL__1plo,soppe_legacy,1plo,1plo,A,511a0dbc8fc0dd5d1f583f886982cf5a56f916fe39cf94ddbe175855ada9f276,122,JHG30_2edaadf6fc63,weak_train,-1,included_in_development_residue_labels
SOPPCL__1pls,soppe_legacy,1pls,1pls,A,6fdaa20523b735d56398ef8d55b24466652cd9eff2359bad34fabfc395534a82,113,JHG30_bbaf8204bd56,weak_train,-1,included_in_development_residue_labels
SOPPCL__1pmr,soppe_legacy,1pmr,1pmr,A,f7372ba3c0697d3f8f5d3d9f2bd0b70b28a369bf6e4888b2715fda425fd34525,80,JHG30_253d2e6b8c82,weak_train,-1,included_in_development_residue_labels
SOPPCL__1pms,soppe_legacy,1pms,1pms,A,8337d718c98f2bd176cb4f0db30b8627a09a2005ff6150720b9b510502bd3b91,135,JHG30_46c9671fac87,weak_train,-1,included_in_development_residue_labels
SOPPCL__1pqn,soppe_legacy,1pqn,1pqn,A,12ab728ff49a51f8190170716a27cbee3bb215a51f297f2325d522de82124de1,127,JHG30_9f0dc03ca302,weak_train,-1,included_in_development_residue_labels
SOPPCL__1psy,soppe_legacy,1psy,1psy,A,d7cebbab4f4f88a4f46f055e114207e5317e0b5df8ee86d00d01a4970c26ee0b,125,JHG30_e83be9fe9f99,weak_train,-1,included_in_development_residue_labels
SOPPCL__1pu1,soppe_legacy,1pu1,1pu1,A,3344b680561260aa0c7fd7041b80d083753a62617f98806af8c2e24426825e85,91,JHG30_7a76a50ff115,weak_train,-1,included_in_development_residue_labels
SOPPCL__1puz,soppe_legacy,1puz,1puz,A,8e89a544c76e48dbc9d18ee84fa12c32df000ef6766ae8471a79006f0268f671,82,JHG30_f15b2337c11b,weak_train,-1,included_in_development_residue_labels
SOPPCL__1pyc,soppe_legacy,1pyc,1pyc,A,c647cab19ac8c67641d823a80ca34c2a96af7a03a1ba57405c81601072b87b1a,41,JHG30_46c6d93422aa,weak_train,-1,included_in_development_residue_labels
SOPPCL__1pyv,soppe_legacy,1pyv,1pyv,A,019074fa0f2d88edce0dee4bc6cdef5efb8a40d36ff72dceb1e95ce92572a0af,53,JHG30_271b173dcaa0,weak_validation,-1,included_in_development_residue_labels
SOPPCL__1q1v,soppe_legacy,1q1v,1q1v,A,19b06d5a9da008480abdad7e0763d29a46dd9c8346cf9a0edd7ebce25bbcbeb0,70,JHG30_3b1c27015935,weak_train,-1,included_in_development_residue_labels
SOPPCL__1q27,soppe_legacy,1q27,1q27,A,0e8e05f7b65523b6ef07f00517b7bcb0f6307eac94500f44af0f5741db9952fb,171,JHG30_eae328643be8,weak_train,-1,included_in_development_residue_labels
SOPPCL__1q53,soppe_legacy,1q53,1q53,A,3b9039652ea8eea7d4452d1638b175a5f74ee1e9d88ab9938125e021f41d6438,112,JHG30_d3f60d0423da,weak_train,-1,included_in_development_residue_labels
SOPPCL__1q56,soppe_legacy,1q56,1q56,A,2533807d8f48d68f9d0bc43398a69bf7709c0e5545f1108f2b1ceef4840573f5,195,JHG30_7d8c5f52b98b,weak_train,-1,included_in_development_residue_labels
SOPPCL__1q5f,soppe_legacy,1q5f,1q5f,A,21b2550840fca119813cd4914cf1c8a180f1d478597d6087398b507d7a0fc227,156,JHG30_4cc945e2fcbc,weak_train,-1,included_in_development_residue_labels
SOPPCL__1q80,soppe_legacy,1q80,1q80,A,0ca83add36b22ee0fc90a567b041b40c056ec147ed6a8d7beb8639abf2b16311,174,JHG30_0be664773f12,weak_train,-1,included_in_development_residue_labels
SOPPCL__1q8k,soppe_legacy,1q8k,1q8k,A,d60d3bd5793661fa0fffd6a034863e34770274aaab62a45018b48e52011274a2,300,JHG30_20fde544fda6,weak_train,-1,included_in_development_residue_labels
SOPPCL__1qce,soppe_legacy,1qce,1qce,A,b16c2a87127c7332b9b8303b3ea98618ebb71bfb044a02500dfd81cdba3685b6,123,JHG30_5642e67c632c,weak_train,-1,included_in_development_residue_labels
SOPPCL__1qcv,soppe_legacy,1qcv,1qcv,A,8a20c59e0dee373a431f15d26fada76635a0d4bedf0509f6bc64da48f869c2e1,53,JHG30_65a07c8f6b92,weak_train,-1,included_in_development_residue_labels
SOPPCL__1qdp,soppe_legacy,1qdp,1qdp,A,28bcfec9566e895a1fbde390e31ead3ce1ae8f5b6f4231a5a33644aef742e98a,42,JHG30_f3d90ec610a9,weak_train,-1,included_in_development_residue_labels
SOPPCL__1qjt,soppe_legacy,1qjt,1qjt,A,7f980bba188f93358d823116918d3ffd8b7a9e3c2486ae4b4a754fe47a0a578a,99,JHG30_c2ae220bdd0b,weak_train,-1,included_in_development_residue_labels
SOPPCL__1qn0,soppe_legacy,1qn0,1qn0,A,3716a6601f1a00afa657a536f6276481adf5eb6fc63b613ea5d729e525c192dd,112,JHG30_83d03e1ad972,quarantine_metadata_only,-1,excluded_quarantine_metadata_only
SOPPCL__1qrj,soppe_legacy,1qrj,1qrj,A,fa09f21e789e8bdb4c43acbb3d671d1cf15a1bf98f9d5c6e5bf6ec9645b06a63,214,JHG30_f5d533bd3f3a,weak_train,-1,included_in_development_residue_labels
SOPPCL__1qsv,soppe_legacy,1qsv,1qsv,A,aee7b7c57753f5f87f1685ae4439c0d0af2992c220d4b41caea8a7036b5c2c85,101,JHG30_f49aeb556c5c,weak_train,-1,included_in_development_residue_labels
SOPPCL__1qtt,soppe_legacy,1qtt,1qtt,A,fbd5a3a6cf28534a6b158ef9cde2f56b302d6b7f5ae05514e16f998bab250b64,117,JHG30_d5f1afb38297,weak_train,-1,included_in_development_residue_labels
SOPPCL__1qu5,soppe_legacy,1qu5,1qu5,A,b24dea11aa48271d7fe8afa958fc4af31d2bceae143f81a71f8110c2e651f689,182,JHG30_658025593bb0,weak_train,-1,included_in_development_residue_labels
SOPPCL__1qw1,soppe_legacy,1qw1,1qw1,A,7d6318a6d82e5aa5de79d4a19f98d2a84cb2a7ffd1ca0bebf41a26717adf3969,121,JHG30_4032ce0d21b1,weak_validation,-1,included_in_development_residue_labels
SOPPCL__1r21,soppe_legacy,1r21,1r21,A,5d7220fd11de2435a767495169048670d60f9e4915f2658097d31cf1e4376725,100,JHG30_7997254eb587,weak_train,-1,included_in_development_residue_labels
SOPPCL__1r2n,soppe_legacy,1r2n,1r2n,A,971ca44aa55fb10417ac1c9bc08482d6cec18de57d62f0cf91d94799a390cbf2,232,JHG30_015ef1019112,weak_train,-1,included_in_development_residue_labels
SOPPCL__1r3b,soppe_legacy,1r3b,1r3b,A,2573c37e8117a32443a18aa12508655b39c3bb326baa159e37d8f233587bddab,202,JHG30_aa0921a8f1aa,weak_train,-1,included_in_development_residue_labels
SOPPCL__1r4g,soppe_legacy,1r4g,1r4g,A,0fc1ff34f966ce42991e2b940bfdb16cfa4375611a1b5bc6b46aee739663ec37,53,JHG30_2730776b59b7,weak_train,-1,included_in_development_residue_labels
SOPPCL__1r4t,soppe_legacy,1r4t,1r4t,A,e5ecf9dbb0312a3db2b1f56d1a40adae7c96e6320c1b62d923cb730dcc834ab7,122,JHG30_40fa2fe6af35,weak_train,-1,included_in_development_residue_labels
SOPPCL__1r57,soppe_legacy,1r57,1r57,A,ce9481acda7e78c31be768b6d90eb57f8c267a38dbb794fcd36113f1f6e60240,102,JHG30_959771bcf64e,weak_train,-1,included_in_development_residue_labels
SOPPCL__1r5e,soppe_legacy,1r5e,1r5e,A,159e901697e14372691e3ea01f4bd26c9bedeb9913dfd34cd70be4ea149f611f,105,JHG30_c47be323e80f,weak_train,-1,included_in_development_residue_labels
SOPPCL__1r5s,soppe_legacy,1r5s,1r5s,A,4f6328882e79c42ea68e4ed504871aa3f984d5dd2216aae728336eaec6ceef33,132,JHG30_11bff35917fa,weak_train,-1,included_in_development_residue_labels
SOPPCL__1r73,soppe_legacy,1r73,1r73,A,410a2e8a1c28399550a75acc60b29d9782d4fc24095b646e8343121e7e0264ef,66,JHG30_5227186ed724,weak_train,-1,included_in_development_residue_labels
SOPPCL__1r79,soppe_legacy,1r79,1r79,A,d028fb44c1bddd2a2fa8e3af7602d67afc402e4f35ccd3e9f10440eeedfafb80,84,JHG30_ce406173edb4,weak_train,-1,included_in_development_residue_labels
SOPPCL__1rax,soppe_legacy,1rax,1rax,A,4b85bfc9632e105da5dc46b1a40994344f176fc0118e300e78e5ea00eeda1a8b,93,JHG30_fbd5d1ba0286,weak_train,-1,included_in_development_residue_labels
SOPPCL__1re6,soppe_legacy,1re6,1re6,A,6823caa992bda5384f15b300cf820466303ab7cd402103a57d2b5886a5ddbf31,94,JHG30_fa362a55081a,weak_train,-1,included_in_development_residue_labels
SOPPCL__1rf8,soppe_legacy,1rf8,1rf8,A,08f8ac695036cd1975f83f2e230ba6384094f7a0b78371e31e0d2ef5a5c07dca,213,JHG30_43bbda27f49c,weak_train,-1,included_in_development_residue_labels
SOPPCL__1rfl,soppe_legacy,1rfl,1rfl,A,103b18ed1ca68011641e9c0c57a49d44526a1e2bca8fa4d4bdf4228d740a8c54,172,JHG30_611c907b5fd4,weak_train,-1,included_in_development_residue_labels
SOPPCL__1rjh,soppe_legacy,1rjh,1rjh,A,71baa7056e772d711561e853bad4a1535eaac6d45eb7f8a94c70d989fd82e6e1,118,JHG30_3a5b4470b5ea,weak_train,-1,included_in_development_residue_labels
SOPPCL__1rjv,soppe_legacy,1rjv,1rjv,A,03610edfd0355a605cdbfeccf14e703e684eb9979cfc55e43e3eb36879200d23,110,JHG30_1fa23d9e07b3,weak_train,-1,included_in_development_residue_labels
SOPPCL__1rl1,soppe_legacy,1rl1,1rl1,A,64c4188e1531c7dfbb35a3fad846be485ba8dd3f7769fe56dba896e801d2d0e9,92,JHG30_6d9a5bc2ab85,weak_train,-1,included_in_development_residue_labels
SOPPCL__1rmj,soppe_legacy,1rmj,1rmj,A,e5f719fb63605d245a5dfe6e6e2a84403662c15103ca8f759eb13999c2779411,107,JHG30_9cc9379b4e26,weak_validation,-1,included_in_development_residue_labels
SOPPCL__1rpr,soppe_legacy,1rpr,1rpr,A,b999d6315c7a7034af5f3cc095c13b30ba58e106d10c8a7810f3b026c2f45295,63,JHG30_ae9d99507a7d,weak_validation,-1,included_in_development_residue_labels
SOPPCL__1rq6,soppe_legacy,1rq6,1rq6,A,b6bc912efd61e2b520ba53017888d6155c32c2bf2bfe4e1f17c520d5f1740561,62,JHG30_f8cb3ac8d802,weak_train,-1,included_in_development_residue_labels
SOPPCL__1rq8,soppe_legacy,1rq8,1rq8,A,219b8bacd295a26b4a49e462bf770d5eac7a4702c3c25ccc3aa5160b27ff13a5,96,JHG30_c2a8ad0e619c,weak_train,-1,included_in_development_residue_labels
SOPPCL__1rrz,soppe_legacy,1rrz,1rrz,A,5497c8d8a55720f14eb1266351bf29eb27b8727f752f5683897f8ff3f6dc0fe4,66,JHG30_1d4b94619edc,weak_train,-1,included_in_development_residue_labels
SOPPCL__1rsf,soppe_legacy,1rsf,1rsf,A,6825d53f6ef612b4aa22d3449889a06cd2e03a55c8520e9c7830d3565d0a57d8,126,JHG30_576de102498e,weak_validation,-1,included_in_development_residue_labels
SOPPCL__1rso,soppe_legacy,1rso,1rso,A,aa88be5720d6b89c04434ae329c342c3898e84d874c10dafbbf664db50a47017,60,JHG30_5daf2b4fc82f,weak_train,-1,included_in_development_residue_labels
SOPPCL__1rw2,soppe_legacy,1rw2,1rw2,A,659fa00c678095243d683e82665b7d3bed3a1e9bfadd8ec7d3dc198271347d99,152,JHG30_affd64a8e9ad,weak_train,-1,included_in_development_residue_labels
SOPPCL__1rw5,soppe_legacy,1rw5,1rw5,A,f8e9d04e836d5451e895752a8342a97f156ae20864bc288abcbc8fb9a11cbaca,199,JHG30_76da1073c6d7,weak_train,-1,included_in_development_residue_labels
SOPPCL__1rwu,soppe_legacy,1rwu,1rwu,A,25d324b6f4bdd517cee86a3820713ac758cc3e95a3cec64c651a1f1655027178,87,JHG30_1ccfec5c05a4,weak_train,-1,included_in_development_residue_labels
SOPPCL__1rxl,soppe_legacy,1rxl,1rxl,A,dd45d0dc228221c6d7726d38d136b06099109e22097a5daed502ebd1b087857a,143,JHG30_b9e480a6f6ca,weak_train,-1,included_in_development_residue_labels
SOPPCL__1ry3,soppe_legacy,1ry3,1ry3,A,8f46ed9d855f0a67aa4fce602746f7cd13bf11a253ec469783b61d90ef309905,64,JHG30_b83e98538646,weak_train,-1,included_in_development_residue_labels
SOPPCL__1ry4,soppe_legacy,1ry4,1ry4,A,bae46716d230bf97533e23ba2df350e2ea8fa62028fc91522bdff2ed5167c437,128,JHG30_4f46748c0a18,weak_train,-1,included_in_development_residue_labels
SOPPCL__1s4z,soppe_legacy,1s4z,1s4z,A,6a2e2e2fb494205c28aa9255f42feb04854217bff8fd33b505cb6d5bc9dc619f,75,JHG30_0243bb939493,weak_train,-1,included_in_development_residue_labels
SOPPCL__1s62,soppe_legacy,1s62,1s62,A,636e1a264f0dc7b080d50ed14e545d04ab369b17767ba3642f9047348f63ab65,102,JHG30_d6127bbf6dbc,weak_validation,-1,included_in_development_residue_labels
SOPPCL__1s6i,soppe_legacy,1s6i,1s6i,A,fbc28f625fe9b450fe79da3b92c5127f95ca20cc08f78eb8de7c234db4e8a77f,182,JHG30_d1895d0062fb,weak_train,-1,included_in_development_residue_labels
SOPPCL__1s6l,soppe_legacy,1s6l,1s6l,A,446da070fccc7774b7eed953ba2709591a8e7a86ca019c0f5242f166ed866ba6,192,JHG30_50af6c326dfe,weak_train,-1,included_in_development_residue_labels
SOPPCL__1s79,soppe_legacy,1s79,1s79,A,6def557eed94b91cca1cc2b1347aa5bb759ea5bd04c3b4cc23c10990c408eefe,103,JHG30_491b2141da39,weak_train,-1,included_in_development_residue_labels
SOPPCL__1s7e,soppe_legacy,1s7e,1s7e,A,066e64e0b8193dc6e82c624b78db212a0a4909c5cf30d32bcde0685527a1ba54,147,JHG30_0b1ee93fb4d5,weak_train,-1,included_in_development_residue_labels
SOPPCL__1sb0,soppe_legacy,1sb0,1sb0,A,55ef050a34ed16487c8b93bfe3280e0a23bc6bbf9a80487c55509e9aa85e39c9,87,JHG30_43ebe6621471,weak_train,-1,included_in_development_residue_labels
SOPPCL__1sb6,soppe_legacy,1sb6,1sb6,A,34dd4f487603b8616a1f0f363f5ccc270a0a5f54d1ac86cda91b63c3d4fd5658,64,JHG30_ca4d948baecb,weak_train,-1,included_in_development_residue_labels
SOPPCL__1se9,soppe_legacy,1se9,1se9,A,b471ecf180765d8acd89601078f1256e3245b6da219a9c9ba618d100862f3091,101,JHG30_d33d721ebb7b,weak_train,-1,included_in_development_residue_labels
SOPPCL__1sg5,soppe_legacy,1sg5,1sg5,A,e23725840b50219a9c423a76aa476d859950678b5af50664f6893610b75c5230,86,JHG30_cc224bf49245,weak_train,-1,included_in_development_residue_labels
SOPPCL__1sg7,soppe_legacy,1sg7,1sg7,A,47cf0e3822dc831a1bf4e8e7be51e340d60b7dfdafe763bd0be3208004c8a137,75,JHG30_581d7fe52db2,weak_train,-1,included_in_development_residue_labels
SOPPCL__1sgo,soppe_legacy,1sgo,1sgo,A,95c9e7564316761048418c035af57f359a87d652cd151d26fe96743725042943,139,JHG30_60d5c09d3aaf,weak_train,-1,included_in_development_residue_labels
SOPPCL__1shi,soppe_legacy,1shi,1shi,A,ed4da599cb41fed5e529543c21e2dde474e515a53d661d760f7b80cba01645c3,48,JHG30_d0f6809419b4,weak_train,-1,included_in_development_residue_labels
SOPPCL__1sj6,soppe_legacy,1sj6,1sj6,A,c861437dfff728c6f65fc9816967865e8025a7bfcd33bda5a784e86698e6b4ba,95,JHG30_7c0a03ae82ae,weak_validation,-1,included_in_development_residue_labels
SOPPCL__1sjg,soppe_legacy,1sjg,1sjg,A,a8e5dfaeebd74b3bb1fc0b21e7461ad77ff5664d11a3ed55b3dd8f537d6c4a9c,112,JHG30_3889756d4b94,weak_train,-1,included_in_development_residue_labels
SOPPCL__1sjr,soppe_legacy,1sjr,1sjr,A,00faea0dab87004f9522d529791e9f0f96ba35332a4135a322b42162a94ef9c8,108,JHG30_d250d4abb646,weak_train,-1,included_in_development_residue_labels
SOPPCL__1slj,soppe_legacy,1slj,1slj,A,f6b2f0ae250477a625aee8f0bc13aa491ea82d7709e5326840cf84f59b9c0365,96,JHG30_a9ec5073e40a,weak_train,-1,included_in_development_residue_labels
SOPPCL__1sm7,soppe_legacy,1sm7,1sm7,A,1f6052b2d35ce2a2670c5f99a589b27cf290d69bea1f7f1e83123ef23f0bb4fe,109,JHG30_457a0d98a4c3,weak_train,-1,included_in_development_residue_labels
SOPPCL__1so9,soppe_legacy,1so9,1so9,A,58f21f24e9fac2607e4e029e3d657b77febb747f59541ec61d79c0d3e01887ca,131,JHG30_18e53b138065,weak_train,-1,included_in_development_residue_labels
SOPPCL__1sou,soppe_legacy,1sou,1sou,A,6187e159c7ced917c2d02b865ffe2f7bb039258246b991ce768ec1653791e07b,194,JHG30_fbfd0d517945,weak_train,-1,included_in_development_residue_labels
SOPPCL__1soy,soppe_legacy,1soy,1soy,A,bfd6e8521d68daf0596305c735e01cde4ae4c9a079b99ddcbc2f786e82f7e0b3,106,JHG30_bcee669b6de1,weak_train,-1,included_in_development_residue_labels
SOPPCL__1sqr,soppe_legacy,1sqr,1sqr,A,a406e9c1af5ff64ed2df9e4b0a13694c575a33aac2cee83c88a8d82f7728e9be,87,JHG30_a7b140d2e97b,weak_train,-1,included_in_development_residue_labels
SOPPCL__1sr2,soppe_legacy,1sr2,1sr2,A,1a1f28e5719822432864b00210e164d8d8817599b3fb8d5309d315e2170ade62,116,JHG30_7ff9e982d92c,weak_train,-1,included_in_development_residue_labels
SOPPCL__1ss3,soppe_legacy,1ss3,1ss3,A,017c376e893f54e5e88d48b9c12510b760f1a658a3093ee6e80dc567ed114d5d,50,JHG30_7eeda7d586e0,weak_train,-1,included_in_development_residue_labels
SOPPCL__1ss6,soppe_legacy,1ss6,1ss6,A,dc4d37a851cb25e608b66ca3ab29d11f47fe74c1568317bd1351fc6a0e2200a8,102,JHG30_6ac9059a99df,weak_train,-1,included_in_development_residue_labels
SOPPCL__1ssf,soppe_legacy,1ssf,1ssf,A,7ccab897045f2b1d81804f6d65e04a9bfcfe9ba1734e658cf043b4de3ef98131,123,JHG30_b40af236f709,weak_train,-1,included_in_development_residue_labels
SOPPCL__1ssl,soppe_legacy,1ssl,1ssl,A,7259c71d0fc84a4bd1917cfb8bcf2578e583b92b00648b9c63b46bfc04ad8ee6,48,JHG30_035aa95c3244,weak_train,-1,included_in_development_residue_labels
SOPPCL__1ssn,soppe_legacy,1ssn,1ssn,A,351385ad8d07eb1b090f0878672b2eaff3e83fb0cf381f4ce5a650cf789bd661,136,JHG30_e5706d064b0b,weak_train,-1,included_in_development_residue_labels
SOPPCL__1suh,soppe_legacy,1suh,1suh,A,bfb27d0ee2c950aea06c11cc065719c6ef16b3f2a033d8c13aa1ce16289cdc3a,104,JHG30_632eebc25e8e,weak_train,-1,included_in_development_residue_labels
SOPPCL__1svq,soppe_legacy,1svq,1svq,A,f883425f0f77778ce90404d7375efd6c33269c556b3bd3dbafb4959e19c1b974,94,JHG30_707e44343b4a,weak_train,-1,included_in_development_residue_labels
SOPPCL__1szl,soppe_legacy,1szl,1szl,A,08605645505389e58f4034a9925eb4e54e191e4284b8e5409fbafa5e12b2e809,61,JHG30_c5642f52b129,weak_validation,-1,included_in_development_residue_labels
SOPPCL__1t0g,soppe_legacy,1t0g,1t0g,A,1ca00883b4e556284978318c114fbfbcad936fad1c57696e572f299dc0c03e06,109,JHG30_f9286f375a3b,weak_train,-1,included_in_development_residue_labels
SOPPCL__1t0v,soppe_legacy,1t0v,1t0v,A,9efe9f6fb339014f2b2af591b0ab793818fb0e5d97c2ae300506259ab4b0ab01,184,JHG30_ff06417c70e7,weak_train,-1,included_in_development_residue_labels
SOPPCL__1t0y,soppe_legacy,1t0y,1t0y,A,787fffe0244ee8dc0c234c6dbe0c8f6c914a608b92ccaeb2c1f636eb3c75acc0,90,JHG30_c0bec5ef80f9,weak_validation,-1,included_in_development_residue_labels
SOPPCL__1t17,soppe_legacy,1t17,1t17,A,614768bf34d8766d0fc5598d49fdd5f97524d98bbb176a91eb5f9131209c175a,148,JHG30_77c98d4ae97f,weak_train,-1,included_in_development_residue_labels
SOPPCL__1t3k,soppe_legacy,1t3k,1t3k,A,de93f6de0c7e92087de45faec1e3c6c3fd195b06be4d5ef99465a5ead3c38a81,132,JHG30_be7f5eaa780a,weak_train,-1,included_in_development_residue_labels
SOPPCL__1t3o,soppe_legacy,1t3o,1t3o,A,4c47539a59b9989cf79d8fd2298c4ed77a0de566374cd48bb8fa930ed61bb86a,84,JHG30_2dbebf10a2ab,weak_train,-1,included_in_development_residue_labels
SOPPCL__1t3v,soppe_legacy,1t3v,1t3v,A,45a6b8d61271e04786df318352dab4e415587646adc94761d60eb120acbe3b5d,124,JHG30_0289ec292372,weak_train,-1,included_in_development_residue_labels
SOPPCL__1t4n,soppe_legacy,1t4n,1t4n,A,97d8ff985bc99e506a71a57d708a1aa1fbf6bca7b09ec4c5a9fd2ae8b9ea4eb2,88,JHG30_adab452a5f89,weak_train,-1,included_in_development_residue_labels
SOPPCL__1t50,soppe_legacy,1t50,1t50,A,4b4d910333495fabbdfa33e2daacddb56de54d88ece5f58bd7aaf25739d5c03a,58,JHG30_0ce2c1ff2027,weak_train,-1,included_in_development_residue_labels
SOPPCL__1t6w,soppe_legacy,1t6w,1t6w,A,a43d0c1d06336636232c211c2af9a7c9eb1eeda033fdc35272ed50c50c10e10c,99,JHG30_2bf65baf52ce,weak_train,-1,included_in_development_residue_labels
SOPPCL__1t8c,soppe_legacy,1t8c,1t8c,A,67fb6fe6fba3c22e4603f94e850769c6d9e1de8964830c83ea0b998857202624,143,JHG30_9acc7f664f82,weak_validation,-1,included_in_development_residue_labels
SOPPCL__1tap,soppe_legacy,1tap,1tap,A,1908ba6819a0374d2bef587a3007dce34ef0df2a6af7754f32f3db9cfeaf7a8f,60,JHG30_1d4466933797,weak_validation,-1,included_in_development_residue_labels
SOPPCL__1tba,soppe_legacy,1tba,1tba,A,a47e79db63d7605cedf4859d787a7b81668a7fc73992e8096368d7a19f0db2f4,67,JHG30_1793fdaf226d,weak_train,-1,included_in_development_residue_labels
SOPPCL__1tdp,soppe_legacy,1tdp,1tdp,A,0dfd90d66a8e728d98a7b3c8a54553b823fc712f715ab1f18989ec164316dd68,111,JHG30_c3543eb08975,weak_train,-1,included_in_development_residue_labels
SOPPCL__1te4,soppe_legacy,1te4,1te4,A,cd638971d537097ddabf641c48a090e1e107e74cc02cb5a37324f475e6bf71f6,111,JHG30_b6b504c5ef71,weak_train,-1,included_in_development_residue_labels
SOPPCL__1te7,soppe_legacy,1te7,1te7,A,569e57fb53fdf691b150d83f1e51392335459ad3e046b3c382b50c309cc9b1a1,103,JHG30_f9389e6e7f0e,weak_train,-1,included_in_development_residue_labels
SOPPCL__1tfb,soppe_legacy,1tfb,1tfb,A,df74bff816c72875943e63dcfeb8bebfdb19a28daaafdba96911517f5cfe93de,206,JHG30_032824155f46,weak_validation,-1,included_in_development_residue_labels
SOPPCL__1tkn,soppe_legacy,1tkn,1tkn,A,fc7c2f37d57ff12e72f387f6af25e3701c16ead9ea652dbbc6e9499f57284a12,110,JHG30_0abeb2d3336f,weak_train,-1,included_in_development_residue_labels
SOPPCL__1tkw,soppe_legacy,1tkw,1tkw,A,6064cc0c31b3438f9603676db41bbd4c5a11ea9a10671d45d74de783423e1c33,99,JHG30_0e89b3e66452,weak_train,-1,included_in_development_residue_labels
SOPPCL__1tle,soppe_legacy,1tle,1tle,A,adce8e587d955a0ec44228e0260e8901929e3f18d75cde2d1c99f13623a48439,58,JHG30_6d0956a20498,weak_train,-1,included_in_development_residue_labels
SOPPCL__1tlh,soppe_legacy,1tlh,1tlh,A,72aead1f3875df8e25f5474effc4325a6bd926464deee3de144db352008b6e35,89,JHG30_81307b0e815f,weak_train,-1,included_in_development_residue_labels
SOPPCL__1tm9,soppe_legacy,1tm9,1tm9,A,5099d90033bf6c0068e65a7707ee1fcfe596be31c9189e5f3125a8b38cee4224,137,JHG30_06b2574c9134,weak_train,-1,included_in_development_residue_labels
SOPPCL__1tmw,soppe_legacy,1tmw,1tmw,A,42da555711b3f25f55ea4712b84cd2f41a5b65c5fdb5e53902537135f8631f0d,141,JHG30_9fb660d8370a,weak_train,-1,included_in_development_residue_labels
SOPPCL__1toz,soppe_legacy,1toz,1toz,A,a2dd0c60cf495f1c7e3470eda0c428089329a1adf951291ad45faa4727cfa5f0,116,JHG30_939de2d723a9,weak_train,-1,included_in_development_residue_labels
SOPPCL__1tr4,soppe_legacy,1tr4,1tr4,A,73bff009d64158857a2f1f6be079f56d615faf0b09d9e7048f6995d95e9fdb19,226,JHG30_856ab4b65227,weak_train,-1,included_in_development_residue_labels
SOPPCL__1tte,soppe_legacy,1tte,1tte,A,3f55cf84bbc3909b1dcdcf021557c64c19dc9e2ad8845e1ddf52a8e7167aff9c,215,JHG30_24719a69ce77,weak_train,-1,included_in_development_residue_labels
SOPPCL__1ttn,soppe_legacy,1ttn,1ttn,A,ba299977ef5c05cd6c6e6494176d273aa15dc1ed87065ba07cd9a1fbeaef3f66,80,JHG30_c5f70a24fb4c,weak_train,-1,included_in_development_residue_labels
SOPPCL__1tu2,soppe_legacy,1tu2,1tu2,A,0bd623aa74b7f5549173afd993948a0e8c31c9ca0bc083e7b2819db67dd7201e,105,JHG30_0e89b3e66452,weak_train,-1,included_in_development_residue_labels
SOPPCL__1tuj,soppe_legacy,1tuj,1tuj,A,613701862469f2e0db4598a60731409be54941a83ca3ca308f34b5c618e72607,123,JHG30_2a69d71f0341,weak_train,-1,included_in_development_residue_labels
SOPPCL__1tuz,soppe_legacy,1tuz,1tuz,A,87ae08d2d4f4231848b03d81e7ebd1bedaa0a4aa5d5b1aaf7a926ab34c4c9a1f,118,JHG30_c829040fd012,weak_train,-1,included_in_development_residue_labels
SOPPCL__1tvc,soppe_legacy,1tvc,1tvc,A,6311ff6bac28e3642c96bba7612303e53c0275c8ef6ed3baa41e5c49e1910eb5,250,JHG30_d2bcc7cec4cf,weak_train,-1,included_in_development_residue_labels
SOPPCL__1tvi,soppe_legacy,1tvi,1tvi,A,80d3a4c2118fc3b1d57cf655c281fabe6084ccd527b5480c2e4cfe6c046163b4,150,JHG30_5f33ed5aad18,weak_train,-1,included_in_development_residue_labels
SOPPCL__1u3n,soppe_legacy,1u3n,1u3n,A,da42a8fa5989dd03a69968ef2fbe1ded6b6ff21dd08f8057607464c552fd8d57,162,JHG30_d6d03fe21dd7,weak_train,-1,included_in_development_residue_labels
SOPPCL__1u96,soppe_legacy,1u96,1u96,A,e47a4060aa04505e0445c40006f052e37d226e0291b69b89d1655118ded11b0e,69,JHG30_7e21ec235ea2,weak_train,-1,included_in_development_residue_labels
SOPPCL__1uap,soppe_legacy,1uap,1uap,A,9488581700b9c3928d8109ef41ab06a10d3a033aa2813343240f9a426fe4f63e,131,JHG30_c09604373d86,weak_train,-1,included_in_development_residue_labels
SOPPCL__1ub1,soppe_legacy,1ub1,1ub1,A,9fa2d15ed8df1780aa506bcd87f3023ba2216f748a0e0a69a5284da4e4706ffe,125,JHG30_7d0cf06f7ffa,weak_train,-1,included_in_development_residue_labels
SOPPCL__1udk,soppe_legacy,1udk,1udk,A,8256c35b024e72810e785fa7ff58ac310640df0863f76515e96e44089d64a406,51,JHG30_24e5c09894f1,weak_train,-1,included_in_development_residue_labels
SOPPCL__1uen,soppe_legacy,1uen,1uen,A,fc556b5693176b2027ea3603097cdf0868b8f013f022acb6e13f7c29e0608c27,125,JHG30_792760eab230,weak_train,-1,included_in_development_residue_labels
SOPPCL__1ueo,soppe_legacy,1ueo,1ueo,A,eefa4dde68f13660f5c2b6877e1efefb849fcfeee696652ca60bbd876ad0152c,63,JHG30_4d6a09b65cf3,weak_train,-1,included_in_development_residue_labels
SOPPCL__1uey,soppe_legacy,1uey,1uey,A,65152a70575260bfb9c1490c0b6590a4423405ef5ec24fcfa8587d0f5b982725,127,JHG30_55198b9d1b28,weak_train,-1,included_in_development_residue_labels
SOPPCL__1uf0,soppe_legacy,1uf0,1uf0,A,6a51f0ab5b59df06d5dc5430b127dd55a18af2f7b42e35b8067295d675cba0f7,116,JHG30_b0259ec3a253,weak_train,-1,included_in_development_residue_labels
SOPPCL__1ufg,soppe_legacy,1ufg,1ufg,A,6c2c12acafbe2b9a2a8d3df0e3ee101dead629e80450852bc9678b2f09d432d4,151,JHG30_6604537e3524,weak_validation,-1,included_in_development_residue_labels
SOPPCL__1ufm,soppe_legacy,1ufm,1ufm,A,bb4a576e95682d66ec314c459f90d4bc49ca027ddf29268608319f3c8fc5b79f,84,JHG30_4aff45094243,weak_train,-1,included_in_development_residue_labels
SOPPCL__1ufz,soppe_legacy,1ufz,1ufz,A,38fe1d0258785efb808f42fc86e33dcca8d602c540cdfe29e893d926dd58aee9,83,JHG30_3d0ca3a5d758,weak_train,-1,included_in_development_residue_labels
SOPPCL__1ug1,soppe_legacy,1ug1,1ug1,A,47a984f5911da39c8d3dc5ecbccad714af1544b89c09755faccb67eaf5ff8eff,92,JHG30_bf545f42956a,quarantine_metadata_only,-1,excluded_quarantine_metadata_only
SOPPCL__1ug2,soppe_legacy,1ug2,1ug2,A,902aa9c378df874ac3da7781959691506b4a9b15cfc978bc459bc5bb401ded5b,95,JHG30_984e3035dfc4,weak_train,-1,included_in_development_residue_labels
SOPPCL__1ug7,soppe_legacy,1ug7,1ug7,A,da08192737ac1517b6ae35a8216ddfad4d0baa79c175ad5528f4ddddb18c55e9,128,JHG30_ed0fee034af7,weak_train,-1,included_in_development_residue_labels
SOPPCL__1ug8,soppe_legacy,1ug8,1ug8,A,c174ec98aefb8d1087f78ce7128595e14ae7d7ebc6ec92aaf4ee7a0484e5a2be,87,JHG30_04e99817cc97,weak_train,-1,included_in_development_residue_labels
SOPPCL__1ugl,soppe_legacy,1ugl,1ugl,A,2487aa4aba6769e5fb2d3abded690889e644534b472c3675fd5f1fbf74e6f07d,50,JHG30_c873fae9cbbb,weak_train,-1,included_in_development_residue_labels
SOPPCL__1uh6,soppe_legacy,1uh6,1uh6,A,88f8a7f5f467dd673e271db6bfecba91a19db4d1aa2a45a2abf10867d4a4b58e,100,JHG30_79c02201f443,weak_train,-1,included_in_development_residue_labels
SOPPCL__1uhr,soppe_legacy,1uhr,1uhr,A,95630bd73bfca3368a6fd7668e0b8af16e735a0d95fbc0049407f03f6faa96f6,93,JHG30_0cbe24228d28,weak_train,-1,included_in_development_residue_labels
SOPPCL__1uhu,soppe_legacy,1uhu,1uhu,A,fe868555e80cac49fbf0f92232a54a9600b0485d051c4ca78b5be8f4eb711111,105,JHG30_e31459d88637,weak_train,-1,included_in_development_residue_labels
SOPPCL__1ujl,soppe_legacy,1ujl,1ujl,A,07a9f498c9299439b70aeac0436d9ad6766a7f42584fe7d5b18317038e12d793,42,JHG30_0c724d1a3a3c,weak_train,-1,included_in_development_residue_labels
SOPPCL__1ujr,soppe_legacy,1ujr,1ujr,A,d3fe5a227b3e90db38f8879ba6944efec18cd47e37ab0cee5bdb7b57b6b26cf0,110,JHG30_807b1857fb64,weak_train,-1,included_in_development_residue_labels
SOPPCL__1ujs,soppe_legacy,1ujs,1ujs,A,a35ea3574c3a245ce4bfe5bb0eee3e133f820288da6624115f1fd93a951522d0,88,JHG30_4a8e848065ba,weak_validation,-1,included_in_development_residue_labels
SOPPCL__1ujx,soppe_legacy,1ujx,1ujx,A,8dd16c46c9beca71531721b4b202700a4f2286aed215e8bdf33734fdc3883a5e,119,JHG30_71fa12360bab,weak_train,-1,included_in_development_residue_labels
SOPPCL__1ukx,soppe_legacy,1ukx,1ukx,A,c327ddc94d91b47ace048cc3720a9dc64cfffcf4f3c59c3426fa86d10f878a3b,137,JHG30_cf36464963f5,weak_train,-1,included_in_development_residue_labels
SOPPCL__1ul4,soppe_legacy,1ul4,1ul4,A,1f1625cc99c0eaea6b1ce82fba0153b6c83764d6918f9360e22cd24cfa567167,81,JHG30_bbef5a154661,weak_validation,-1,included_in_development_residue_labels
SOPPCL__1uqv,soppe_legacy,1uqv,1uqv,A,f1c8cfeaab8f022699ebd66f9c73a7e8c74578549d44b55117adec10b7bb0e18,85,JHG30_56db7000f8ae,weak_train,-1,included_in_development_residue_labels
SOPPCL__1urf,soppe_legacy,1urf,1urf,A,d181de6ec966f672268d39ec1782f16936a53fad94f33e4867d3396c812e6837,81,JHG30_19e6faa6e0f4,weak_validation,-1,included_in_development_residue_labels
SOPPCL__1ust,soppe_legacy,1ust,1ust,A,1c9623ee50b2fd63da186538f09e45f5abd1c26b6dab15760d922fe3ba63992a,92,JHG30_0f12220fe48d,weak_train,-1,included_in_development_residue_labels
SOPPCL__1uta,soppe_legacy,1uta,1uta,A,4523b7ca3fba63f8dc293d84848f0b55f3dad6b5d5bfae2784b1af8835cb38b5,77,JHG30_a25bfd97df23,weak_train,-1,included_in_development_residue_labels
SOPPCL__1uvg,soppe_legacy,1uvg,1uvg,A,57db71344ed22b9451e409f9a7fe82e4a6318d9a3090a25570dfc1e5dd5a93f0,76,JHG30_84a2f4240135,weak_train,-1,included_in_development_residue_labels
SOPPCL__1uw0,soppe_legacy,1uw0,1uw0,A,998cfaf9b8c639ff05dbbc75e1afec11945b2800c8898b6344f9d5c077aa7a88,117,JHG30_7f5bd402e112,weak_validation,-1,included_in_development_residue_labels
SOPPCL__1uzc,soppe_legacy,1uzc,1uzc,A,6e218c8e078b431e0f6e32fb7d8977217c99f932858fc5b615625ac2ca9d3a37,69,JHG30_b6921d008dda,weak_validation,-1,included_in_development_residue_labels
SOPPCL__1v06,soppe_legacy,1v06,1v06,A,4142b6545df783516d51c9af68675a96424e1894a4ad1bdf0e196f074a55ce8a,138,JHG30_5cf07ba25c2a,weak_train,-1,included_in_development_residue_labels
SOPPCL__1v27,soppe_legacy,1v27,1v27,A,5af69296316fb937bc41eb14b6775b3bfa92b1fc5a3fae0731de438e8edaf2cf,141,JHG30_8ca6a7ed7b65,weak_train,-1,included_in_development_residue_labels
SOPPCL__1v32,soppe_legacy,1v32,1v32,A,c056dd908ccaf9f4e5a3377372b75cb00eaf2afce78c5b3339adbbaeac0d0532,101,JHG30_829b30ee8133,weak_train,-1,included_in_development_residue_labels
SOPPCL__1v4r,soppe_legacy,1v4r,1v4r,A,6757b361a33466ab35057765da39de6fbbff85cc18735d18b6f6586874f3aca7,100,JHG30_006182590593,weak_train,-1,included_in_development_residue_labels
SOPPCL__1v5l,soppe_legacy,1v5l,1v5l,A,bba660b401a649773d70af1f3d7f569d114235af28f89e2b8bee27e96fa1593a,103,JHG30_4fa65e8e4627,weak_train,-1,included_in_development_residue_labels
SOPPCL__1v5m,soppe_legacy,1v5m,1v5m,A,fab89650aefe059d86a429e047479fcfcb8f5fb4492bc8d0317d7510c1d8bfd3,136,JHG30_766975ddee5e,weak_train,-1,included_in_development_residue_labels
SOPPCL__1v5q,soppe_legacy,1v5q,1v5q,A,cf4087277789e0631558fbc6f09fd06340b27391b558db016744ac8c93cbb7d8,122,JHG30_4fa65e8e4627,weak_train,-1,included_in_development_residue_labels
SOPPCL__1v5s,soppe_legacy,1v5s,1v5s,A,6809800b0539fc65f32e4df9a6038121f2de4b02bd307988022b6fc78b43343d,126,JHG30_6640a16c0fc6,weak_train,-1,included_in_development_residue_labels
SOPPCL__1v60,soppe_legacy,1v60,1v60,A,058e51bd909d46f8da7609c38c7fe0b7a7cfc3eafdd83b12cd723939c2e5c8c6,123,JHG30_5cea9e545245,weak_train,-1,included_in_development_residue_labels
SOPPCL__1v61,soppe_legacy,1v61,1v61,A,b98a89589ae355b003e534efdcec0e91c28e93a34a4ef024d48cdb6305938b3d,132,JHG30_117e0a4fef69,weak_train,-1,included_in_development_residue_labels
SOPPCL__1v63,soppe_legacy,1v63,1v63,A,39999c6946080575dc280aa9faa19a120179d2e47456c3f3a8a5f0b7a94a1f71,101,JHG30_3c9f6ddf3980,weak_validation,-1,included_in_development_residue_labels
SOPPCL__1v66,soppe_legacy,1v66,1v66,A,a18cc500db389424418bc4f34b37a1b2622c3cd5b2d24edf89bc3d0d6c664460,65,JHG30_a2906032305e,weak_train,-1,included_in_development_residue_labels
SOPPCL__1v6b,soppe_legacy,1v6b,1v6b,A,a2df451ce70e42d7946c0c00d81f8ed007fa81b22b8cc32fee5688504fb22f2d,118,JHG30_847de6d91b37,weak_train,-1,included_in_development_residue_labels
SOPPCL__1v6f,soppe_legacy,1v6f,1v6f,A,0703a1ff748ba58ba8129a469629132637e24588c9c62ffdc8b38e74dfef5c01,151,JHG30_793549a82bd1,weak_train,-1,included_in_development_residue_labels
SOPPCL__1v87,soppe_legacy,1v87,1v87,A,d4187cb9d89d64f38dbec8ce6f0000347b09c680ee9a7e01d51a6d66c7b862b6,114,JHG30_c09711a37810,weak_train,-1,included_in_development_residue_labels
SOPPCL__1v88,soppe_legacy,1v88,1v88,A,e55a84e695a2e2ab63344506ed3ebe81ea9f7f3d2e8a24bca118dbffc3c78ef6,130,JHG30_54ca97cb5cbd,weak_train,-1,included_in_development_residue_labels
SOPPCL__1v95,soppe_legacy,1v95,1v95,A,05a6c4787f455c85c65d72faebb514e155fd8663cd37f7fa93796316e0a126a7,130,JHG30_b82b227f2734,weak_train,-1,included_in_development_residue_labels
SOPPCL__1v9v,soppe_legacy,1v9v,1v9v,A,e2718cbd4354652a04820b9743e63dae2826adeb4d7332c3a5c8d1fe3f18b5c8,114,JHG30_e91c566cdeeb,weak_train,-1,included_in_development_residue_labels
SOPPCL__1v9w,soppe_legacy,1v9w,1v9w,A,c9397fc347ba47b7345c66364ad9cc03d16763175db9f130ba699dd9ed82a864,130,JHG30_f99023fc56d1,weak_train,-1,included_in_development_residue_labels
SOPPCL__1vcs,soppe_legacy,1vcs,1vcs,A,9f9b7178db30503265777f4e9d2d1b4a5f1a73272ed09c1ada68f636abe7a0ed,102,JHG30_b3011843493b,weak_train,-1,included_in_development_residue_labels
SOPPCL__1vd0,soppe_legacy,1vd0,1vd0,A,0373a1c00dc9d6b5e8f5cf20f07fdaabcc2d3f2c0d4bcf02ad9cbf02e7a2719d,109,JHG30_c4e5c6d3ca9a,weak_train,-1,included_in_development_residue_labels
SOPPCL__1vd2,soppe_legacy,1vd2,1vd2,A,4195faa799c34b841ab67aca69dcdb1ed16cffa3f6a3d299e4a149319c624b1c,89,JHG30_6075adbe8110,weak_train,-1,included_in_development_residue_labels
SOPPCL__1vdi,soppe_legacy,1vdi,1vdi,A,a842407c3cf6dfac531bc7afb143d367c22deac40cd17a31406c37561e584240,52,JHG30_d204090725dd,weak_train,-1,included_in_development_residue_labels
SOPPCL__1vdy,soppe_legacy,1vdy,1vdy,A,1f248c59a427347fc722a1548e66e876b2f85af874a3658e58473a14dbdba9b2,140,JHG30_f10ca42b6c2f,weak_train,-1,included_in_development_residue_labels
SOPPCL__1vee,soppe_legacy,1vee,1vee,A,72c5296b2346b724c45f7a9f9b70022db735a29fc8eed0d4ff5f035c83ab0d31,134,JHG30_bba6a712a6d1,weak_train,-1,included_in_development_residue_labels
SOPPCL__1vek,soppe_legacy,1vek,1vek,A,1b184a7e54f84e8e4883cc91cbfd2e60da5c9d5f075cd6fb23b562ad9c086082,84,JHG30_4aff45094243,weak_train,-1,included_in_development_residue_labels
SOPPCL__1vfi,soppe_legacy,1vfi,1vfi,A,81e3465197532464972fb46121d8f05e6e2be5bdf4556dcf8e20341310a2bb29,95,JHG30_637d4fed82bc,weak_validation,-1,included_in_development_residue_labels
SOPPCL__1vg5,soppe_legacy,1vg5,1vg5,A,a04b36e52c8d121fcebba567dd907e4b7eff4b1f1078142522c98445075bf102,73,JHG30_4a29901da376,weak_validation,-1,included_in_development_residue_labels
SOPPCL__1vig,soppe_legacy,1vig,1vig,A,6b26bfe6a8071cc7debfe6fa5369c3708e38153fcdc6b19cea08556e9a9e8144,71,JHG30_6e75783b54e1,weak_train,-1,included_in_development_residue_labels
SOPPCL__1vre,soppe_legacy,1vre,1vre,A,84792bdd34a54a500720b69e980677dcf882bf80c04fd104202369d29738792a,147,JHG30_189d0e1a0cd7,weak_train,-1,included_in_development_residue_labels
SOPPCL__1vzs,soppe_legacy,1vzs,1vzs,A,6169e57093abf7149e2bc1d6605f169a351cd6e6e5495ffef18177fce9c4c62f,76,JHG30_ecaa8a50c69e,weak_train,-1,included_in_development_residue_labels
SOPPCL__1w0b,soppe_legacy,1w0b,1w0b,A,348d71f062bfd3940f99afb861ff9a2404fe65eb6fb61ae18922da72b5688f1a,102,JHG30_b771627b70ad,weak_train,-1,included_in_development_residue_labels
SOPPCL__1w2q,soppe_legacy,1w2q,1w2q,A,86dcdd495c4d908bdd559d6ff649025ac4c3100974d7f2ae2fefc49a02acfc29,127,JHG30_6419121dbcbc,weak_train,-1,included_in_development_residue_labels
SOPPCL__1w6v,soppe_legacy,1w6v,1w6v,A,9c9a26213bec47fb5745896e3dcab892d318da08b75208b0d2b38c6b0a78d806,120,JHG30_9180a7335fc7,weak_train,-1,included_in_development_residue_labels
SOPPCL__1w9r,soppe_legacy,1w9r,1w9r,A,0806c6feca9b5f9ce1b9cb54bbc0d3f188cfc912fa863abea993b321f41f154e,119,JHG30_1d7303a23a47,weak_validation,-1,included_in_development_residue_labels
SOPPCL__1wa8,soppe_legacy,1wa8,1wa8,A,1ce3c38b42a046ea2dd0c69bc9ac8c338dbb5c551f972baee54537df9643faf7,99,JHG30_0b4d548bd182,weak_train,-1,included_in_development_residue_labels
SOPPCL__1we7,soppe_legacy,1we7,1we7,A,f3c33df7dd3b9f07bbb1a8d5ff0923d897554f92d7bf9fcfe8f3ad5e9b457a96,115,JHG30_7ac16e317a89,weak_train,-1,included_in_development_residue_labels
SOPPCL__1weu,soppe_legacy,1weu,1weu,A,69d3dcd0928932978343cdf23e483d6c05500fc10e5613b715c068e5e0c0e245,91,JHG30_e145264f5304,weak_train,-1,included_in_development_residue_labels
SOPPCL__1wf0,soppe_legacy,1wf0,1wf0,A,b4e12c479668c4fdc187abd595475618175e92860427eae62c2486e154032c48,88,JHG30_829b30ee8133,weak_train,-1,included_in_development_residue_labels
SOPPCL__1wf6,soppe_legacy,1wf6,1wf6,A,ecc60523708cbb236a8c406eba1e54fce89f9312d0d227e4387a1d08aa39745c,132,JHG30_8b2d8f46413b,weak_train,-1,included_in_development_residue_labels
SOPPCL__1wfe,soppe_legacy,1wfe,1wfe,A,62a1e954fa939e5f313f4dcd859fad5e6c6b28698ad54c409e3e2b0b484fa091,86,JHG30_ead4a5a585a1,weak_train,-1,included_in_development_residue_labels
SOPPCL__1wfg,soppe_legacy,1wfg,1wfg,A,f76e251e5f0b114d3c597d0c746705c77bed72d562406b154d7ac52580dbb4f7,131,JHG30_2059c892a8a1,weak_train,-1,included_in_development_residue_labels
SOPPCL__1wfi,soppe_legacy,1wfi,1wfi,A,b3c16f1b5c6fdd9fe9ad75d4818e89189c893bab928f126ee543da03c98ba082,131,JHG30_11f4de369e4e,weak_train,-1,included_in_development_residue_labels
SOPPCL__1wfm,soppe_legacy,1wfm,1wfm,A,0bec140ecb3225cc2032da45aaf918c05cc1a47a282b35bf4f3a5311afecbd5a,138,JHG30_5e2747f1489e,weak_train,-1,included_in_development_residue_labels
SOPPCL__1wfr,soppe_legacy,1wfr,1wfr,A,969ea0034abca649052669f374e6206367888f2b4bbf4c82658ca186a89c45a7,143,JHG30_5b86d4a2d880,weak_train,-1,included_in_development_residue_labels
SOPPCL__1wfu,soppe_legacy,1wfu,1wfu,A,a602525dbd4f2a4a8e583fcecf6b67b79f66b7999d95e7812c2e7033bfa433df,120,JHG30_55198b9d1b28,weak_train,-1,included_in_development_residue_labels
SOPPCL__1wfw,soppe_legacy,1wfw,1wfw,A,d7282278e2b5b6d67c994638828073de254e5254aa92261b6f3106c9c321f6dc,74,JHG30_efb49ebc6da2,weak_train,-1,included_in_development_residue_labels
SOPPCL__1wfy,soppe_legacy,1wfy,1wfy,A,3d9eb4c1a03c122639e52cd7657b68c2ae8cee78afb7fa3bb5c69f03feddbeaa,104,JHG30_aba1810a5a30,weak_validation,-1,included_in_development_residue_labels
SOPPCL__1wg1,soppe_legacy,1wg1,1wg1,A,392b982555527950b0e0096a22e91d1ebc62f627a4803bb8abdcc258dd9f6e9d,88,JHG30_829b30ee8133,weak_train,-1,included_in_development_residue_labels
SOPPCL__1wg7,soppe_legacy,1wg7,1wg7,A,9ba027db14456f6c9e586bc6cb0fc4402a092b3885b09a60490d299c439a2c50,150,JHG30_3b4d7287be6d,weak_train,-1,included_in_development_residue_labels
SOPPCL__1wge,soppe_legacy,1wge,1wge,A,a85aa1ce93709b5b8f81ae52e3bc262e6799f32e1160de5d775397ca131adc4e,83,JHG30_76c3ff49fadb,weak_validation,-1,included_in_development_residue_labels
SOPPCL__1wgg,soppe_legacy,1wgg,1wgg,A,f39e022f5d6747e8ef44e88553353255a516b7baa2949ccf3448bc42c71bf38d,96,JHG30_bf545f42956a,quarantine_metadata_only,-1,excluded_quarantine_metadata_only
SOPPCL__1wgk,soppe_legacy,1wgk,1wgk,A,92fb164a459f7507f6927da90e5e3801c9b1549602cadfc63fccd8be914bcb1e,114,JHG30_f2dd8a83fac3,weak_train,-1,included_in_development_residue_labels
SOPPCL__1wgl,soppe_legacy,1wgl,1wgl,A,2e4b8f096ed1b3eedae64f17aca944bc2562943ee189892c1ae7374a105e04fd,59,JHG30_ead4a5a585a1,weak_train,-1,included_in_development_residue_labels
SOPPCL__1wgn,soppe_legacy,1wgn,1wgn,A,bfb55849ca5d97e45b1d850ae32888939d372519444cdb2a6ec0a5bd73946f0f,63,JHG30_fe943b618da7,weak_train,-1,included_in_development_residue_labels
SOPPCL__1wgo,soppe_legacy,1wgo,1wgo,A,da1f4af6daffbe9207ed327f674ab5d12acb4f38a821060c1b3a3da7f194fb42,123,JHG30_b35a84f3b28d,weak_train,-1,included_in_development_residue_labels
SOPPCL__1wgp,soppe_legacy,1wgp,1wgp,A,b6f9aa6d6d26e1481b8087c63964c9fee71a506cddac01dfe7b4c8781cadb263,137,JHG30_801acbb99f49,weak_train,-1,included_in_development_residue_labels
SOPPCL__1wgr,soppe_legacy,1wgr,1wgr,A,d89690e2cb8627cc9b875b101bd1d2ac0dbb422717289e1812f9df8d14bdb544,100,JHG30_e63507b8fc14,weak_train,-1,included_in_development_residue_labels
SOPPCL__1wgs,soppe_legacy,1wgs,1wgs,A,7b536bcb9dc40eebaa83bf71265f4d059480c69ab2695be9ff3600cfc784b8a0,133,JHG30_9eafe87f8c28,weak_train,-1,included_in_development_residue_labels
SOPPCL__1wgv,soppe_legacy,1wgv,1wgv,A,2fe909ce58585ee6e0337102a9801fee27cea55946d5864bdc05279f02c53a92,124,JHG30_11f4de369e4e,weak_train,-1,included_in_development_residue_labels
SOPPCL__1wgx,soppe_legacy,1wgx,1wgx,A,16214fc92ff3b1fe53b30bdf92228a1398a25ccf2f145408a19ea9fce8d4886e,73,JHG30_a627c2f551f9,weak_train,-1,included_in_development_residue_labels
SOPPCL__1wh0,soppe_legacy,1wh0,1wh0,A,d9c47a6060d9d7ef81724927d109a0a91c2f5a6df0fdf905759a7169a8380ea0,134,JHG30_db411298c281,weak_train,-1,included_in_development_residue_labels
SOPPCL__1wh2,soppe_legacy,1wh2,1wh2,A,f6bee5130a8d5e3b1922cd4156c41ce48f666661907ab50929b2017707d15886,78,JHG30_98da5e5f042c,weak_train,-1,included_in_development_residue_labels
SOPPCL__1wh3,soppe_legacy,1wh3,1wh3,A,19b8420485bd02ded5bc2343816a2f8a5aea08e18cd78117e100a614b381904c,87,JHG30_bf545f42956a,quarantine_metadata_only,-1,excluded_quarantine_metadata_only
SOPPCL__1wh4,soppe_legacy,1wh4,1wh4,A,84cdeb467ecd12e1ff01faf981cbeaacfeb7a244e9fd84935f0bae1ac77b1247,127,JHG30_43db3d45aba7,weak_validation,-1,included_in_development_residue_labels
SOPPCL__1wh9,soppe_legacy,1wh9,1wh9,A,65aa00d15386efafca2ee89d945deb49910a627fb2f85a127f7794822205d6ab,92,JHG30_38e503adaa1e,weak_train,-1,included_in_development_residue_labels
SOPPCL__1whb,soppe_legacy,1whb,1whb,A,d70d7a0fff416e8d29e38ce3845b3cf897c70047b751f02a3cc1fe6f43ad9771,157,JHG30_059137e2a289,weak_train,-1,included_in_development_residue_labels
SOPPCL__1whd,soppe_legacy,1whd,1whd,A,ba97748596696561a5c2a997f0671f7421c9b726fb9a77d5daaee5f8357be138,100,JHG30_b9a80fdcd555,weak_train,-1,included_in_development_residue_labels
SOPPCL__1whm,soppe_legacy,1whm,1whm,A,cf350e0cd46dfbf038d4c41b81136983aa074c20e990f4e1f70b02f4780760d3,92,JHG30_b0de13b7c287,weak_train,-1,included_in_development_residue_labels
SOPPCL__1whn,soppe_legacy,1whn,1whn,A,5057eac9230480ddbfcefec747a4312d9a5de13f857689a0f52731c5f60a9b0b,128,JHG30_9592f5411f4a,weak_validation,-1,included_in_development_residue_labels
SOPPCL__1whr,soppe_legacy,1whr,1whr,A,9c070354cfe6fba3367d9a41702ae147d22a5317ca86ebb77b957f92761e53b7,124,JHG30_e79865c5f6a3,weak_train,-1,included_in_development_residue_labels
SOPPCL__1whu,soppe_legacy,1whu,1whu,A,acfb0b2ecffbb13eab8ef82928576b06e7eb273d3aa6aba0b339593fb53a07fd,104,JHG30_56f2c65bccd4,weak_train,-1,included_in_development_residue_labels
SOPPCL__1whv,soppe_legacy,1whv,1whv,A,ba144808eadcc3769635a962dcea9cb0e367c4057205fb6a9f6115508b9efa2f,100,JHG30_e4cf88302491,weak_train,-1,included_in_development_residue_labels
SOPPCL__1whx,soppe_legacy,1whx,1whx,A,71e70420c31e86bacef08143c3da4733add88eb8e2ad9092bd10838d99758d8b,111,JHG30_d4a539ec4a10,weak_train,-1,included_in_development_residue_labels
SOPPCL__1wi0,soppe_legacy,1wi0,1wi0,A,159ed20f85706de9154671390a9050ef406b717e586356c247c57cbb16cd1d6b,113,JHG30_c4db5ad9d44d,weak_train,-1,included_in_development_residue_labels
SOPPCL__1wi5,soppe_legacy,1wi5,1wi5,A,8a34fb44516771fe430dc25c5874996055e686f7b10869afc4bd444ab3708e78,119,JHG30_b1b79d54f7cc,weak_train,-1,included_in_development_residue_labels
SOPPCL__1wi8,soppe_legacy,1wi8,1wi8,A,7803a0ad28db52af9e8811950a31b84ab9173a9bc378c060d365a71517548e19,104,JHG30_829b30ee8133,weak_train,-1,included_in_development_residue_labels
SOPPCL__1wi9,soppe_legacy,1wi9,1wi9,A,a2dbc66a4b2069ae6f9c6305f1029dcbcb4e54144c244f11e70644893c71cb6c,72,JHG30_ead4a5a585a1,weak_train,-1,included_in_development_residue_labels
SOPPCL__1wic,soppe_legacy,1wic,1wic,A,d84d225def607e5dc865d49e937ad53c7101352f81f2add94f227fa463f4bbc8,152,JHG30_c4d9a1c3639f,weak_train,-1,included_in_development_residue_labels
SOPPCL__1wie,soppe_legacy,1wie,1wie,A,28e14f199e63ff8caea5325c1fe0a72f154446316d0afebef1b94e3e1414e727,96,JHG30_b5c9bdb86316,weak_train,-1,included_in_development_residue_labels
SOPPCL__1wii,soppe_legacy,1wii,1wii,A,8fe9d0a0cdb3c0b4c0a0a4299db1e9be04e1e7d62830d94e432d8d0bde543efa,85,JHG30_01eb02efa66b,weak_train,-1,included_in_development_residue_labels
SOPPCL__1wij,soppe_legacy,1wij,1wij,A,0f68a0392c77a1e0ab08f345a05c81c3e62122706542546db9228247a37a3632,127,JHG30_767fb84ff978,weak_validation,-1,included_in_development_residue_labels
SOPPCL__1wil,soppe_legacy,1wil,1wil,A,fb9bfd83f1510068759251b7a6aa76ef4b39b61cd379d9269e33509a4472dad0,89,JHG30_01eb02efa66b,weak_train,-1,included_in_development_residue_labels
SOPPCL__1wim,soppe_legacy,1wim,1wim,A,62ff9fe42727317a153793bc12596f705153251fde0ee4898108a161c0f50aa0,94,JHG30_01eb02efa66b,weak_train,-1,included_in_development_residue_labels
SOPPCL__1win,soppe_legacy,1win,1win,A,fac7a4b4d2de78192f2e7c2589aabf41e592640d7382c5b0b82bdcb133c0e551,143,JHG30_6c3127752ca2,weak_train,-1,included_in_development_residue_labels
SOPPCL__1wis,soppe_legacy,1wis,1wis,A,3031e1b5a9288a62341d2ce7772f42f5f0823c2c9d23d11f389e654998baab27,124,JHG30_55198b9d1b28,weak_train,-1,included_in_development_residue_labels
SOPPCL__1wix,soppe_legacy,1wix,1wix,A,db10e4763d49160af1a6466bf0b36d8f150c0f25ed8cdc472367b17b02a90791,164,JHG30_23b88fe8824f,weak_train,-1,included_in_development_residue_labels
SOPPCL__1wj4,soppe_legacy,1wj4,1wj4,A,de53b2dcf1cd169369afd2d908437d3e96980aef192e8e883abbd97db5b24103,124,JHG30_46e8ebc94fe1,weak_train,-1,included_in_development_residue_labels
SOPPCL__1wj5,soppe_legacy,1wj5,1wj5,A,8eacfa6686824221ec18af91052875ef432795de4197dd79b08004554c9547a6,120,JHG30_29afc47c7aca,weak_train,-1,included_in_development_residue_labels
SOPPCL__1wjj,soppe_legacy,1wjj,1wjj,A,d21534643c4b52aad3ac45f90fff0f8e0f0e09d23550e17606ca5894cd16be93,145,JHG30_962db765fe89,weak_train,-1,included_in_development_residue_labels
SOPPCL__1wjo,soppe_legacy,1wjo,1wjo,A,904dbb965635a2ee1a7dc0caec6436bf65cb2b99a670b34371caf0ed2e5552c5,124,JHG30_915e44119571,weak_train,-1,included_in_development_residue_labels
SOPPCL__1wjq,soppe_legacy,1wjq,1wjq,A,27941adb3d45622fa5c8e5d23ee2f9a629c499fe1ec03fcc59377a62f0059957,107,JHG30_f6036b2efde7,weak_train,-1,included_in_development_residue_labels
SOPPCL__1wjr,soppe_legacy,1wjr,1wjr,A,4649394bdad9310fad0456ec364753e0c690b909fa643ad6836e6fbf094e4b28,127,JHG30_5ddedcec803b,weak_train,-1,included_in_development_residue_labels
SOPPCL__1wju,soppe_legacy,1wju,1wju,A,a3917a6e133dabfe375c8ad7a17e5049f35175a643df0f9bd2b7fcf6b4d66d73,100,JHG30_3c1d42cf796d,weak_train,-1,included_in_development_residue_labels
SOPPCL__1wjv,soppe_legacy,1wjv,1wjv,A,c3fbcddfbd0e373ad7a219e7c485b4743d3f4b43d8383fcd57f79a1dfa7cfb1f,79,JHG30_b9786c3cc478,weak_train,-1,included_in_development_residue_labels
SOPPCL__1wjw,soppe_legacy,1wjw,1wjw,A,2b5f91e90680df51606c45a71b9fb133b1e972a334140694f2e4c2f8798c5b06,112,JHG30_8bd6638c699a,weak_train,-1,included_in_development_residue_labels
SOPPCL__1wk0,soppe_legacy,1wk0,1wk0,A,5b97135bb7ac60cb5b07daed159b705fa3ea8305b45231fa3ecc8606db46481e,137,JHG30_280b3fd86bca,weak_train,-1,included_in_development_residue_labels
SOPPCL__1wk1,soppe_legacy,1wk1,1wk1,A,92562eac78eea7186df84d41f01e1e0dc78b4cf7cf7ed080cb479676660526b4,150,JHG30_ebcb153bb8d7,weak_train,-1,included_in_development_residue_labels
SOPPCL__1wki,soppe_legacy,1wki,1wki,A,369e666da23bcefd0224c3be33b2831a3da2ef56071558aa91dfc5622f6c9dcf,141,JHG30_5708c1426526,weak_train,-1,included_in_development_residue_labels
SOPPCL__1wkt,soppe_legacy,1wkt,1wkt,A,c984c0ec4b84441dd4fc236f9f7a53c45336bb6ec3c451b5568d21acaa8620be,88,JHG30_084fe35eab72,weak_train,-1,included_in_development_residue_labels
SOPPCL__1wlo,soppe_legacy,1wlo,1wlo,A,f0d2785bf52ad12e4e322600ab71f54e67f416a464cfdb0bc99d04160baf0756,136,JHG30_893a9ede399f,weak_train,-1,included_in_development_residue_labels
SOPPCL__1wlx,soppe_legacy,1wlx,1wlx,A,d534ed5bd5b1cf4bd9e719692a79176903a2eafdce6154052c57ea77402bd5fb,129,JHG30_524208689389,weak_train,-1,included_in_development_residue_labels
SOPPCL__1wpi,soppe_legacy,1wpi,1wpi,A,987fc21e831e65d5aa9cae0a08227e1603ce3ca4066377e5de3f3ea472c2d6d5,133,JHG30_3d8219d70b4f,weak_train,-1,included_in_development_residue_labels
SOPPCL__1wqk,soppe_legacy,1wqk,1wqk,A,a265e996c345be848a284225b8d68d335c219ac99c008ef95a07e114d12b6895,42,JHG30_d11729ec1530,weak_train,-1,included_in_development_residue_labels
SOPPCL__1wt7,soppe_legacy,1wt7,1wt7,A,52dd8c2495e2c6b6ef83cfed07f7e73ea1e8435c7dfe2a8a2b40881c853e2595,41,JHG30_e6e301d72550,weak_train,-1,included_in_development_residue_labels
SOPPCL__1wwq,soppe_legacy,1wwq,1wwq,A,e4c53abdfa1bacf5c012fdd4f1bc4bf61f2a5ed081fa33aa924f2bb170831e99,111,JHG30_fa38fa131d0d,weak_validation,-1,included_in_development_residue_labels
SOPPCL__1wwu,soppe_legacy,1wwu,1wwu,A,3bbcd12950a9c25cc79915b73f5f9a6f5b701a8f1a149320853aca58e357cced,99,JHG30_38e503adaa1e,weak_train,-1,included_in_development_residue_labels
SOPPCL__1wwy,soppe_legacy,1wwy,1wwy,A,ccdc55ae87dabe6d0a480a0b86da06572041c5e25777de796b872d1f800f4f5f,171,JHG30_f3bdeb0bb80e,weak_train,-1,included_in_development_residue_labels
SOPPCL__1wxa,soppe_legacy,1wxa,1wxa,A,be9fdb113b71783085bbe6c00b20af449f1ce3405a02f501dc6438ce02a5f26b,116,JHG30_ae4d151281e2,weak_train,-1,included_in_development_residue_labels
SOPPCL__1wxm,soppe_legacy,1wxm,1wxm,A,9de7ea4b70eb6495689c3e329c367b9af1edd77c58689ee48b0fae174043a646,86,JHG30_829b30ee8133,weak_train,-1,included_in_development_residue_labels
SOPPCL__1wy8,soppe_legacy,1wy8,1wy8,A,48630331bcef217e558ac5673cf288595a5f43231ed8990cb9ba0fc77547b3a9,89,JHG30_bf545f42956a,quarantine_metadata_only,-1,excluded_quarantine_metadata_only
SOPPCL__1wyj,soppe_legacy,1wyj,1wyj,A,1e8e670a698df5e18de03d7a6f6443fbcf518ad02504a791101bc448deb7fee3,125,JHG30_fa7c82b6b050,weak_train,-1,included_in_development_residue_labels
SOPPCL__1wym,soppe_legacy,1wym,1wym,A,e786d16cbb2518b0f57cc0be90c55337c1348885c30c0415a7afdd5768c3d481,155,JHG30_baf0a3067845,weak_train,-1,included_in_development_residue_labels
SOPPCL__1wyo,soppe_legacy,1wyo,1wyo,A,8ca5617c0331e9d21a106d5ecf8b66278ecf6b16f94f0005c869504c765ef557,159,JHG30_9ec39bf76b03,weak_validation,-1,included_in_development_residue_labels
SOPPCL__1x0h,soppe_legacy,1x0h,1x0h,A,c0d789c9a8a274c689af84a52e4f978404d1bb1e3b2456a20e5a9a5f59ab4c9a,112,JHG30_aad608588ebc,weak_validation,-1,included_in_development_residue_labels
SOPPCL__1x1f,soppe_legacy,1x1f,1x1f,A,6213ea13ce27c4875cde1a0f9fc45036766d9e86e6478e7dc87c3a5fa988c5f6,149,JHG30_d41946db5748,weak_train,-1,included_in_development_residue_labels
SOPPCL__1x37,soppe_legacy,1x37,1x37,A,ec149f7610f46e7a1b9633c3b4aa2fd54674f1b5c9677a4fc18c11a48c608ee7,95,JHG30_72356ca35fd8,weak_train,-1,included_in_development_residue_labels
SOPPCL__1x3b,soppe_legacy,1x3b,1x3b,A,4582165a301d4b25dec1f25d1b3c04e813d6f27f770a2614222792a03bfac6f4,146,JHG30_8b183109e392,weak_train,-1,included_in_development_residue_labels
SOPPCL__1x43,soppe_legacy,1x43,1x43,A,d9b921c0db090ba7c07ab7932cf71eaf9126d53e39e7bcfd2edf3d5d086c996a,81,JHG30_56482cf171d8,weak_train,-1,included_in_development_residue_labels
SOPPCL__1x4a,soppe_legacy,1x4a,1x4a,A,7666173e58aabe76ea76856aee58df72c6cd144de94c8dad1236dcd4dc162196,109,JHG30_829b30ee8133,weak_train,-1,included_in_development_residue_labels
SOPPCL__1x4p,soppe_legacy,1x4p,1x4p,A,0c40d8910d7a0cd141324862a742e388ac6f78ee4420cea1d8941df435b39599,66,JHG30_c34057df2102,weak_train,-1,included_in_development_residue_labels
SOPPCL__1x4t,soppe_legacy,1x4t,1x4t,A,abf3fe2a2f156ebccd091487a46c81d134b3e96299f5d91a75fd166a244134ab,92,JHG30_efccc0f64440,weak_train,-1,included_in_development_residue_labels
SOPPCL__1x4x,soppe_legacy,1x4x,1x4x,A,4367b35b727b11778bbd09e53ee2c47c82c2f2131ca1cc66007e0bf38001947b,106,JHG30_55198b9d1b28,weak_train,-1,included_in_development_residue_labels
SOPPCL__1x4y,soppe_legacy,1x4y,1x4y,A,2af20d9f104f364cf4e51fa80d2ea04ef0fe8c273332a409c5c3981c2fbb0f1e,114,JHG30_55198b9d1b28,weak_train,-1,included_in_development_residue_labels
SOPPCL__1x50,soppe_legacy,1x50,1x50,A,4632ce559b63289ce47a907fd905ef7d337690140a6b10f4c62fd6314f7e54fc,164,JHG30_4e466e5a48d7,weak_train,-1,included_in_development_residue_labels
SOPPCL__1x51,soppe_legacy,1x51,1x51,A,1f558c3a99c643510282c7436e7bc3da3a555d7544b7261e9f53c0bd7f9c643a,155,JHG30_8c4a46d34fa6,weak_train,-1,included_in_development_residue_labels
SOPPCL__1x52,soppe_legacy,1x52,1x52,A,ffe07b2260cb680feff79e2629f9d243d91df5b606baceb3eb568a2572f32212,124,JHG30_dfab88eb366d,weak_validation,-1,included_in_development_residue_labels
SOPPCL__1x58,soppe_legacy,1x58,1x58,A,8eedc552434cbc107709de8a6be7231bfa42b897f71391ca6eea443d02ebedf2,62,JHG30_5d217546a986,weak_train,-1,included_in_development_residue_labels
SOPPCL__1x5b,soppe_legacy,1x5b,1x5b,A,b1ab852fc1b6363ac7e6152623e30c33723e757cee0b29e150fd645d9d639cc9,163,JHG30_9ae287539d42,weak_train,-1,included_in_development_residue_labels
SOPPCL__1x5e,soppe_legacy,1x5e,1x5e,A,d97fe8080ec8025ecbd995813114b95863b2f7644c97c23cbca4d49b2e25ec5c,126,JHG30_5943b9cc97b4,weak_train,-1,included_in_development_residue_labels
SOPPCL__1x5f,soppe_legacy,1x5f,1x5f,A,d0bfc51ce2b5e577bba5f36ce72d833e285e81e06d62b1731a8ba9698da7c8f6,120,JHG30_55198b9d1b28,weak_train,-1,included_in_development_residue_labels
SOPPCL__1x5l,soppe_legacy,1x5l,1x5l,A,ec7e4522f95c956e2eb2e0a3412a4d73336b92f0e68faa23efaeca33c4bb9c7e,111,JHG30_55198b9d1b28,weak_train,-1,included_in_development_residue_labels
SOPPCL__1x5m,soppe_legacy,1x5m,1x5m,A,0188e0011161e62b1e5f89689c5453ae6b9a83c802ca319c0f6f43c3f50703bd,127,JHG30_a3ed2063d3a0,weak_train,-1,included_in_development_residue_labels
SOPPCL__1x60,soppe_legacy,1x60,1x60,A,cd0d7f9d965fae072d099e9c619468e1165727bf86767e8473ce812a5431cf73,79,JHG30_eb1ef6c38818,weak_train,-1,included_in_development_residue_labels
SOPPCL__1x67,soppe_legacy,1x67,1x67,A,a1dde009d52e784608c5892608dcc8b3e091d5c3ec515f0ae7bfbe1312f61688,146,JHG30_2d2c62050db5,weak_train,-1,included_in_development_residue_labels
SOPPCL__1x6d,soppe_legacy,1x6d,1x6d,A,c035dfc2cb42e93fde77797ed1eec665bc3342a8fd668694e18b4267fae66da1,119,JHG30_848b8582a743,weak_train,-1,included_in_development_residue_labels
SOPPCL__1x6g,soppe_legacy,1x6g,1x6g,A,c4dba4b8fba999fbefad131b706933454176d8b8e57b0535db73b1ab717a8305,81,JHG30_6b6b4d89b092,weak_train,-1,included_in_development_residue_labels
SOPPCL__1x6h,soppe_legacy,1x6h,1x6h,A,c897bd4ed6bae3a3349c7b88290a93d24be65136cf03cbb0b254a19f6ce20dd8,86,JHG30_b9786c3cc478,weak_train,-1,included_in_development_residue_labels
SOPPCL__1x9a,soppe_legacy,1x9a,1x9a,A,6d0590119fcdc25beedb9636c7505d45fceeaffdbf18df22db24924177f78a5a,87,JHG30_37a33816633a,weak_train,-1,included_in_development_residue_labels
SOPPCL__1x9l,soppe_legacy,1x9l,1x9l,A,25f595b3ce5dd968f94095005061da2d7f71be4debab43d06d14538ed825d89b,149,JHG30_b9ff49e9632e,weak_train,-1,included_in_development_residue_labels
SOPPCL__1xc5,soppe_legacy,1xc5,1xc5,A,aac567292f55917937095102ade05fa8716653f41f5ee6be168ce3e0362e8753,68,JHG30_768391027409,weak_train,-1,included_in_development_residue_labels
SOPPCL__1xee,soppe_legacy,1xee,1xee,A,cdfd4f12cfeabf0cfaa49d65246f17281eb76b1b5b20e4ae18b9f3eec51aee75,91,JHG30_f48689ef51a2,weak_train,-1,included_in_development_residue_labels
SOPPCL__1xhs,soppe_legacy,1xhs,1xhs,A,1f5bc5b6b2b3bf7375fe344a400831e4dde4e00c975a53242ebaab2665cdd8b9,113,JHG30_134c6131b746,quarantine_metadata_only,-1,excluded_quarantine_metadata_only
SOPPCL__1xjs,soppe_legacy,1xjs,1xjs,A,b1d75592f94d4f3b03dc784fb5269deed2232d2d1ee6d27a4c2e8cb8a8991a17,147,JHG30_4d8cc0da1779,weak_train,-1,included_in_development_residue_labels
SOPPCL__1xke,soppe_legacy,1xke,1xke,A,179b3e58c3c159bafe48d554a52a2924f37534308204c0fcef841c3f409a45c2,130,JHG30_5120c8b874d5,weak_train,-1,included_in_development_residue_labels
SOPPCL__1xne,soppe_legacy,1xne,1xne,A,20a1a06d063e8d43d1615347872f954ac1a6f5b2a12c7517a589e68e5c2231ce,113,JHG30_b85946861f86,weak_train,-1,included_in_development_residue_labels
SOPPCL__1xpn,soppe_legacy,1xpn,1xpn,A,6dacdc349255b42c3f09ca2be51a587d7d8f8b12bdddb6d9cf27083c16b8f860,170,JHG30_6d9694279227,weak_train,-1,included_in_development_residue_labels
SOPPCL__1xpw,soppe_legacy,1xpw,1xpw,A,729d8468d42df225935d5f0888fe79be38cc7c81640ce8b6bbcdb7d3664b8907,143,JHG30_790b5deb71b6,weak_train,-1,included_in_development_residue_labels
SOPPCL__1xrd,soppe_legacy,1xrd,1xrd,A,94c8819cec33edcc2ec540709ad01bc3186b2e474cc9b438969ff9ef7803fa87,52,JHG30_52a5330464e6,weak_train,-1,included_in_development_residue_labels
SOPPCL__1xs8,soppe_legacy,1xs8,1xs8,A,12e562bd6298742b5e841102a981ff85a2774a4c64f26704b0cf38a75233ef68,91,JHG30_8c6b784b9a5c,weak_train,-1,included_in_development_residue_labels
SOPPCL__1xsf,soppe_legacy,1xsf,1xsf,A,980f03c4167a133dd3060429fa6fb2ecfe9b9dcc134e662bf8a464666b6c81f8,108,JHG30_fb53baf80026,weak_train,-1,included_in_development_residue_labels
SOPPCL__1xsx,soppe_legacy,1xsx,1xsx,A,933eb1bf06012f9a41ecb8af76c6be2effffdc8ef4379f3437519da8075a1e11,95,JHG30_fccacbe5ab50,weak_validation,-1,included_in_development_residue_labels
SOPPCL__1xu6,soppe_legacy,1xu6,1xu6,A,80937cbc4cbc93558247a88bcfe27f4657776682b732dbd0d34bd867715125cd,80,JHG30_7679155adf1d,weak_train,-1,included_in_development_residue_labels
SOPPCL__1xut,soppe_legacy,1xut,1xut,A,32dacdf2d1930acb295b41b5678269ea98f4f5821d5edaf580cf89bc8bbb065e,46,JHG30_aca7d822bf64,weak_train,-1,included_in_development_residue_labels
SOPPCL__1xwe,soppe_legacy,1xwe,1xwe,A,9b67c1008e76cb459b1a5f16a49bfb5c15ab6b26ac611d1df1600d0bba7c586e,151,JHG30_bc0086cc4890,weak_train,-1,included_in_development_residue_labels
SOPPCL__1xx3,soppe_legacy,1xx3,1xx3,A,cf4d7bb9c9f6559d798b44d0e4a00c70e3f4555707ef4793c422b3c08933bee3,89,JHG30_eced0176da09,weak_train,-1,included_in_development_residue_labels
SOPPCL__1xxe,soppe_legacy,1xxe,1xxe,A,59ab7c05cf447729dddf0b1153b57d86bfa0ce48774770008f041ce1c103b0b3,268,JHG30_0624eafd0395,weak_train,-1,included_in_development_residue_labels
SOPPCL__1y6d,soppe_legacy,1y6d,1y6d,A,bc48aafeb932a580fef88d44265253974202f1edc25d2a73fec3724b67f60022,114,JHG30_9f0e670e18fd,weak_train,-1,included_in_development_residue_labels
SOPPCL__1y6u,soppe_legacy,1y6u,1y6u,A,a51fa419cfa24826613fc7d45f4492ae185fd5e6ef17d4f9012138963a2e62af,59,JHG30_9c935efb4a8c,weak_train,-1,included_in_development_residue_labels
SOPPCL__1y74,soppe_legacy,1y74,1y74,A,a98c53c9127a313db7f1e7ace20c936a1427a437ea10da4e8b8a55304e2179fb,57,JHG30_296ac1246380,weak_train,-1,included_in_development_residue_labels
SOPPCL__1y76,soppe_legacy,1y76,1y76,A,9f49336c8d62abff0e1119a0431bf017afec1b70c7c8085f64c697018e4d2e38,62,JHG30_bf5698ddfed9,weak_train,-1,included_in_development_residue_labels
SOPPCL__1y7j,soppe_legacy,1y7j,1y7j,A,0728653d1f94da2ee8ad20289c3b23cc7b39a7fa12f9a5eddfa93ea7135790eb,40,JHG30_51be356830da,weak_train,-1,included_in_development_residue_labels
SOPPCL__1y7q,soppe_legacy,1y7q,1y7q,A,638707aee44ab77dcfddf3cded2e1993f566d86e1ab98473ab8538fa09ed699d,98,JHG30_6993703136c1,weak_train,-1,included_in_development_residue_labels
SOPPCL__1y7x,soppe_legacy,1y7x,1y7x,A,ab1ed791d95465ffb363236c18c0c420dd6be594582bbb3836ccf1154e979389,113,JHG30_9e8aaebec9c2,weak_train,-1,included_in_development_residue_labels
SOPPCL__1y8m,soppe_legacy,1y8m,1y8m,A,e341e1f7607ddf790c2776073298dcebfece236e2b7e9215a79f6e0f959f3e33,144,JHG30_5f30be74d256,weak_train,-1,included_in_development_residue_labels
SOPPCL__1y9j,soppe_legacy,1y9j,1y9j,A,03de6e68e81a12214b8bfb46d7d76ecf03280534a25d904f3f80dcc8009b950b,140,JHG30_384b1ceaccaa,weak_train,-1,included_in_development_residue_labels
SOPPCL__1y9x,soppe_legacy,1y9x,1y9x,A,19e545a9190eef9ce675144170c9676af247a856d9061da6d44dceeb1e11a622,97,JHG30_a505b7095488,weak_train,-1,included_in_development_residue_labels
SOPPCL__1ybj,soppe_legacy,1ybj,1ybj,A,bf990d7f646619b6a2ae1f33649176b7b6096255c5d3203d1dd4c4742db7c8c9,178,JHG30_d50c683a5f4b,weak_train,-1,included_in_development_residue_labels
SOPPCL__1ydu,soppe_legacy,1ydu,1ydu,A,549cd0e47eb9c04ca3b84a05b2c2f25bf30631c0ad3f1605536746741bdefa06,170,JHG30_a0685ad96c86,weak_train,-1,included_in_development_residue_labels
SOPPCL__1yel,soppe_legacy,1yel,1yel,A,648586998ec3203f9f59897339ab05e1994696e68f42b6a6e9c381a93813ea1a,102,JHG30_a2b9a6896a11,weak_train,-1,included_in_development_residue_labels
SOPPCL__1ygm,soppe_legacy,1ygm,1ygm,A,6994e168f3f5710e1ee915c85b7f663ea02b0755414f37eb094d26e1b8f29824,112,JHG30_83fadefd7bd1,weak_train,-1,included_in_development_residue_labels
SOPPCL__1ygo,soppe_legacy,1ygo,1ygo,A,ef0dcac53a9969f686b271b55461903547e4ac2f6137abf51901a62fd1e46646,110,JHG30_2b644cb0285c,weak_train,-1,included_in_development_residue_labels
SOPPCL__1yho,soppe_legacy,1yho,1yho,A,602d22b0dcd4c84b2e5a137c4f20bd6c713b8fa1ce9718d0d7da89f7ccfa90ed,186,JHG30_765f5cc274d5,weak_train,-1,included_in_development_residue_labels
SOPPCL__1yhp,soppe_legacy,1yhp,1yhp,A,bec22b6802c1bb45ec8d66a8005f26de2bd79760f644d7eebc205a4129ce4574,212,JHG30_fc4933b5a70c,weak_train,-1,included_in_development_residue_labels
SOPPCL__1yka,soppe_legacy,1yka,1yka,A,115d5af92a7abe697639b9c20f8ada664ff428464c15c59e6cdca03b11a5f4d1,115,JHG30_219b44e66936,weak_train,-1,included_in_development_residue_labels
SOPPCL__1ykg,soppe_legacy,1ykg,1ykg,A,ac465cc16643183763ce3b852bd1bc46b006f4582b3c7f753f863da0cfccba44,146,JHG30_6ba873371b83,weak_train,-1,included_in_development_residue_labels
SOPPCL__1ynx,soppe_legacy,1ynx,1ynx,A,562d178b91d0dc7c1254f9ad76df594ce82d550595b0498ec000f0abcaf71c9b,114,JHG30_8fba6c7ed9fb,weak_train,-1,included_in_development_residue_labels
SOPPCL__1yo4,soppe_legacy,1yo4,1yo4,A,24c89c4d652d875854cff8627b67388510b89bf0773df5667c5c7ae51bdffa31,87,JHG30_cf8ef3a6f829,weak_validation,-1,included_in_development_residue_labels
SOPPCL__1yr1,soppe_legacy,1yr1,1yr1,A,4914a646a954056f6e1fa09affdabaa660abb1e7c41d1da3e2f80589f283d75a,119,JHG30_4a1bd06b88c0,weak_validation,-1,included_in_development_residue_labels
SOPPCL__1ysm,soppe_legacy,1ysm,1ysm,A,3e5b79d860aeda5fb5f9666d73ffb1621c6ed5ef511c49a951c22e8ee133df79,55,JHG30_d53d804c3c57,weak_train,-1,included_in_development_residue_labels
SOPPCL__1ysy,soppe_legacy,1ysy,1ysy,A,210aa7c757ff0b80df9bee60766cfbae408babe221550fdff4a9cb3fdfd2ce90,85,JHG30_620a97ca2651,weak_train,-1,included_in_development_residue_labels
SOPPCL__1yua,soppe_legacy,1yua,1yua,A,e629fbdaaf30a817bcbb6dd14189b4871dd4caf15d689841a15a0b0c40c4e47f,122,JHG30_98d74d17e16a,weak_train,-1,included_in_development_residue_labels
SOPPCL__1yvc,soppe_legacy,1yvc,1yvc,A,cc9d75d25e44f52bf4d21789dd6dc7275facf9fbcd13bb19cab6123c37249d84,70,JHG30_e45444c797f5,weak_train,-1,included_in_development_residue_labels
SOPPCL__1ywu,soppe_legacy,1ywu,1ywu,A,3cb3b1160b8c85f519a1541cdca964e665cbdb51476dbf204ecb8da2c463b1ed,125,JHG30_e027dae80a24,weak_train,-1,included_in_development_residue_labels
SOPPCL__1yww,soppe_legacy,1yww,1yww,A,802df9860540a914bffa5940b6253a24e673155e1ccd8c87381bf392ee6e6d77,65,JHG30_862d7da3c76d,weak_train,-1,included_in_development_residue_labels
SOPPCL__1ywx,soppe_legacy,1ywx,1ywx,A,41f3a5be6a119a228f4de99e98933abc3fab8e11bc868e812f5b573b998fa9a7,102,JHG30_a1fa2c6029f5,weak_train,-1,included_in_development_residue_labels
SOPPCL__1ywy,soppe_legacy,1ywy,1ywy,A,c203dd8bdc4a6dabe398483bb4c3f2f3f11cff0842e948cd846ef0789d753522,74,JHG30_b1f18644ee94,weak_train,-1,included_in_development_residue_labels
SOPPCL__1yx0,soppe_legacy,1yx0,1yx0,A,8ac7a4c39e9e3eeec928397f16ccbad6045f6aebe6e88f94e219b9185a8bbeb3,151,JHG30_7083b58c9079,weak_validation,-1,included_in_development_residue_labels
SOPPCL__1yx3,soppe_legacy,1yx3,1yx3,A,5c7e0e2d486afb35a2fb423fd69ef7c361b9fe275fc70c4f84b363598ab2e5a9,112,JHG30_eebcc6763473,weak_train,-1,included_in_development_residue_labels
SOPPCL__1yx4,soppe_legacy,1yx4,1yx4,A,881c1c65b0a72a90c959c400326c3956a90f3ea04f8ebd718a11d1947a308590,112,JHG30_e35922ad5fba,weak_train,-1,included_in_development_residue_labels
SOPPCL__1yxe,soppe_legacy,1yxe,1yxe,A,a304b82f5d5c38b054664e6ca3a3049b301b80141bf287fba8e4b8ef6b5e74be,140,JHG30_759c36c41a36,weak_train,-1,included_in_development_residue_labels
SOPPCL__1yyc,soppe_legacy,1yyc,1yyc,A,de00840007d85b6106a3542331f6db1b02aae28c3c4180b395338dea93e28cee,174,JHG30_566926486fdc,weak_train,-1,included_in_development_residue_labels
SOPPCL__1yzs,soppe_legacy,1yzs,1yzs,A,d8cffe525a54adbacb8a7d87000e30fac700ae07a1cdd053d8ac035b89cd1e40,121,JHG30_c7576098fae3,weak_train,-1,included_in_development_residue_labels
SOPPCL__1z00,soppe_legacy,1z00,1z00,A,9bad637bb992780647175c037bfc2b2250692543b664b99e25273a85113df340,84,JHG30_134f81e9d3d5,weak_train,-1,included_in_development_residue_labels
SOPPCL__1z1d,soppe_legacy,1z1d,1z1d,A,e0eddc716f01548ecf9f36be262475fcf734a7086f6d1362f40ebc46464fb482,69,JHG30_9fa638372aa2,weak_train,-1,included_in_development_residue_labels
SOPPCL__1z2f,soppe_legacy,1z2f,1z2f,A,a37abb7b6d49026100ff555bd2c387607122100d1cf354f84c4b143a99c99f3f,121,JHG30_52fde0b23547,weak_train,-1,included_in_development_residue_labels
SOPPCL__1z2k,soppe_legacy,1z2k,1z2k,A,b776c5c1653ce6a2082e2ba70e971eec8eb18cf80a2b04829eb9faf2b787cf46,108,JHG30_61ff252e3bab,weak_train,-1,included_in_development_residue_labels
SOPPCL__1z4h,soppe_legacy,1z4h,1z4h,A,a4fac558422661812d51f93fa0802b663ac0d7f2a7c9171b455b74d45ccfb3a9,66,JHG30_0777bfc81939,weak_train,-1,included_in_development_residue_labels
SOPPCL__1z6c,soppe_legacy,1z6c,1z6c,A,71c59c85a832d4e371b27c3dcb4a90a282a7a84e5c3b8f4007f9a0ac9e56ded8,87,JHG30_f35af9e31a0b,weak_train,-1,included_in_development_residue_labels
SOPPCL__1z6v,soppe_legacy,1z6v,1z6v,A,8b444f1de5a87cbdbaae42fe1f50e1018a567b2ff181a5adee443483a5e75ac3,49,JHG30_91ddcda1ec28,weak_train,-1,included_in_development_residue_labels
SOPPCL__1z87,soppe_legacy,1z87,1z87,A,fbafdf9acc9ac04253ce96eb96427c5d5183d59c6be4540e3c345b8ab9ce4d3e,263,JHG30_027ec1a838b6,weak_train,-1,included_in_development_residue_labels
SOPPCL__1z8s,soppe_legacy,1z8s,1z8s,A,3adf86439c6f46eff4b38f444108216177e4745c282993598c4c412f590c25a2,146,JHG30_eed4835c0639,weak_validation,-1,included_in_development_residue_labels
SOPPCL__1z9v,soppe_legacy,1z9v,1z9v,A,88dbac276c60ec6b1c9c27b5e0949329410db714ec1f549f76c5a19c6cfd82c8,102,JHG30_235d18a2a367,weak_train,-1,included_in_development_residue_labels
SOPPCL__1zae,soppe_legacy,1zae,1zae,A,5a82539bcd8e1da89e02597106bfe89b01915d21c7ffe86b5fdd1113465aa1b7,70,JHG30_b7cf67ca9efc,weak_train,-1,included_in_development_residue_labels
SOPPCL__1zc1,soppe_legacy,1zc1,1zc1,A,44e199d3fcaa4f1113179b2b605d0c3507f1ca79247b32d72ab6e5ccfd875501,208,JHG30_c87a409a2dd0,weak_train,-1,included_in_development_residue_labels
SOPPCL__1zdv,soppe_legacy,1zdv,1zdv,A,ec1d071c3b7dd9c0ff61d69402ecf68752c55b38380078190442927096039c2b,115,JHG30_7ec1296385f2,weak_train,-1,included_in_development_residue_labels
SOPPCL__1zg2,soppe_legacy,1zg2,1zg2,A,5fc179fd6118459a174edbc0aff2646724d46ca3f46a25231e98d707c7a8b91f,94,JHG30_f8a9793c0efc,weak_train,-1,included_in_development_residue_labels
SOPPCL__1zgg,soppe_legacy,1zgg,1zgg,A,9dac1baeadd12192392fcca03a19453f627896d892a9a2139024a69e9e7d2f7b,150,JHG30_b5c4795f1eed,weak_train,-1,included_in_development_residue_labels
SOPPCL__1zhc,soppe_legacy,1zhc,1zhc,A,f85d821e3b0486104677c2aa93b5aa7d6e995fb60b6de5ae61342c9ae8ea2bea,76,JHG30_eb96a9b364ef,weak_train,-1,included_in_development_residue_labels
SOPPCL__1zl8,soppe_legacy,1zl8,1zl8,A,e3cae6cf29d369b091b6de5167a2e1afa6aa046715aef66f19a5618cf79b33d4,53,JHG30_296ac1246380,weak_train,-1,included_in_development_residue_labels
SOPPCL__1zo0,soppe_legacy,1zo0,1zo0,A,3e5bf1304fad821669e14b452df5ce2c14e6ddd0868ea9a046848b8814551f4e,126,JHG30_95a55ea2ff00,weak_train,-1,included_in_development_residue_labels
SOPPCL__1zrr,soppe_legacy,1zrr,1zrr,A,403670e656a54378d2c3f0c2bbbebbc579213758e82860d792d50aff284e349f,179,JHG30_2aa578678a74,weak_train,-1,included_in_development_residue_labels
SOPPCL__1zts,soppe_legacy,1zts,1zts,A,7ab896059b4577bbcfc7cf9db00493b1bc9cea4bee282239195085658fe77f13,139,JHG30_85b6670a873c,weak_train,-1,included_in_development_residue_labels
SOPPCL__1zu1,soppe_legacy,1zu1,1zu1,A,6eb8b044e34d30e54f4c87ddfcceed171c5acce0e38d596368ac82269733b121,127,JHG30_81b232476131,weak_train,-1,included_in_development_residue_labels
SOPPCL__1zu2,soppe_legacy,1zu2,1zu2,A,39474f88526efc6454b3817ee628aa524ba488210c3fe584fabbc75a6eab5e17,158,JHG30_8ac8d761c3df,weak_train,-1,included_in_development_residue_labels
SOPPCL__1zwt,soppe_legacy,1zwt,1zwt,A,c23095d8289d307e826443b166d8eabb2eba6bf64ac1ddbd946fa8123b323a15,158,JHG30_ac3989d25a3d,weak_train,-1,included_in_development_residue_labels
SOPPCL__1zyi,soppe_legacy,1zyi,1zyi,A,914bd784df9d120f995015d3c89084a8c3244523e69ea7c2da6cabb1da9e26cd,116,JHG30_d2dde53928ce,weak_train,-1,included_in_development_residue_labels
SOPPCL__1zza,soppe_legacy,1zza,1zza,A,154306aa163df719f2b664af44542f3cfd0dde71184f7b37b37433aa851fc47e,90,JHG30_2319ec0d1eab,weak_train,-1,included_in_development_residue_labels
SOPPCL__2a02,soppe_legacy,2a02,2a02,A,c053b5ee32704c10e3f53960f1828edd71cda14ad9d02310cf623c4e138e71d4,82,JHG30_c1568a848f7e,weak_train,-1,included_in_development_residue_labels
SOPPCL__2a05,soppe_legacy,2a05,2a05,A,8d46ba52c2e05dc5e9d91ebcb300d0ea23bd8a13f55e33c63da285784ee8dfe2,57,JHG30_df84b09163b4,weak_train,-1,included_in_development_residue_labels
SOPPCL__2a2p,soppe_legacy,2a2p,2a2p,A,c907756ad7d3a4a529045fd28815240c4aee5a03465cf70623e6e297b7407722,129,JHG30_5637a9cd7495,weak_validation,-1,included_in_development_residue_labels
SOPPCL__2a4h,soppe_legacy,2a4h,2a4h,A,041006941d0ac6b82ec0bd33ae70d7e80ff156554bc1f9ad84a65da374a55504,126,JHG30_adcee7ec3512,weak_train,-1,included_in_development_residue_labels
SOPPCL__2a7o,soppe_legacy,2a7o,2a7o,A,b1fe61a3aea8f9ce99da9869a3e1a5e52069e8c49c3e383bfa32e4f1ef4112f4,100,JHG30_7e1e7315ae57,weak_train,-1,included_in_development_residue_labels
SOPPCL__2a7y,soppe_legacy,2a7y,2a7y,A,1e77f0e3860669daefd7a21cd48073a77d66df02a5baf159f34c95791847bb06,80,JHG30_caecb7314636,weak_train,-1,included_in_development_residue_labels
SOPPCL__2aby,soppe_legacy,2aby,2aby,A,d3f50bb13b547d157223be587dbe6194fcc7d631cfced907d0e77adc427c4c59,122,JHG30_fffbf2256bff,weak_train,-1,included_in_development_residue_labels
SOPPCL__2acm,soppe_legacy,2acm,2acm,A,34ff86c181a94936bb3ded267414163babfcaf71f61e1ad67cb49867541ed02a,57,JHG30_ac65851f36dc,weak_train,-1,included_in_development_residue_labels
SOPPCL__2aff,soppe_legacy,2aff,2aff,A,22df2c3b3954c9c94f61b59edf92e8ad3616078c124bd67605fb91d5082203d5,98,JHG30_7997254eb587,weak_train,-1,included_in_development_residue_labels
SOPPCL__2afj,soppe_legacy,2afj,2afj,A,4107664d5f84365e76b167d3a7988af172b21ab088cf9a5b80e97271be5a7fb4,226,JHG30_4c8e20f0e4c7,weak_validation,-1,included_in_development_residue_labels
SOPPCL__2aga,soppe_legacy,2aga,2aga,A,940e879f3c6ef43a321698afeb2178346eff9fce033e9e5384035cd4e98de287,190,JHG30_9f76905a75ff,weak_train,-1,included_in_development_residue_labels
SOPPCL__2ai6,soppe_legacy,2ai6,2ai6,A,2f6e0c09aa9ba2acd460ba3c85e664af0cb0056c503f7ace7d6217f7cb421ce4,125,JHG30_a4bee28aef66,weak_train,-1,included_in_development_residue_labels
SOPPCL__2aiv,soppe_legacy,2aiv,2aiv,A,b8505807d9a55df351037532bb7ca3e541b008d317f6ec2f55ff585be0e04f4a,149,JHG30_3ada651eda0d,weak_train,-1,included_in_development_residue_labels
SOPPCL__2aj0,soppe_legacy,2aj0,2aj0,A,f1cb34a4bf21c7bc73533c7790293f1f675da9527714ec45244eba9b6bf3ee3e,71,JHG30_3ed8ec330382,weak_train,-1,included_in_development_residue_labels
SOPPCL__2akk,soppe_legacy,2akk,2akk,A,be0d04b3b726939b4ff508a7bb24e1d041e75bba9fbd3024e86287a7fdc61300,74,JHG30_cc30ca7c4fff,weak_train,-1,included_in_development_residue_labels
SOPPCL__2al3,soppe_legacy,2al3,2al3,A,ee6ff46a746aa820452a68bd756632d583bb060743b8d56f06934aa37cfc9303,76,JHG30_7f56bbe9963b,weak_train,-1,included_in_development_residue_labels
SOPPCL__2an7,soppe_legacy,2an7,2an7,A,126fafd832d78a8bfe4a484c306d87852407d5baa8ee88fa6bf529302c889dd8,83,JHG30_3e33a58c5bfa,weak_train,-1,included_in_development_residue_labels
SOPPCL__2aqa,soppe_legacy,2aqa,2aqa,A,f80379476a8bdca533d3ab881158d9b558b8ae37ef6fe8e0dcad202c84c512b3,57,JHG30_8ff43071016c,weak_train,-1,included_in_development_residue_labels
SOPPCL__2asy,soppe_legacy,2asy,2asy,A,773218d3f3d9b4f894158722dabb92810f0b8ff8fb6696624c41aa51d0b2cb41,101,JHG30_804adc33bdba,weak_train,-1,included_in_development_residue_labels
SOPPCL__2auv,soppe_legacy,2auv,2auv,A,a894d318072d415544516874e1ede9cbaea61c50b4b1e341122291b5f240f6d6,85,JHG30_eb21f21e7b64,weak_train,-1,included_in_development_residue_labels
SOPPCL__2avx,soppe_legacy,2avx,2avx,A,352948fe4d1d45ae6ee0d02297a06da529047e153e60bcd25d5eef2aa8a18d72,171,JHG30_2ca232c086ed,weak_train,-1,included_in_development_residue_labels
SOPPCL__2axl,soppe_legacy,2axl,2axl,A,c729f2f9411f567911698b3225362ea671f8b4e82d70151c9b9f283b1a55e2a6,144,JHG30_5fae231ac977,weak_train,-1,included_in_development_residue_labels
SOPPCL__2aya,soppe_legacy,2aya,2aya,A,5fb7e22fd6a0b5ffdaae4a546261a2e0013972c73747b380c40c457f0d0f1f65,128,JHG30_07aadebd8085,weak_train,-1,included_in_development_residue_labels
SOPPCL__2ayj,soppe_legacy,2ayj,2ayj,A,658b1f2c0d38b4df812cdd91f9fa545eb5a02b6f7e8324336d14d8a66eca1803,56,JHG30_3a4a2a7c39e1,weak_train,-1,included_in_development_residue_labels
SOPPCL__2ayx,soppe_legacy,2ayx,2ayx,A,95d2863584e9fe859bc6021830c6ae48d707f2e541b43d249f5b852fa72e9196,254,JHG30_8daedfa39d0f,weak_train,-1,included_in_development_residue_labels
SOPPCL__2b0f,soppe_legacy,2b0f,2b0f,A,ba127b8eebec05038bd85cdf831c468a6d9e16d955d9976dc5d0029b3c2d736f,182,JHG30_94e27c332a66,weak_train,-1,included_in_development_residue_labels
SOPPCL__2b1w,soppe_legacy,2b1w,2b1w,A,5230c812c1700982520f432e818fbe0e8972d57182a8463ef15f086e5e2f9d7f,99,JHG30_57e8a1a017b2,weak_validation,-1,included_in_development_residue_labels
SOPPCL__2b3w,soppe_legacy,2b3w,2b3w,A,0a330ddd33a7174acfbea84ae0d6ff85f83b5111d2405e07f26f0c1c8fbd71d5,168,JHG30_f2b85830287e,weak_train,-1,included_in_development_residue_labels
SOPPCL__2b5x,soppe_legacy,2b5x,2b5x,A,81bd63f899ac4b645d0baeb25b5779e3d8cfa7f9a44100e4196eaa5d378467f8,148,JHG30_05bb42688764,weak_train,-1,included_in_development_residue_labels
SOPPCL__2b7e,soppe_legacy,2b7e,2b7e,A,c38e2b05ad0aee9695f10a123219296cc54896d8696754715a66334033abaff0,59,JHG30_09aed3545a08,weak_train,-1,included_in_development_residue_labels
SOPPCL__2b95,soppe_legacy,2b95,2b95,A,8b957cb265e4bf491fd36f46297796b2db865cfd7163a2f3a5939854c9a7040e,96,JHG30_12ee4b2e6a3b,weak_train,-1,included_in_development_residue_labels
SOPPCL__2b9k,soppe_legacy,2b9k,2b9k,A,dddeafa254d1f449f13cc2616f861b7167d66a148040749ec54fd9dadaa6c631,47,JHG30_6e95dc11b66a,weak_train,-1,included_in_development_residue_labels
SOPPCL__2b9z,soppe_legacy,2b9z,2b9z,A,c56457ffa000cd417bfeb0639a5bef8433058805b56e3c43d0f39a35f63af546,74,JHG30_fdb54ca71b39,weak_train,-1,included_in_development_residue_labels
SOPPCL__2ba3,soppe_legacy,2ba3,2ba3,A,93841e8dc669f155f37a897de64a3a81052296da3230094d72d0d9be03cb9b72,51,JHG30_a0fb441d1644,weak_train,-1,included_in_development_residue_labels
SOPPCL__2baf,soppe_legacy,2baf,2baf,A,5f55d02bf3aa78f90b127b9c9c2efc5f5d7af6d99c99ff15872417ebc3b6ee00,166,JHG30_d8e7629481dd,weak_validation,-1,included_in_development_residue_labels
SOPPCL__2bbu,soppe_legacy,2bbu,2bbu,A,2d001b87ffed9a9c14d64e8bd671502baa3794f1e45fac82b1c5849e2bdff287,156,JHG30_eb83491b4a96,weak_train,-1,included_in_development_residue_labels
SOPPCL__2bic,soppe_legacy,2bic,2bic,A,8f9b74f014ae6c13bb583283dc54803485eff62e0a2452acdcee8774c089f0bc,52,JHG30_f4cd844b7504,weak_train,-1,included_in_development_residue_labels
SOPPCL__2bid,soppe_legacy,2bid,2bid,A,39eaf397e1bcad66d01786f37da15efacffc2f08d0c9500a6dc67270fde724e1,197,JHG30_b7c3c5b90890,weak_train,-1,included_in_development_residue_labels
SOPPCL__2bkd,soppe_legacy,2bkd,2bkd,N,ce3e9d6c30d9516890f8a0dac3b4d0caaaf48bda03a189ad08fb7d8c5843c09d,134,JHG30_8bb4c81df841,weak_train,-1,included_in_development_residue_labels
SOPPCL__2bo5,soppe_legacy,2bo5,2bo5,A,2b87bcc2bb2f7007b20855ba7ad6440bc55afaa959d8c4a7c6841dc53285d0de,120,JHG30_23fb240fcac1,weak_train,-1,included_in_development_residue_labels
SOPPCL__2bug,soppe_legacy,2bug,2bug,A,5f07bbaebc20f0718568198e19bcaf2e5d06f78c37c4689a8750c3a8d9b43350,131,JHG30_3ddca5ee1b1d,weak_train,-1,included_in_development_residue_labels
SOPPCL__2bw2,soppe_legacy,2bw2,2bw2,A,61ec14d8f340e8f70eb4e588bc02fe5c9c085b30f83cd19e61ddc6caf1bb2aaf,140,JHG30_4f1ae95a68ef,weak_train,-1,included_in_development_residue_labels
SOPPCL__2bye,soppe_legacy,2bye,2bye,A,dae8f4c637bac7455444bfb0ce8895fac5f6df755b4276e9c5521ee4fd04b339,110,JHG30_a602d3c00d93,weak_train,-1,included_in_development_residue_labels
SOPPCL__2byf,soppe_legacy,2byf,2byf,A,bef6c8a63fced9986b10528261448b65893563d0cf3c784814f2c73e9b83b03e,116,JHG30_2c18c7e4a39b,weak_train,-1,included_in_development_residue_labels
SOPPCL__2bz2,soppe_legacy,2bz2,2bz2,A,00a48f8d2e56e15f51b1cec2904db8f76e981565768fb6fd537aecf4c0a8d65f,79,JHG30_a3bfa90ea187,weak_train,-1,included_in_development_residue_labels
SOPPCL__2bze,soppe_legacy,2bze,2bze,A,e41d0b22c06fac05d8ada210fe73c98e301f790f53d1229536ab0d461431c201,153,JHG30_60412850d7be,weak_train,-1,included_in_development_residue_labels
SOPPCL__2bzt,soppe_legacy,2bzt,2bzt,A,a9ed73c532e0ae608cbc826ebf68fe246858d91fa43d76e80cfe9cc9ece26b84,66,JHG30_89ed40bc40b0,weak_train,-1,included_in_development_residue_labels
SOPPCL__2c06,soppe_legacy,2c06,2c06,A,893a290fac75ef0a1b7b8d3d0e9a379bf6c13004f5ea8ad537f541ac7d6e630e,110,JHG30_4f493f599321,weak_train,-1,included_in_development_residue_labels
SOPPCL__2c0s,soppe_legacy,2c0s,2c0s,A,c60f5093015042be025dbb04d287872f110c7c2e71458d30ba4100cd9a07eac2,64,JHG30_c2486418e661,weak_train,-1,included_in_development_residue_labels
SOPPCL__2c34,soppe_legacy,2c34,2c34,A,5a072437543d7d2e5df4fc95e8b7db70d2969ead8d267fd44de242ce2233706b,116,JHG30_723598b77e67,weak_train,-1,included_in_development_residue_labels
SOPPCL__2c5z,soppe_legacy,2c5z,2c5z,A,bf1f778198fd16f75394095dfc02b5eb8c60aa803b68a339f62a28677cd589b3,93,JHG30_279a0c8d2a0d,weak_train,-1,included_in_development_residue_labels
SOPPCL__2c7h,soppe_legacy,2c7h,2c7h,A,23605508c788fdba88a8d603c0097dedf74404abe143c7e786933d38cafccc42,86,JHG30_21bb60655e27,weak_train,-1,included_in_development_residue_labels
SOPPCL__2ch0,soppe_legacy,2ch0,2ch0,A,f8ae398550724535175a1933afe078160f382d29971ddc9c8f552e8ce21d09b7,133,JHG30_35ee2197f557,weak_validation,-1,included_in_development_residue_labels
SOPPCL__2cka,soppe_legacy,2cka,2cka,A,b6de9066977806d36175cba12943667a9d77f95d6a27d66f65aab9d6d6897d95,58,JHG30_9393c0538c9b,weak_train,-1,included_in_development_residue_labels
SOPPCL__2ckn,soppe_legacy,2ckn,2ckn,A,a372f27382087e9c5696e1580db14e4de1f9491c5b3365d4a2e6a2ba6fdcee8b,95,JHG30_c86ecce03ee9,weak_train,-1,included_in_development_residue_labels
SOPPCL__2cob,soppe_legacy,2cob,2cob,A,70bab1de49439e28af09a968cc3ba3f1a07c4f37491ff9c1245afac2609d1d96,70,JHG30_d925dfffd02e,weak_train,-1,included_in_development_residue_labels
SOPPCL__2coc,soppe_legacy,2coc,2coc,A,99300f9291fce035a28d0f0c752dd2185daedaca9bf6dbf10db80dbbf83bd312,112,JHG30_91b2a271b80c,weak_train,-1,included_in_development_residue_labels
SOPPCL__2cod,soppe_legacy,2cod,2cod,A,9766f3428b16d14507535f19f0e4d8239ad884a33fa3cabf8680db1cb2577409,115,JHG30_74b46e242526,weak_train,-1,included_in_development_residue_labels
SOPPCL__2cof,soppe_legacy,2cof,2cof,A,0a1ad73b2508c49e063e1cfa6584218d5b71a221852787184b2c83129b14e1fd,107,JHG30_8b4813d7b915,weak_train,-1,included_in_development_residue_labels
SOPPCL__2cok,soppe_legacy,2cok,2cok,A,6eac54eba28815063b349113dd545470ce3e89b1efe31f32f986f4fb0e51b1fb,113,JHG30_fc3188950e07,weak_train,-1,included_in_development_residue_labels
SOPPCL__2com,soppe_legacy,2com,2com,A,4743e0b9896b07eb9e0c67330053599bf9cf9ea250cf4e44ebaeac50c991641c,124,JHG30_e13301bd7abf,weak_train,-1,included_in_development_residue_labels
SOPPCL__2con,soppe_legacy,2con,2con,A,4d47d08e5d21695f702e4b076ab5e54bb7a5fa2c7167d538f333bfce5bcda0cb,79,JHG30_ead4a5a585a1,weak_train,-1,included_in_development_residue_labels
SOPPCL__2coo,soppe_legacy,2coo,2coo,A,f0cef061c51fae355c787524748e223ca8d4d211c1e1f8ec4da2e87174e25a3d,70,JHG30_8b9d738ed360,weak_train,-1,included_in_development_residue_labels
SOPPCL__2cou,soppe_legacy,2cou,2cou,A,f238bd8bf703e305114b15319d75f3933f48c4c2f03b6de523ab5868388ab653,109,JHG30_4dcc9a1cc1e1,weak_train,-1,included_in_development_residue_labels
SOPPCL__2cp6,soppe_legacy,2cp6,2cp6,A,86873810226a84efb420ee06320e565f71ba12d5be293035b883fb2ead77b59b,172,JHG30_af7ad81196fb,weak_train,-1,included_in_development_residue_labels
SOPPCL__2cp9,soppe_legacy,2cp9,2cp9,A,4b4cb746033df942bf6a7e8354ff5c45f7e118175c87cc5a057d5cf659ca48d6,64,JHG30_fe943b618da7,weak_train,-1,included_in_development_residue_labels
SOPPCL__2cpi,soppe_legacy,2cpi,2cpi,A,309a8cc51a4cd837b5ea930ffdbfa72e849fc6c086f2a373b7be13a3d985e7ff,111,JHG30_455d00b10e6e,weak_train,-1,included_in_development_residue_labels
SOPPCL__2cpm,soppe_legacy,2cpm,2cpm,A,571de4fb195c480d2d5f74528d07a8c2cf1427e56596603715b6c008799b43db,94,JHG30_797a3d8989dd,weak_train,-1,included_in_development_residue_labels
SOPPCL__2cpr,soppe_legacy,2cpr,2cpr,A,6cfe706076d9b524464ad9f01a0972ec9e50cbfe5bfe1bf8ef05d36f6eb5d811,124,JHG30_842da0119055,weak_train,-1,included_in_development_residue_labels
SOPPCL__2cpt,soppe_legacy,2cpt,2cpt,A,362d5e80cc300fe31a6e55a25845ef577e758a717cff112100808129dc5eb10c,117,JHG30_3a64ef66716a,weak_train,-1,included_in_development_residue_labels
SOPPCL__2cpz,soppe_legacy,2cpz,2cpz,A,755b592db27e4b1fe20957b26e1f8a79ea7af1f0cb69870bc2f3d8f5da81f100,115,JHG30_829b30ee8133,weak_train,-1,included_in_development_residue_labels
SOPPCL__2cq4,soppe_legacy,2cq4,2cq4,A,129b67e0708b43d0b53c40bbce45c23286c49ef62c6a284f4d6e8cb0280c7e95,114,JHG30_829b30ee8133,weak_train,-1,included_in_development_residue_labels
SOPPCL__2cq8,soppe_legacy,2cq8,2cq8,A,c7a5fb1c6655224b1d5f3c4f5d46c6dc4aae4218e0757fe846e885bfad780c6b,110,JHG30_6a0a024fe790,weak_train,-1,included_in_development_residue_labels
SOPPCL__2cq9,soppe_legacy,2cq9,2cq9,A,a83a112e37331e73c364e46900c0ca0086d5d581d6004c8d0cef106f87ac356b,130,JHG30_bc8bf5f66a64,weak_train,-1,included_in_development_residue_labels
SOPPCL__2cqg,soppe_legacy,2cqg,2cqg,A,734bc95dfc232d33020c64d12336fc49d5678cf903532bf5c9338a9e1b561d5c,103,JHG30_829b30ee8133,weak_train,-1,included_in_development_residue_labels
SOPPCL__2cqi,soppe_legacy,2cqi,2cqi,A,b9431cba92d74c185c3efdad9bd2512200ef1ab2497b6c3c5ea20e2b76d63435,103,JHG30_829b30ee8133,weak_train,-1,included_in_development_residue_labels
SOPPCL__2cqj,soppe_legacy,2cqj,2cqj,A,2ca9da98a4369e71035c768b56e3ef3830806e5411f6a107ed70e56113d6e918,71,JHG30_01eb02efa66b,weak_train,-1,included_in_development_residue_labels
SOPPCL__2cql,soppe_legacy,2cql,2cql,A,dca951ce96ea1d2d2b7818669930cf3552cdffff92eb102f89e3d4b9203ae6b2,100,JHG30_f3755e797329,weak_train,-1,included_in_development_residue_labels
SOPPCL__2cqm,soppe_legacy,2cqm,2cqm,A,d1d2b4e569060bde5048f94f4f9aab0d21f726ecd0e7f6fc03ea9dd415fb6b57,122,JHG30_f56dfc7f4d31,weak_validation,-1,included_in_development_residue_labels
SOPPCL__2cqu,soppe_legacy,2cqu,2cqu,A,b7682a856fd6f6feb9a1a704297cf143945bdc3ad45ab7bec47ee495d33fc2df,116,JHG30_98a9889e56e9,weak_train,-1,included_in_development_residue_labels
SOPPCL__2cqw,soppe_legacy,2cqw,2cqw,A,94e3d397138594dd73cf41ac957c318b9dcaceaddff2fcfc90aa3203390b18d4,84,JHG30_8c321acc1cfa,weak_train,-1,included_in_development_residue_labels
SOPPCL__2cqx,soppe_legacy,2cqx,2cqx,A,f58438bdf035c76fa6c8e9eac1f40a767845d414dda71bd1d45e73fda4e98111,72,JHG30_0a9228efceab,weak_train,-1,included_in_development_residue_labels
SOPPCL__2cqy,soppe_legacy,2cqy,2cqy,A,24ba45f47c7903ae8e201d8c7f43953355d3176b6eb5324a2f61062ea2743164,108,JHG30_84ee65776c64,weak_train,-1,included_in_development_residue_labels
SOPPCL__2cr2,soppe_legacy,2cr2,2cr2,A,2305202b4383f076c3bd974342d2c46769e500e706a37f50ee13c3d08b904237,159,JHG30_eca6a3950f2d,weak_train,-1,included_in_development_residue_labels
SOPPCL__2cr4,soppe_legacy,2cr4,2cr4,A,6cd1cc5a86e1036ef863705a2a247b7cd42f98c11425658e0d8d69600675416f,126,JHG30_f4198f17b749,weak_train,-1,included_in_development_residue_labels
SOPPCL__2cr5,soppe_legacy,2cr5,2cr5,A,8d37c9632ed6698b4bfdbe7bf83843141bfbb6229a7223c23c84b9e8e33f0807,109,JHG30_b0cd4b0831be,weak_train,-1,included_in_development_residue_labels
SOPPCL__2cr9,soppe_legacy,2cr9,2cr9,A,5d63391597e8214151a83d86ede8de057a5a8e7ed03d6cd754145b6c458dbab7,139,JHG30_33794fea256e,weak_train,-1,included_in_development_residue_labels
SOPPCL__2crf,soppe_legacy,2crf,2crf,A,30192921e15e7589c1ec6c874c6997a09bb261567f97ef975908f727ce035353,150,JHG30_223f7b88e030,weak_validation,-1,included_in_development_residue_labels
SOPPCL__2crl,soppe_legacy,2crl,2crl,A,e4524b68741c959c36c68e614bfe53dcbcc876811e01599ddb16220532c2ef43,98,JHG30_8c48196ea0c5,weak_validation,-1,included_in_development_residue_labels
SOPPCL__2crq,soppe_legacy,2crq,2crq,A,313e7e60ffd8cc655db5d27093be7b21c1b8105bb98d876502694fc8abbf93ca,112,JHG30_75517873d93b,weak_train,-1,included_in_development_residue_labels
SOPPCL__2cru,soppe_legacy,2cru,2cru,A,21228768135cdae626a7d2cb13bd897b71e414d7c1bd3e377ecd291b3facdaf7,118,JHG30_f2a54007e512,weak_train,-1,included_in_development_residue_labels
SOPPCL__2crv,soppe_legacy,2crv,2crv,A,dbb76f0c2475c4e39f482065fe273378391b321692895d38bba345c8627309a9,120,JHG30_4b94935a711a,weak_validation,-1,included_in_development_residue_labels
SOPPCL__2crw,soppe_legacy,2crw,2crw,A,77071638496593061046d2b09f5f4ea2e6d3ebcd70abc0ea31aaf593e64b5808,149,JHG30_d57cbe3cc18d,weak_validation,-1,included_in_development_residue_labels
SOPPCL__2cry,soppe_legacy,2cry,2cry,A,10e6dcdf836cf1121448190010a5a0587a4a6e3c443897464179170c66c16d32,122,JHG30_6e89b279e5fc,weak_validation,-1,included_in_development_residue_labels
SOPPCL__2cs8,soppe_legacy,2cs8,2cs8,A,5c86ffab543ef66942535c0feb464ecda2bb0989ead1d4695eec53305675d95a,108,JHG30_0fd7d3871025,weak_train,-1,included_in_development_residue_labels
SOPPCL__2cso,soppe_legacy,2cso,2cso,A,1029e8dd6c5ab0bd9363f05f660771a24f839f85bc6f7215c32013d00b63ea1e,127,JHG30_15a620b31295,weak_train,-1,included_in_development_residue_labels
SOPPCL__2csv,soppe_legacy,2csv,2csv,A,39a2d04d6332c6cdde7ff25b9a07330bbef7bfa33297130893df39c75c5ae32b,72,JHG30_ead4a5a585a1,weak_train,-1,included_in_development_residue_labels
SOPPCL__2csw,soppe_legacy,2csw,2csw,A,06346f2c67cf13bf39243beefeefeb86f784641de2f865f39c2d7c0b3827a38e,145,JHG30_186b921b83e1,weak_train,-1,included_in_development_residue_labels
SOPPCL__2ctk,soppe_legacy,2ctk,2ctk,A,ca4d20f3a986851c47cd959de2a4dce9a7f5026960b954339382ac3ba8d46863,104,JHG30_6d72fb9ae41b,weak_train,-1,included_in_development_residue_labels
SOPPCL__2ctt,soppe_legacy,2ctt,2ctt,A,cc3f7c56aafc230034eadaa13eec34476ca443224fef3eeb2f7a9c8a5063f995,104,JHG30_01eb02efa66b,weak_train,-1,included_in_development_residue_labels
SOPPCL__2cu1,soppe_legacy,2cu1,2cu1,A,faf665b1618a44f6831a279f91a406ea8bb1ac495c3c6d2c370780df2d6d4c7a,103,JHG30_aad608588ebc,weak_validation,-1,included_in_development_residue_labels
SOPPCL__2cud,soppe_legacy,2cud,2cud,A,59c16196098839ad122e6fb80933c1f8841bc37cea52bc5d4e5435e45417e081,79,JHG30_4aff45094243,weak_train,-1,included_in_development_residue_labels
SOPPCL__2cuh,soppe_legacy,2cuh,2cuh,A,8aa2dd0f038784f1a0e3c4ff7c4aa1632cf7bc6f85f838d5d42d4ec6939d4f8b,115,JHG30_55198b9d1b28,weak_train,-1,included_in_development_residue_labels
SOPPCL__2cui,soppe_legacy,2cui,2cui,A,c016991f1a8381175feafd63121ea83e4bb7a4566878d01a5af419635ab05f0f,112,JHG30_55198b9d1b28,weak_train,-1,included_in_development_residue_labels
SOPPCL__2cuj,soppe_legacy,2cuj,2cuj,A,7e8afe90fa1b5ef921e0b3dd55a7d135af3c7ad0e7495c3fbf44d50698a98e76,108,JHG30_71c22fac6e67,weak_train,-1,included_in_development_residue_labels
SOPPCL__2czn,soppe_legacy,2czn,2czn,A,5b78ed6038812e7bcfe35356e94a54c1d56c5c8dfe8d53a923cfe9187be136b6,103,JHG30_661ea74396e7,weak_train,-1,included_in_development_residue_labels
SOPPCL__2czo,soppe_legacy,2czo,2czo,A,0377fa07fad25c504ab80b6a14dc9dc1ede560c45fc7554e8e052eadac7cad6e,130,JHG30_af48bf7eb32b,weak_validation,-1,included_in_development_residue_labels
SOPPCL__2d1u,soppe_legacy,2d1u,2d1u,A,bc09c5671d712ad699fce5d46bfdafc801636032d09ee60b1d30a366fbc13ea4,104,JHG30_e7edb7cdf563,weak_train,-1,included_in_development_residue_labels
SOPPCL__2d3j,soppe_legacy,2d3j,2d3j,A,5528b31b1f7004c371c67054e55f320d6237bf6f112bb59aecf8c98ebf50e87f,157,JHG30_a0170cd9d219,weak_train,-1,included_in_development_residue_labels
SOPPCL__2d5u,soppe_legacy,2d5u,2d5u,A,e077b1577babf061821acdaf275c315c4e81706eb85e79f7f59a7bf9c0459267,124,JHG30_f2cfec7a4111,weak_validation,-1,included_in_development_residue_labels
SOPPCL__2d7l,soppe_legacy,2d7l,2d7l,A,d21932fe9a4b101f4b90cce8b96c22c84bb276cb2513e8f616a155568e62cd22,81,JHG30_67d20fd0b474,weak_train,-1,included_in_development_residue_labels
SOPPCL__2d87,soppe_legacy,2d87,2d87,A,5d193d1ad9c8c74b30880af46e391a07d0b713134e8a2c2b13a156e57e29982c,128,JHG30_cebb4c4cb740,weak_train,-1,included_in_development_residue_labels
SOPPCL__2d88,soppe_legacy,2d88,2d88,A,356c346a0c44d57946e216d1d39333ce299519c01eb8d92a3174a365cd24068c,121,JHG30_cebb4c4cb740,weak_train,-1,included_in_development_residue_labels
SOPPCL__2d8b,soppe_legacy,2d8b,2d8b,A,ca21a8ca6a638ee282d12cfe538b7ab6b8cb71a1bddfc1ab21b0ea90d0a2fa99,166,JHG30_83f328d67466,weak_train,-1,included_in_development_residue_labels
SOPPCL__2d8c,soppe_legacy,2d8c,2d8c,A,f456e9fe36ee9926f1f57d50df0115f1c33e84b04490971fd31f0c261cf1c828,97,JHG30_449856cfebdc,weak_train,-1,included_in_development_residue_labels
SOPPCL__2d8m,soppe_legacy,2d8m,2d8m,A,7be87214aadc97c0ff235da395c9d615503b25375d072dba2a9bbe548e54cfa6,129,JHG30_b6ad0dbeb480,weak_train,-1,included_in_development_residue_labels
SOPPCL__2d8r,soppe_legacy,2d8r,2d8r,A,9a7bec75a14d47733ff3947d4f715b4123fc3100b3a491aaa5d3984e6af270d5,99,JHG30_2d46167e2760,weak_train,-1,included_in_development_residue_labels
SOPPCL__2d93,soppe_legacy,2d93,2d93,A,74189410d7ebbbad8a6227f22d8ff13d3f8a3fbe938213f0b67108fea009d18e,134,JHG30_fa010f6fa36e,weak_train,-1,included_in_development_residue_labels
SOPPCL__2d99,soppe_legacy,2d99,2d99,A,825b5bb32c3aa34e9bdb26ddd1ffe16af5592b36d3e7d9694869b44084f51bad,90,JHG30_01eb02efa66b,weak_train,-1,included_in_development_residue_labels
SOPPCL__2d9c,soppe_legacy,2d9c,2d9c,A,7ad10b79e25f97669ecff6cccb8aa8a174c18f99d1de76674dbd92f57eecd240,136,JHG30_2e07f8ed3bbb,weak_train,-1,included_in_development_residue_labels
SOPPCL__2d9d,soppe_legacy,2d9d,2d9d,A,7f899aec85942ee07ac0267e2396ab25094685973dce69cddefad4eae06cd467,89,JHG30_0a9228efceab,weak_train,-1,included_in_development_residue_labels
SOPPCL__2d9h,soppe_legacy,2d9h,2d9h,A,197249d8a3ffb313675f0bdf84aef0b466e2389a8aa8f3e83790faaa0e23f4b6,78,JHG30_b9786c3cc478,weak_train,-1,included_in_development_residue_labels
SOPPCL__2d9l,soppe_legacy,2d9l,2d9l,A,44cd4dc4905afc10b11e55d75aaa647cfb956affb3cbb6b879f9d2b3993e03fa,134,JHG30_2b57e2dd5f33,weak_train,-1,included_in_development_residue_labels
SOPPCL__2d9v,soppe_legacy,2d9v,2d9v,A,a799e307cf573baf826ab0d325e7cc20f2bc2368f32c4353c43f03c7dafd904d,130,JHG30_90be8ca031b0,weak_train,-1,included_in_development_residue_labels
SOPPCL__2d9w,soppe_legacy,2d9w,2d9w,A,3c1eec101cf6456df7f4011cbeda4885b18cd7afe3a98b44d51047a674f37f2a,127,JHG30_ee9965dcc5e4,weak_train,-1,included_in_development_residue_labels
SOPPCL__2d9x,soppe_legacy,2d9x,2d9x,A,2616dbf7594afbd82fb41560508b9363cb4aa5df9b9de09e79855b5259dd8ef8,120,JHG30_128b37336687,weak_validation,-1,included_in_development_residue_labels
SOPPCL__2d9z,soppe_legacy,2d9z,2d9z,A,d15fc79634a05739a21ea90f3321970c25c0273b50dee57d09f87025620dc6bb,129,JHG30_74b46e242526,weak_train,-1,included_in_development_residue_labels
SOPPCL__2da6,soppe_legacy,2da6,2da6,A,a44ac036cb3ed42b746b4a5504fefca06307d4d523863b5daec232c56f019ee5,102,JHG30_01e15c6a1de8,weak_train,-1,included_in_development_residue_labels
SOPPCL__2da7,soppe_legacy,2da7,2da7,A,95822d2a811f8f0a4a70c043017d943b3d9795793cd35d0a8b130651f168d054,71,JHG30_cc7a27bd58e7,weak_train,-1,included_in_development_residue_labels
SOPPCL__2daf,soppe_legacy,2daf,2daf,A,2cda952c8b91bae5b172db35db39b36177c24122427076ba7a6ed43462c190af,118,JHG30_4619ccd26626,weak_train,-1,included_in_development_residue_labels
SOPPCL__2dam,soppe_legacy,2dam,2dam,A,2920bc66ec37992767b50f77db44fe62e444e3758552d9ec5b921c8b76913cbf,67,JHG30_ead4a5a585a1,weak_train,-1,included_in_development_residue_labels
SOPPCL__2daq,soppe_legacy,2daq,2daq,A,8404122aafc06b5ec20df59c4de9a9e615bf84bec891a0f0386221ce6997e24f,110,JHG30_9fcf55a5dc89,weak_validation,-1,included_in_development_residue_labels
SOPPCL__2dar,soppe_legacy,2dar,2dar,A,d25fc32e10b5a4a17b136bc78c1860d334d329349f421d0f8da7aac59c8f94ff,90,JHG30_8fd220b3a546,weak_train,-1,included_in_development_residue_labels
SOPPCL__2dav,soppe_legacy,2dav,2dav,A,526130133142017aa1bee585ad3386cfca4dbef44ee93d278fea4ed1a7dddcfc,126,JHG30_855191a13483,weak_validation,-1,included_in_development_residue_labels
SOPPCL__2daw,soppe_legacy,2daw,2daw,A,c7bf97daf916fce597009edc6c975d5bff2c6617a059b3ee3e883459812abe9c,154,JHG30_f68cebe80d1f,weak_train,-1,included_in_development_residue_labels
SOPPCL__2db2,soppe_legacy,2db2,2db2,A,ecf7210f4783839ed541e62204f85bc2ff3c8ebe7f831a421968b33f686a4c25,119,JHG30_b4a13d5980ba,weak_train,-1,included_in_development_residue_labels
SOPPCL__2db5,soppe_legacy,2db5,2db5,A,2dc96315811fb3ba596c61f757199a7b3f1741810e9e35372ae3c0ed70c614d6,128,JHG30_f5472bcc0046,weak_train,-1,included_in_development_residue_labels
SOPPCL__2db8,soppe_legacy,2db8,2db8,A,9e407cfea5616c4fbdaf89aa13d9dd628802fc072b84b459ce6b6075651433bf,110,JHG30_55198b9d1b28,weak_train,-1,included_in_development_residue_labels
SOPPCL__2dba,soppe_legacy,2dba,2dba,A,7b9ec2d395352ba04f94fbc9dda946d6df75d115d2f9d363097cdff8607bc3ba,148,JHG30_3a45551e9161,weak_train,-1,included_in_development_residue_labels
SOPPCL__2dbc,soppe_legacy,2dbc,2dbc,A,434495047d30fb9b3907eafccfa07a56a5491427a20a28fcf87bec754e416957,135,JHG30_a5c9e2ffd4eb,weak_validation,-1,included_in_development_residue_labels
SOPPCL__2dbf,soppe_legacy,2dbf,2dbf,A,d1ab27090e865dd6366e1f60abcb2706074c19cae1bce9a5718bad0436f5b8b8,100,JHG30_57fb5e63dd06,weak_train,-1,included_in_development_residue_labels
SOPPCL__2dbg,soppe_legacy,2dbg,2dbg,A,020d6625a8a5bf48cc250eaf914f48b2e09cd629d9bd39508a82440ff6bd77f9,103,JHG30_aad608588ebc,weak_validation,-1,included_in_development_residue_labels
SOPPCL__2dbh,soppe_legacy,2dbh,2dbh,A,eaf6c6a79b6dac3f38d213f1439dc90d17348de240b3fea3f72e436d199927e4,102,JHG30_c48b8249d68b,weak_validation,-1,included_in_development_residue_labels
SOPPCL__2dce,soppe_legacy,2dce,2dce,A,7a85355d8976b9a02ee517cd4b3a5d162cb31eb4e9b2a95074152b69fa9ee733,111,JHG30_e13301bd7abf,weak_train,-1,included_in_development_residue_labels
SOPPCL__2dgp,soppe_legacy,2dgp,2dgp,A,a513fbe2832dce132b579ad2ce65ba1e1dee5a69021d3a98e45a634c150bcef9,106,JHG30_829b30ee8133,weak_train,-1,included_in_development_residue_labels
SOPPCL__2dgy,soppe_legacy,2dgy,2dgy,A,852bf5227f7957b7c7f808f265f5620364bd6d4a64a91fbd70980d9e389ba980,111,JHG30_4efc1c608846,weak_train,-1,included_in_development_residue_labels
SOPPCL__2dgz,soppe_legacy,2dgz,2dgz,A,e85a32e137fecc27766608f2eea9cb9fa45c4837a9618eededee0987c67af108,113,JHG30_a9b4652b1f57,weak_train,-1,included_in_development_residue_labels
SOPPCL__2dhg,soppe_legacy,2dhg,2dhg,A,ab246e22a0f6ad59aecd0465ed4932596f7b65f392bb29a34beec0b58bae5617,104,JHG30_829b30ee8133,weak_train,-1,included_in_development_residue_labels
SOPPCL__2dhj,soppe_legacy,2dhj,2dhj,A,97ff10b7ab1312c972ea88ab81f998a412143dd610f2224120f38045018510fe,125,JHG30_5e39f611a2a3,weak_train,-1,included_in_development_residue_labels
SOPPCL__2dhx,soppe_legacy,2dhx,2dhx,A,e10b2c46ea92579d67d40fb54e3b48b5940053ffc2685d06bcbfa090be5faa6d,104,JHG30_c96f0ca0d26e,weak_train,-1,included_in_development_residue_labels
SOPPCL__2dhz,soppe_legacy,2dhz,2dhz,A,c0aecf34b704afbf47eeec56dd88fa1e30bb24d22849dd7294e899765b067596,120,JHG30_2ecb5787ca04,weak_train,-1,included_in_development_residue_labels
SOPPCL__2did,soppe_legacy,2did,2did,A,06b12e5bdbf3efc27d60eb17a50941f32291e37dfae05a2afd1e9944b5e76432,53,JHG30_7dc0e41ea843,weak_train,-1,included_in_development_residue_labels
SOPPCL__2dip,soppe_legacy,2dip,2dip,A,e0f037ac36b6b7cbc010b6b7bfff26b12176d600ee657baa805f5a3c289e8d79,98,JHG30_ead4a5a585a1,weak_train,-1,included_in_development_residue_labels
SOPPCL__2dir,soppe_legacy,2dir,2dir,A,b604ff5055f5abcc52d6e211e6a724bfcf4f4cd8b98dd3a6c79deb68dff68d95,98,JHG30_74140e3ea3d0,weak_validation,-1,included_in_development_residue_labels
SOPPCL__2diw,soppe_legacy,2diw,2diw,A,9788bc2161b28664c89caa058f98ffc7bffbb5e43178cbea04c6ede80bc802f1,152,JHG30_593c69f6b208,weak_train,-1,included_in_development_residue_labels
SOPPCL__2diy,soppe_legacy,2diy,2diy,A,06271ec18777e789b7b7168c3a1cf8dd0193b3bd59ad39407073a53ce73fa223,130,JHG30_80964c88e550,weak_train,-1,included_in_development_residue_labels
SOPPCL__2dj0,soppe_legacy,2dj0,2dj0,A,8988e58407e29d1e5036cec27a18dec4b9a8e5b59a57301274c56690e141a8e3,137,JHG30_5943b9cc97b4,weak_train,-1,included_in_development_residue_labels
SOPPCL__2dj1,soppe_legacy,2dj1,2dj1,A,05133c80c0f07fc917326e5672acb65ec5a2eb7d67c6596fda635da107e82ab4,140,JHG30_5943b9cc97b4,weak_train,-1,included_in_development_residue_labels
SOPPCL__2djk,soppe_legacy,2djk,2djk,A,bb7392691964400bc70cc58d1fc49b1e92ea372a7db579e92a685d12961d4160,133,JHG30_ed902d61b0ca,weak_train,-1,included_in_development_residue_labels
SOPPCL__2djm,soppe_legacy,2djm,2djm,A,439025cc24f100784d11e079c0adc89528a89eeb5e453d081fd7e0167e52b7ed,106,JHG30_ad901aff6456,weak_train,-1,included_in_development_residue_labels
SOPPCL__2djr,soppe_legacy,2djr,2djr,A,565a8f652ba4a5871b82641c514c5f4a52cc176b17710f8dd62a29be6a584ed7,76,JHG30_40db1221af1b,weak_train,-1,included_in_development_residue_labels
SOPPCL__2dk3,soppe_legacy,2dk3,2dk3,A,9a0a516efae3bc92d1ec8e81011390e4c023651d9a4ae8ee6f8db90e7b7d373e,86,JHG30_98da5e5f042c,weak_train,-1,included_in_development_residue_labels
SOPPCL__2dk4,soppe_legacy,2dk4,2dk4,A,cb6c5f087f07d6487bd38b8ba9de957727911fcf2867a8cdf3358a1b4664c8fa,76,JHG30_4aff45094243,weak_train,-1,included_in_development_residue_labels
SOPPCL__2dk6,soppe_legacy,2dk6,2dk6,A,5aae60dda696033bd0a5e9e54c1b6b9e7d609cbefa037679e14c8c46e8ee14d6,102,JHG30_04b704586b1d,weak_train,-1,included_in_development_residue_labels
SOPPCL__2dkl,soppe_legacy,2dkl,2dkl,A,6aa9cb0f71b4e9a39c599b109840a7337121da7a2f5abb0a686556582cf4a1bb,85,JHG30_67d20fd0b474,weak_train,-1,included_in_development_residue_labels
SOPPCL__2dkp,soppe_legacy,2dkp,2dkp,A,9d40f1def110dbdc83272cea69f4b6a13eb253b08af145a5d4a1cac84e018eee,128,JHG30_ae22075bfc1b,weak_train,-1,included_in_development_residue_labels
SOPPCL__2dkq,soppe_legacy,2dkq,2dkq,A,a686d090534df9b66197a12b5d10d62fe1fffaa294212be3239a1df1cff541c3,160,JHG30_6ba810caee50,weak_train,-1,included_in_development_residue_labels
SOPPCL__2dks,soppe_legacy,2dks,2dks,A,8737441b70989fc29dabb05a8c2c84646707ffdb9428737508424972e8aba783,130,JHG30_9454951d8b4e,weak_train,-1,included_in_development_residue_labels
SOPPCL__2dkt,soppe_legacy,2dkt,2dkt,A,8c7a0255a665249f678949f6b24086e56effd60dee7b5a8ba54a8211cb17f4d9,143,JHG30_97a085331e73,weak_train,-1,included_in_development_residue_labels
SOPPCL__2dkw,soppe_legacy,2dkw,2dkw,A,db08fc5b7d998d3b4888f052bb56f77db2da55e1c035aa6522a5e21e1e0823a5,131,JHG30_0b4c221979fd,weak_train,-1,included_in_development_residue_labels
SOPPCL__2dky,soppe_legacy,2dky,2dky,A,99d4bceab5ecec2033af92c6764b9ed135dc0ea7fc95556d33291326d0cd8f82,91,JHG30_449856cfebdc,weak_train,-1,included_in_development_residue_labels
SOPPCL__2dl1,soppe_legacy,2dl1,2dl1,A,ebc2956e352d4d249780180e2a137e8f7cefc4565a481fb445b0a547aa1656ad,116,JHG30_16af990f6aee,weak_train,-1,included_in_development_residue_labels
SOPPCL__2dl5,soppe_legacy,2dl5,2dl5,A,c03ae5dd752cb9c842d386f6b8572c7f83ad88e617accdd3f8a1c531729c5565,78,JHG30_56482cf171d8,weak_train,-1,included_in_development_residue_labels
SOPPCL__2dl9,soppe_legacy,2dl9,2dl9,A,c39ebddf99dc9db5b3ebc9994b77b1205084686c3ef71f33207b28bc23802be1,103,JHG30_55585ba0b222,weak_train,-1,included_in_development_residue_labels
SOPPCL__2dle,soppe_legacy,2dle,2dle,A,ed21da11ae82a5ee1cc096eaf5f7ca97833b6eb71e14dd9e6e7cb971b2f263f3,104,JHG30_55198b9d1b28,weak_train,-1,included_in_development_residue_labels
SOPPCL__2dll,soppe_legacy,2dll,2dll,A,7de59ba23ba091465087c76a4bcb241d9a5dd1ede947d411ba61c6b54895a149,121,JHG30_820922ad7925,weak_train,-1,included_in_development_residue_labels
SOPPCL__2dlp,soppe_legacy,2dlp,2dlp,A,fe5a80a053eab20c69004125cdd04e13863c5cfca358825e88d80f431d595707,85,JHG30_ae9c33313e51,weak_train,-1,included_in_development_residue_labels
SOPPCL__2dlx,soppe_legacy,2dlx,2dlx,A,113fd7eed24a869fa34ec4bc4db5b73a3a8caa4d2706c1931e88d9e6da42ff08,153,JHG30_68949fd17a37,weak_train,-1,included_in_development_residue_labels
SOPPCL__2dm2,soppe_legacy,2dm2,2dm2,A,5e31abd503c25061ce7f071f274c41e72b603695bc538ac241460d3ce76f2b2f,110,JHG30_55585ba0b222,weak_train,-1,included_in_development_residue_labels
SOPPCL__2dme,soppe_legacy,2dme,2dme,A,3ada3cde2583d23e949788c783bb581e2b583f39e0f7870ecf9526d52d228d92,120,JHG30_5d1454a4ed9e,weak_train,-1,included_in_development_residue_labels
SOPPCL__2dmf,soppe_legacy,2dmf,2dmf,A,9c0898deab525b7c2b944e91b5f2870665100f2643e6467ea0730d4fca4279bc,137,JHG30_cf36464963f5,weak_train,-1,included_in_development_residue_labels
SOPPCL__2dmh,soppe_legacy,2dmh,2dmh,A,ff4d323195a731ac1f708935392fce875caa783806241fad6ea633532c99665b,140,JHG30_c05995e83dad,weak_train,-1,included_in_development_residue_labels
SOPPCL__2dmi,soppe_legacy,2dmi,2dmi,A,6e9795cb22aa1ce10f82ae81d3921e29e0cebd969980da9286c905c58a164978,115,JHG30_820922ad7925,weak_train,-1,included_in_development_residue_labels
SOPPCL__2dmk,soppe_legacy,2dmk,2dmk,A,65aec44416fd02c6f303cfa1ffc2085a067200e40f0d13de68985adf24fb51ec,127,JHG30_55198b9d1b28,weak_train,-1,included_in_development_residue_labels
SOPPCL__2dmp,soppe_legacy,2dmp,2dmp,A,43fe07c613e051b8955afefda96bff559114f7b02f0339fb95ba252a8e6496b3,89,JHG30_0a9228efceab,weak_train,-1,included_in_development_residue_labels
SOPPCL__2dmq,soppe_legacy,2dmq,2dmq,A,b302f3717236fdf6c59baa76441226977d3740d3a3df2a4284fd7bb233497439,80,JHG30_98da5e5f042c,weak_train,-1,included_in_development_residue_labels
SOPPCL__2dmw,soppe_legacy,2dmw,2dmw,A,6db35b2567d9b601f8ca53e5382ff68df3dbc116bf13f344b02e68def87040a3,131,JHG30_cb15dd5dd6f4,weak_train,-1,included_in_development_residue_labels
SOPPCL__2dmz,soppe_legacy,2dmz,2dmz,A,ca828b597ea5c20c6775abad2b13f0df88b01298df60db0764c8477ec128b9f0,129,JHG30_34299351af29,weak_train,-1,included_in_development_residue_labels
SOPPCL__2dn8,soppe_legacy,2dn8,2dn8,A,8147255e1923a1ac63c6f55d6a184b4f87aac867c4e4a582effccb820a75e7b7,100,JHG30_b33228c8ae64,weak_train,-1,included_in_development_residue_labels
SOPPCL__2dne,soppe_legacy,2dne,2dne,A,3e35a59c776a2028dc1d611453d9c2b8d8cc0d0835928d3724b746346de6e6b0,108,JHG30_a172548a3d08,weak_train,-1,included_in_development_residue_labels
SOPPCL__2dnr,soppe_legacy,2dnr,2dnr,A,c0b571a36037b2db2ee8156ea26d376ff732531aa6bea297f2353f7d5ae61848,91,JHG30_4e2726ae3222,weak_train,-1,included_in_development_residue_labels
SOPPCL__2dnw,soppe_legacy,2dnw,2dnw,A,990447220b7c98303dbf4db2111fb9dfc9416af3f526c292ed543ac6c20ab264,99,JHG30_c48b8249d68b,weak_validation,-1,included_in_development_residue_labels
SOPPCL__2dnx,soppe_legacy,2dnx,2dnx,A,6acc7df6ce885b82a9715d30fdd03a6ac4e5da2ef9936ee210319a07f0fd77d0,130,JHG30_d0be17ed8d8c,weak_train,-1,included_in_development_residue_labels
SOPPCL__2do4,soppe_legacy,2do4,2do4,A,2611cbbfeaea4dac92e019d9fa4d468c51146b6c5dc84eca043811a4e3f2b625,100,JHG30_ceff0b7271e9,weak_train,-1,included_in_development_residue_labels
SOPPCL__2do7,soppe_legacy,2do7,2do7,A,c821cbbb864a05f4890387884896e13cec21d75cc15c1aba10ed4c8718023ae3,101,JHG30_9f91c6f88ebe,weak_train,-1,included_in_development_residue_labels
SOPPCL__2doa,soppe_legacy,2doa,2doa,A,e5d716e640550803f9a60f294439a783a447416b2a6a360f0749ccf16bac7382,104,JHG30_405bcc82796c,weak_train,-1,included_in_development_residue_labels
SOPPCL__2dof,soppe_legacy,2dof,2dof,A,0bde8f6bbc4bab81320a90aedd19d3201495b0e7ab5f2e6e09c7f718188c8166,85,JHG30_a81efa38a0fc,weak_train,-1,included_in_development_residue_labels
SOPPCL__2dog,soppe_legacy,2dog,2dog,A,4d31f64d73ce13428debc1671e0c5948bd99605b52f0fc0f580721ba247341e4,85,JHG30_2cab50c4960a,weak_train,-1,included_in_development_residue_labels
SOPPCL__2dsm,soppe_legacy,2dsm,2dsm,A,2a1be2b3b8287aadcc1e763cf9a8bdd0526eba793bce27602f16d8e7dfc6541f,72,JHG30_2236e83c89b0,weak_train,-1,included_in_development_residue_labels
SOPPCL__2dun,soppe_legacy,2dun,2dun,A,f2f14addc4cb2c8ed17c4efe601b048dc03fc4370677a8603c0ffe16ff2a40a5,133,JHG30_f8f792307b76,weak_train,-1,included_in_development_residue_labels
SOPPCL__2duw,soppe_legacy,2duw,2duw,A,9fa6bd7411193f6a00bae3dc5e876bc17bac93825bf462705fb32daa47700162,137,JHG30_694ac629c718,weak_train,-1,included_in_development_residue_labels
SOPPCL__2dy8,soppe_legacy,2dy8,2dy8,A,9719cc193af5e7e830f51f45b5b380debced182a06e84d662e1e70f323c74450,69,JHG30_18eb09b7a23a,weak_validation,-1,included_in_development_residue_labels
SOPPCL__2dzj,soppe_legacy,2dzj,2dzj,A,31100c02b67000b6faf9b2e681c9c0bc3ee2f5ec5e70a3c9b3a06c46f2495dfb,88,JHG30_72e04871aaf7,weak_train,-1,included_in_development_residue_labels
SOPPCL__2dzm,soppe_legacy,2dzm,2dzm,A,bfcf10cd32479c23f7e8ebb6a7bac932dd9d0a2ae70e93ad2aa4d1185f03e1e4,100,JHG30_b654dac1d248,weak_train,-1,included_in_development_residue_labels
SOPPCL__2e0g,soppe_legacy,2e0g,2e0g,A,5685e0d9210e161c6d5feccb1643fb02547eaec106d2bbaca404ebe3fa7b8af0,107,JHG30_ee1015263526,weak_train,-1,included_in_development_residue_labels
SOPPCL__2e2w,soppe_legacy,2e2w,2e2w,A,e9286d64c5038cb64a88bc9c4c15166514b5f98bbf021b868b7bb79dd238e218,113,JHG30_18a9137725bd,weak_train,-1,included_in_development_residue_labels
SOPPCL__2e2z,soppe_legacy,2e2z,2e2z,A,cc056950d902e74ae6909184e988eef950329bba9b131bb781bc5494707ed9c8,100,JHG30_2c553f581daf,weak_validation,-1,included_in_development_residue_labels
SOPPCL__2e30,soppe_legacy,2e30,2e30,A,fb4683583cd98e4f6ca70c0e233f64bbea4f3eae0868a1268b47534598d574fc,195,JHG30_36d963c12b38,weak_train,-1,included_in_development_residue_labels
SOPPCL__2e34,soppe_legacy,2e34,2e34,A,7332bb96a2ecd0ce47a0c76dda2156774807fb217dd351f1f88549edfff8176e,147,JHG30_d7f888411abd,weak_train,-1,included_in_development_residue_labels
SOPPCL__2e44,soppe_legacy,2e44,2e44,A,1a423765b97caf0c6565994be7ad4ea69f193c5cdf569135d6aeebd8cfe78689,96,JHG30_cad84e93621f,weak_train,-1,included_in_development_residue_labels
SOPPCL__2e5k,soppe_legacy,2e5k,2e5k,A,5d2dfd1147b51be6d6722ec221fbe37bc2935e3f54fc864ac42456956ba29ffa,94,JHG30_b5c9bdb86316,weak_train,-1,included_in_development_residue_labels
SOPPCL__2e5o,soppe_legacy,2e5o,2e5o,A,9888c35db806e9ffd6bc275c9f7203cdbb1a1f5be48ff69c3edc2c031c0bd0e1,154,JHG30_cdfeeeedaa62,weak_train,-1,included_in_development_residue_labels
SOPPCL__2e5s,soppe_legacy,2e5s,2e5s,A,b26f6a512c3ad2dd737b738f8bf17ca38d0e3965f910358620d0bc9ed771e594,98,JHG30_c57ee4bf1e09,weak_train,-1,included_in_development_residue_labels
SOPPCL__2e61,soppe_legacy,2e61,2e61,A,e2a44df840f8384f0a5ab88a6a7f2d56e27149c47bde0ad795dce768b3e0d3e1,69,JHG30_519a88f6d785,weak_train,-1,included_in_development_residue_labels
SOPPCL__2e62,soppe_legacy,2e62,2e62,A,c8db5ce38d056b7a1b2b80c0d819b979ae3098ccb40077d54933783ddcacc355,61,JHG30_60971f97c04c,weak_validation,-1,included_in_development_residue_labels
SOPPCL__2e63,soppe_legacy,2e63,2e63,A,0df8a51e9f5d993f5336f3e14e04869c6a5b63c247ad53838b5a5182b702b08a,170,JHG30_c398a166bb63,weak_train,-1,included_in_development_residue_labels
SOPPCL__2e6j,soppe_legacy,2e6j,2e6j,A,afbb87a1c01e2621c782a5ad0f139d9a05d1292bee3fcf29349f9b1bceeaa051,112,JHG30_22ff9bbd27a7,weak_train,-1,included_in_development_residue_labels
SOPPCL__2e6n,soppe_legacy,2e6n,2e6n,A,ac518d802b0137a48e0d313bf97c76a9da177fe69594beb36825b9c850a98afe,104,JHG30_e22bf7690533,weak_train,-1,included_in_development_residue_labels
SOPPCL__2e6q,soppe_legacy,2e6q,2e6q,A,c8087f086738b78a75965fb0499c8f31c8aa75f63a477541d1656e2b7cb65ddc,112,JHG30_c768a539deb4,weak_train,-1,included_in_development_residue_labels
SOPPCL__2e70,soppe_legacy,2e70,2e70,A,7926d36fafc32e9a9828d5034598c836e09bdc0ff3f214febe2e0f2023d42b56,71,JHG30_42c136ad51b1,weak_train,-1,included_in_development_residue_labels
SOPPCL__2e7c,soppe_legacy,2e7c,2e7c,A,1125e517ad613bfc51f2c928ca1df8d8bcee0a2dfa4b64242ff151727826713f,118,JHG30_9c755e3c6b76,weak_train,-1,included_in_development_residue_labels
SOPPCL__2e7g,soppe_legacy,2e7g,2e7g,A,f67385c45f4f8583507fb5992c26a687649d32020235a777911130ddb9ce72d2,129,JHG30_c8229aaf10bf,weak_train,-1,included_in_development_residue_labels
SOPPCL__2e7o,soppe_legacy,2e7o,2e7o,A,8d60e7a139c52cbbc4738f86c8d35d679cccd744d9e97bbc11f987729cd89785,112,JHG30_1bc6ca0e86fb,weak_train,-1,included_in_development_residue_labels
SOPPCL__2e8o,soppe_legacy,2e8o,2e8o,A,4457d80bd2499cbf40da03e3b4c2258b3e111ef7b0f1b9d5d5bdcddce2e3d931,103,JHG30_4ed7b5ed281d,weak_train,-1,included_in_development_residue_labels
SOPPCL__2e8p,soppe_legacy,2e8p,2e8p,A,9b87d0019ecefe0b71c6c731ca44247f762e3da8ba2e0f6d6891e672383517ed,92,JHG30_28ebb5144508,weak_train,-1,included_in_development_residue_labels
SOPPCL__2e9g,soppe_legacy,2e9g,2e9g,A,21cbcf641b89c20675325c42137da1a989a6e48d2d63a24564ea1980115576c5,131,JHG30_47eb2bbd3c38,weak_train,-1,included_in_development_residue_labels
SOPPCL__2ea5,soppe_legacy,2ea5,2ea5,A,e1491249a6c30ff78c159d247846ff2f860571b31f10edcfceb0b37380a8660f,68,JHG30_dcd8b8da952b,weak_train,-1,included_in_development_residue_labels
SOPPCL__2ebi,soppe_legacy,2ebi,2ebi,A,95e3a5808aeb95643ef56dedac1dfc2c2cf9557cace47eef33c658b0b91c5cd5,86,JHG30_c661a521a1fc,weak_train,-1,included_in_development_residue_labels
SOPPCL__2ebk,soppe_legacy,2ebk,2ebk,A,5454fa824d089e517f630850e8d4d3fa5822f986459b0fbe016707658c8da13c,128,JHG30_9f89437e0ecc,weak_train,-1,included_in_development_residue_labels
SOPPCL__2ebu,soppe_legacy,2ebu,2ebu,A,d93cbe9153bdb5e50700ba1fc917d6dc0b8d78ab6b12b42d15472d4278d46546,112,JHG30_9d5fa42f9cc4,weak_train,-1,included_in_development_residue_labels
SOPPCL__2ebw,soppe_legacy,2ebw,2ebw,A,e86cf38bd8d42f876388d564307ee9b1c97abef009f1f5f0f6592e0567293012,97,JHG30_9bb53eafa78c,weak_train,-1,included_in_development_residue_labels
SOPPCL__2ec1,soppe_legacy,2ec1,2ec1,A,0c25fba3714faf5e59acf483575e9c05c9e3dcf9bf1391b01c1dfd8ce21cf649,118,JHG30_9c05fc531882,weak_train,-1,included_in_development_residue_labels
SOPPCL__2ec4,soppe_legacy,2ec4,2ec4,A,8dc90d6f176d418da6d925b96d6e3298aa3e2a201ba19d21f105bfd4d50ae53e,171,JHG30_c79c50a1861c,weak_train,-1,included_in_development_residue_labels
SOPPCL__2edd,soppe_legacy,2edd,2edd,A,56d196df1e2ba7169503ec5ab32a4634c7f7f68dda3287454105b9a7c98bb1ed,123,JHG30_3d0bc503a30c,weak_train,-1,included_in_development_residue_labels
SOPPCL__2edg,soppe_legacy,2edg,2edg,A,afbf7f5511846646130a8c96d200e5973278f30f231feda816385e0c8e20149b,130,JHG30_8168842ede92,weak_validation,-1,included_in_development_residue_labels
SOPPCL__2edh,soppe_legacy,2edh,2edh,A,e803cad257019ed4995b52bb2f57473762fa451139d5daa120f8459a9aa92863,113,JHG30_50e98d4a29a6,weak_train,-1,included_in_development_residue_labels
SOPPCL__2edo,soppe_legacy,2edo,2edo,A,dfc8b171a5b0b1ae82175da3da5c7cc69a0c419ef55d32562ffe8257fa1938ff,121,JHG30_a0a2935120b0,weak_train,-1,included_in_development_residue_labels
SOPPCL__2edx,soppe_legacy,2edx,2edx,A,5d8a45daf7cb641e6c8d4c4d8a979a127cf8fe9f0bcd6a0800e14abae005d121,134,JHG30_6465ea06cab6,weak_train,-1,included_in_development_residue_labels
SOPPCL__2ee5,soppe_legacy,2ee5,2ee5,A,45d0729c995777e68a8ba65c22dbca34d59ea8c95dc6d834660196ba8aaf3fb5,219,JHG30_9e9c9046ef7f,quarantine_metadata_only,-1,excluded_quarantine_metadata_only
SOPPCL__2ee7,soppe_legacy,2ee7,2ee7,A,d831d712510595b1f82dc98b18a3e955fe844235798cd96d1cd1e8e8244c1f97,127,JHG30_602c618834de,weak_train,-1,included_in_development_residue_labels
SOPPCL__2ee9,soppe_legacy,2ee9,2ee9,A,36dadbf9620b2974bb31a170a4b82619a6d121f48721774ea078f411e0e9d37a,95,JHG30_fd16324a4a66,weak_train,-1,included_in_development_residue_labels
SOPPCL__2eef,soppe_legacy,2eef,2eef,A,a0eb01fe2656352c6f37da7c8dbe89143fdef77d54d6b22fcb250b1a0bf6caf5,156,JHG30_46113db19c81,weak_train,-1,included_in_development_residue_labels
SOPPCL__2eh0,soppe_legacy,2eh0,2eh0,A,664ebb1075b7933152da5a29ea967687f3c6f82ab6d0fe9da283b523b21bd8fc,130,JHG30_8aafef8807ea,weak_train,-1,included_in_development_residue_labels
SOPPCL__2eje,soppe_legacy,2eje,2eje,A,69ba998e15a31cbcd5bc0df82fc39a53990149de93df4b8d68519aff031995e7,114,JHG30_885fc9360554,weak_train,-1,included_in_development_residue_labels
SOPPCL__2ejy,soppe_legacy,2ejy,2ejy,A,a0817bd73a046f2934582cd247a2e4249ddbe21ca5f2d05bad036ba766bb7e65,85,JHG30_b3114d7829b8,weak_train,-1,included_in_development_residue_labels
SOPPCL__2ekf,soppe_legacy,2ekf,2ekf,A,b19504778a03a817e5a4cc27fc206910ff03316a6f2654a2c6716bc734d87861,61,JHG30_309f712b3307,weak_train,-1,included_in_development_residue_labels
SOPPCL__2eli,soppe_legacy,2eli,2eli,A,b4c286a5306049be770507564904d37d281ae8f59bc8dbfd4cf02deb810c04f2,85,JHG30_707e8a64238b,weak_train,-1,included_in_development_residue_labels
SOPPCL__2elj,soppe_legacy,2elj,2elj,A,5072401a5d0a36f05c19ed85fbe1eb31314541ec222bb83a53eed70d0b1dc31d,88,JHG30_231b319e2490,weak_train,-1,included_in_development_residue_labels
SOPPCL__2enf,soppe_legacy,2enf,2enf,A,5b737877f5fd435bbfea5803de267484099c75da33c3fa69184fbedd482ee27f,46,JHG30_dd41e19bbafe,weak_train,-1,included_in_development_residue_labels
SOPPCL__2enj,soppe_legacy,2enj,2enj,A,433fc7021c4f37c2eed06f28a17746b1aab9ed8d8659bc708822adc63a52daca,138,JHG30_d22cf36793b9,weak_validation,-1,included_in_development_residue_labels
SOPPCL__2enq,soppe_legacy,2enq,2enq,A,9f78c557a61a9cf256b292016b3e74c50e1a011baff497789ccdfdf2576ecc75,158,JHG30_7b4b5dd46ac6,weak_train,-1,included_in_development_residue_labels
SOPPCL__2ens,soppe_legacy,2ens,2ens,A,d67a019ae5824b1739454d136d7f281054e67245c834eea99dc1bba7f04876bf,96,JHG30_cc107c29a731,weak_train,-1,included_in_development_residue_labels
SOPPCL__2eo6,soppe_legacy,2eo6,2eo6,A,8dd0fe7b5bae1dc9b90493153f955e0b9e4b45cb33bcaac0973ac455e14a453e,141,JHG30_e1b5ecdeffa8,weak_train,-1,included_in_development_residue_labels
SOPPCL__2ep6,soppe_legacy,2ep6,2ep6,A,9911bbe066a1a43e1f0a7d1a094b5483961e3f2b3965a4c345fb972bf529ff02,133,JHG30_b13d12bf7723,weak_train,-1,included_in_development_residue_labels
SOPPCL__2ep8,soppe_legacy,2ep8,2ep8,A,8ddb38dd0536add0df96037262901f7d95fcee01ad90e096526f47a40be6a8d3,100,JHG30_d25b7247a7da,weak_train,-1,included_in_development_residue_labels
SOPPCL__2eqk,soppe_legacy,2eqk,2eqk,A,372ab8f7cf8059b97b5ce227b6bb6730c284a7abca96b7374274293942ff41f7,85,JHG30_d9cd8aabd298,weak_train,-1,included_in_development_residue_labels
SOPPCL__2eqn,soppe_legacy,2eqn,2eqn,A,30f19a3afd90b93d5d9ca4cc89095d625402b1aacd5edfbf7508089d70a2bb55,103,JHG30_077a7bc29934,weak_train,-1,included_in_development_residue_labels
SOPPCL__2eqo,soppe_legacy,2eqo,2eqo,A,2f1feac8a213cbca07e9a92fd3266582ca19d2901d411c982979e3dfe3b03fce,140,JHG30_aed01e984ed5,weak_train,-1,included_in_development_residue_labels
SOPPCL__2eqx,soppe_legacy,2eqx,2eqx,A,7e2a36dc41f3c252ab655759e2ff66891a97ccf37048cda14a60057262c41bfa,105,JHG30_203eac254ad8,weak_train,-1,included_in_development_residue_labels
SOPPCL__2eqy,soppe_legacy,2eqy,2eqy,A,17b07bd0fde9ed12be25012e79ee673c7669bc7b6c25a965d3be78a1557e4625,122,JHG30_d7f8594c1a26,weak_train,-1,included_in_development_residue_labels
SOPPCL__2ett,soppe_legacy,2ett,2ett,A,13a3d629ce7e2f3b0d7b2fcf475d1745e421fac5bdf92697294301a2fc03ac33,128,JHG30_e8d99e3d3215,weak_train,-1,included_in_development_residue_labels
SOPPCL__2evn,soppe_legacy,2evn,2evn,A,93922df3653a49f11574ab22e9444fc6dffea67db8b8f0fe7b7bb9cd5e6d0564,103,JHG30_1c15b2ff0eb8,weak_train,-1,included_in_development_residue_labels
SOPPCL__2ewl,soppe_legacy,2ewl,2ewl,A,3e60382bb9f2e6ca8a6a00f3d25d36bb19ea65644254f75fead493ddc9dcc99a,56,JHG30_f1e28313ffb6,weak_train,-1,included_in_development_residue_labels
SOPPCL__2exn,soppe_legacy,2exn,2exn,A,c6fbf3dbed30f47793ca5f2ba4cf4ba90d9d47dcc51cbc5bd5857c2a15bf144d,130,JHG30_ed3ddea6badf,weak_train,-1,included_in_development_residue_labels
SOPPCL__2ezw,soppe_legacy,2ezw,2ezw,A,decd44637a3963afa1383672c77a2a2f51efa812ba0e45807b91abec2d9e78ee,50,JHG30_9387dcb175cc,weak_validation,-1,included_in_development_residue_labels
SOPPCL__2f05,soppe_legacy,2f05,2f05,A,fd3f4e3b3414e292bb70d966128525a34ea48373842a51f5089adfbe2b14025d,85,JHG30_9e4d75a55bdc,quarantine_metadata_only,-1,excluded_quarantine_metadata_only
SOPPCL__2f09,soppe_legacy,2f09,2f09,A,1d7ec37db6c2d76a3f96ebbca63c4e73b1e41ebbd9b84b9db1a581a560d0e8e7,82,JHG30_304a3de23f24,weak_train,-1,included_in_development_residue_labels
SOPPCL__2f1e,soppe_legacy,2f1e,2f1e,A,2de5cc11ebfb1d594a346043000ddb2f8024a8c922067bd15d0e6313d475b111,116,JHG30_1002b0869c64,weak_train,-1,included_in_development_residue_labels
SOPPCL__2f33,soppe_legacy,2f33,2f33,A,3ff3f35e6cbb0f012947d8b9636a7bad1db806ca58bfb5bdf5feebf3279cc03f,261,JHG30_d7f23db178cc,weak_train,-1,included_in_development_residue_labels
SOPPCL__2f3i,soppe_legacy,2f3i,2f3i,A,29cefe228bde4561e3957d013c2a74c3f728503007c233c1f930bc7c6df634d1,150,JHG30_4439bb983302,weak_train,-1,included_in_development_residue_labels
SOPPCL__2f3j,soppe_legacy,2f3j,2f3j,A,041dbca6360b48954819c1fe4e057e36424495691dc0f0eba1062721e3b9fcc6,158,JHG30_bef3ba69f4aa,weak_validation,-1,included_in_development_residue_labels
SOPPCL__2f40,soppe_legacy,2f40,2f40,A,2c5d3ccdf5fadba7198b8bd715ed2fcfbd6d0c42251533d6c033b8022267fd70,74,JHG30_de0a260fe2d3,weak_train,-1,included_in_development_residue_labels
SOPPCL__2fb7,soppe_legacy,2fb7,2fb7,A,41713f3273c7ed7568d28a0b41495e2356b216f202be31978c9310483541f69c,80,JHG30_b87234a49e6f,weak_train,-1,included_in_development_residue_labels
SOPPCL__2fc7,soppe_legacy,2fc7,2fc7,A,1ad4a24032e3339e0aa3775f1b580bc378f37c992dca18d607e0a72e1c0ddc9f,82,JHG30_ead4a5a585a1,weak_train,-1,included_in_development_residue_labels
SOPPCL__2fce,soppe_legacy,2fce,2fce,A,8e3125791c09a3dc503e59386e6c375b8d1c9357c12492053e7bd0df2c9472ef,70,JHG30_2ef2109b668d,weak_train,-1,included_in_development_residue_labels
SOPPCL__2fe0,soppe_legacy,2fe0,2fe0,A,f7596faf013e526018c1d4218a3e0a2c461788691f019c027423156bc98c84ff,131,JHG30_dcff13387f12,weak_train,-1,included_in_development_residue_labels
SOPPCL__2fek,soppe_legacy,2fek,2fek,A,aa25113a776f68599e3ed8ef36edd11c00a4ee9d85ceeb6196001c20015c2137,147,JHG30_8c46f8866672,weak_train,-1,included_in_development_residue_labels
SOPPCL__2fft,soppe_legacy,2fft,2fft,A,2fb609e944225a9451f0f9936b8acfdcf15b2f370dd72dde8ccf52df00216033,84,JHG30_10350fd60f0b,weak_validation,-1,included_in_development_residue_labels
SOPPCL__2fgx,soppe_legacy,2fgx,2fgx,A,7b6875abd1517c2b8cbb0e57e0d0127c1cf897a1dda7980ea1b3941d7ca6a345,85,JHG30_1db1ab1e27f6,weak_train,-1,included_in_development_residue_labels
SOPPCL__2fj6,soppe_legacy,2fj6,2fj6,A,0177471b9e000c6953f18a624c489f94cd489b12eedafb9d8ffb6638727567fa,82,JHG30_624b7b0e1c51,weak_train,-1,included_in_development_residue_labels
SOPPCL__2fjl,soppe_legacy,2fjl,2fjl,A,a249de78ee77c79469c6836b75a1f858fecbfc0da8bdabd3feb60e5a497fe35f,150,JHG30_e039df91f49b,weak_validation,-1,included_in_development_residue_labels
SOPPCL__2fki,soppe_legacy,2fki,2fki,A,547e886bb42713eb6e270ce110f6196c0c9e01493dcb81d24d8c22d10db61d9b,118,JHG30_6582308d664d,weak_validation,-1,included_in_development_residue_labels
SOPPCL__2fm4,soppe_legacy,2fm4,2fm4,A,5e8857cf36fa08cd073d10cb7fd2a22730377b9d8fdad83c770ebd77100f0828,128,JHG30_dc27aa65e8aa,weak_validation,-1,included_in_development_residue_labels
SOPPCL__2fmc,soppe_legacy,2fmc,2fmc,A,1107e4b6d6c9e7a329fb9bae25c00ad5fda2e72eb4b9c3ef5f75e9af1babd5a3,82,JHG30_c417ff682386,weak_train,-1,included_in_development_residue_labels
SOPPCL__2fnb,soppe_legacy,2fnb,2fnb,A,21d4ce766c93ef9da5bbbbac35f90e4e3e66ba4ce68b797e5db2904cdf00e891,95,JHG30_a736e3c9b314,weak_train,-1,included_in_development_residue_labels
SOPPCL__2fnf,soppe_legacy,2fnf,2fnf,X,8cc9a89fd7e863d6cb645bf9a14cc3c02fc5002dd18f9d3862ac478da9a58616,59,JHG30_5054197cc5dc,weak_train,-1,included_in_development_residue_labels
SOPPCL__2fqh,soppe_legacy,2fqh,2fqh,A,0717f4387bda4d6eac30d8fd2a52343db2e16974a08480a87a4db32521ade64d,109,JHG30_543e0bc6c3c4,weak_train,-1,included_in_development_residue_labels
SOPPCL__2fv4,soppe_legacy,2fv4,2fv4,A,719e8cbbbffab0b5413c2220eec2d3738fd1aca19150252967838324e2f85495,89,JHG30_a3dc4153d480,weak_train,-1,included_in_development_residue_labels
SOPPCL__2fws,soppe_legacy,2fws,2fws,A,f3e59efeecf945e8b136b39103114a7fe61cb83eea23130511ffa46e8ebcf916,139,JHG30_ca8d88e70554,weak_train,-1,included_in_development_residue_labels
SOPPCL__2fyh,soppe_legacy,2fyh,2fyh,A,46d3ee017c2fe506b9d68eac58baaf20c643acad26937760fd88e5a106800388,190,JHG30_0e6f7946001f,weak_train,-1,included_in_development_residue_labels
SOPPCL__2fz0,soppe_legacy,2fz0,2fz0,A,21e1eee682b1ce5fbc4795ebfdbf0edca1253efad37d6b1e18155287c04821d5,149,JHG30_7626a6276bad,weak_train,-1,included_in_development_residue_labels
SOPPCL__2g0q,soppe_legacy,2g0q,2g0q,A,090cded5eecaa4ec18b4d6ef39af22c77f2b7ce90f6e47d09b7b4e04a393b81d,149,JHG30_e2803335cb53,weak_train,-1,included_in_development_residue_labels
SOPPCL__2g0u,soppe_legacy,2g0u,2g0u,A,5db6cc3ad72cf9f1a8134b3e39d3b204accbfb788d37b28ab4a89a161be7bb60,92,JHG30_d22fb208bfd6,weak_train,-1,included_in_development_residue_labels
SOPPCL__2g1e,soppe_legacy,2g1e,2g1e,A,32cc49a8d9da1c8854dbe4f9e58155c4cb530d2db370c5bc201bc3e6c3cf6972,90,JHG30_cfd2d9fbf128,weak_train,-1,included_in_development_residue_labels
SOPPCL__2g2b,soppe_legacy,2g2b,2g2b,A,6b28d7d616edd1f33f22087ff57fbceb812e4c9dccddbff162998d8d1f70f91d,150,JHG30_843c9fa351fb,weak_train,-1,included_in_development_residue_labels
SOPPCL__2g2k,soppe_legacy,2g2k,2g2k,A,c1da23efe63cf076da10ef48cacf07289b2f6359fad4a2a9ecea371ea96e3b99,156,JHG30_9b769fc85c44,weak_train,-1,included_in_development_residue_labels
SOPPCL__2g7h,soppe_legacy,2g7h,2g7h,A,b7fcb8811d24aab9a6aedc66ccf47da0a61737411724cb3886ea4ddd3ccea8ed,167,JHG30_90f527e4edec,weak_train,-1,included_in_development_residue_labels
SOPPCL__2g7j,soppe_legacy,2g7j,2g7j,A,2f0850c2ae563f0b3f8ea4c2d002c38a21b1951d4f48c021a20dfd2ccfa94ab9,112,JHG30_7cd901f3261e,weak_train,-1,included_in_development_residue_labels
SOPPCL__2ga5,soppe_legacy,2ga5,2ga5,A,264e507e3ac5d697bb0a19fabe9dad65fe271831ccd39e02e3dedae06fb4d1bd,123,JHG30_bcee669b6de1,weak_train,-1,included_in_development_residue_labels
SOPPCL__2gb8,soppe_legacy,2gb8,2gb8,A,c4a5bab1e4ab5888f97db4621e33d112391e0f85ffc730cb08ccd0dc7881d64b,294,JHG30_af3873c35cdd,weak_train,-1,included_in_development_residue_labels
SOPPCL__2gbs,soppe_legacy,2gbs,2gbs,A,f3969da7188232420ae03a4686d1546cfa7f944e4bbf406622bc3ee9290a8336,145,JHG30_f06ef9df99e5,weak_train,-1,included_in_development_residue_labels
SOPPCL__2gd7,soppe_legacy,2gd7,2gd7,A,a1d310b0ebaf9987bca0c8ceaebd3fa67f62f5604c2383b1d206d8b1f21d41a9,107,JHG30_f367863656b1,weak_train,-1,included_in_development_residue_labels
SOPPCL__2gf5,soppe_legacy,2gf5,2gf5,A,f04bda0f98482092906d3a3bf573c578ada52f71c255353ef33a11624026a8a5,191,JHG30_88436d119915,weak_train,-1,included_in_development_residue_labels
SOPPCL__2gfu,soppe_legacy,2gfu,2gfu,A,d28979b508450a858fb23fc0be2892e8999bacd1ffe8fd188dd10074c0996505,134,JHG30_c0cb096375b8,weak_train,-1,included_in_development_residue_labels
SOPPCL__2ggf,soppe_legacy,2ggf,2ggf,A,43ad08407366a40a9fd32bf8c5410ea69cd900397aeb6c10396708d87d3ea988,137,JHG30_ddbb5165eaca,weak_train,-1,included_in_development_residue_labels
SOPPCL__2ghf,soppe_legacy,2ghf,2ghf,A,23ba86de243eb0a1407a11f86a2db68000d00b10260cd760bc7724934564183a,102,JHG30_17cb6f28a801,weak_train,-1,included_in_development_residue_labels
SOPPCL__2gi4,soppe_legacy,2gi4,2gi4,A,e0624550004bbaaf845a62581c18e8fa4b256d6c830a2366091317e1b7f85046,156,JHG30_58500aeb2425,weak_train,-1,included_in_development_residue_labels
SOPPCL__2gji,soppe_legacy,2gji,2gji,A,cf29e7052f0574b7f4dd09bf117d6db88604a03130ac8bbf1c46f0fb9fe230e4,82,JHG30_722a82b0e3fa,weak_train,-1,included_in_development_residue_labels
SOPPCL__2gmo,soppe_legacy,2gmo,2gmo,A,86883d49654c7b8908e4d0d304c59cf7c57c9f5b7d630e3eaa4583de91995d15,75,JHG30_816c27f185fb,weak_train,-1,included_in_development_residue_labels
SOPPCL__2go0,soppe_legacy,2go0,2go0,A,b8bf70731257a34899ca4f2dda128ec196e8d8107fb49a829c8249065959a794,137,JHG30_9acc7f664f82,weak_validation,-1,included_in_development_residue_labels
SOPPCL__2go9,soppe_legacy,2go9,2go9,A,d98922a35ae0e7d1d9b7ee09380bc7d80c51833b6d2f26659152b9099d1213b6,161,JHG30_42c317e03a63,weak_train,-1,included_in_development_residue_labels
SOPPCL__2gov,soppe_legacy,2gov,2gov,A,72989129781f7a01d84244b0a732e0359b64e3b8fe1588bd194192807b11fd28,184,JHG30_ae042e0d7163,weak_train,-1,included_in_development_residue_labels
SOPPCL__2gow,soppe_legacy,2gow,2gow,A,76545b26171d42009b51098c93e80dfccd01912a73d7d340be2eda522e7322b2,116,JHG30_7d94d561989a,weak_train,-1,included_in_development_residue_labels
SOPPCL__2gpq,soppe_legacy,2gpq,2gpq,A,157e57336ec87f9f746263022cafc4b988e9ebaf633e0d9724b5dc5e14d7c49b,217,JHG30_a5b87608111d,weak_validation,-1,included_in_development_residue_labels
SOPPCL__2gqb,soppe_legacy,2gqb,2gqb,A,9fbbe10df33b1f50aa09068e8a948dbe134505398204a362737e30951e52e513,130,JHG30_3ba201da7fb8,weak_train,-1,included_in_development_residue_labels
SOPPCL__2gqc,soppe_legacy,2gqc,2gqc,A,fd5b974e015a88a38f2d839b4cf87aeff2675b54481746138a5fb3df14a5a345,70,JHG30_429685dff9aa,weak_train,-1,included_in_development_residue_labels
SOPPCL__2gqk,soppe_legacy,2gqk,2gqk,A,689444a16c42e98f2e45428650675b3079773fd6c199cc0a00ffcfae37bb651d,173,JHG30_b073ea3dfede,weak_train,-1,included_in_development_residue_labels
SOPPCL__2grg,soppe_legacy,2grg,2grg,A,266af5112f3c2b725fa20f8a22c2d5d3e3a4033de966d5070ec684b17d0f2a39,98,JHG30_590413b5bfa3,weak_validation,-1,included_in_development_residue_labels
SOPPCL__2gt3,soppe_legacy,2gt3,2gt3,A,e383167716a6ade377392bfa74798654c9c939be768944955760c3fb0e65d613,211,JHG30_edd490014007,weak_train,-1,included_in_development_residue_labels
SOPPCL__2gtj,soppe_legacy,2gtj,2gtj,A,299667e3ae30cecaa46aba2c88a94e0e417859059bee8833277d73fcff6a6758,96,JHG30_8ff70f6dd8e8,weak_train,-1,included_in_development_residue_labels
SOPPCL__2gtv,soppe_legacy,2gtv,2gtv,X,42a9d4197b718a9baf8f82d7e32c68d886f9b692dc19d501784bd6e449c76f00,104,JHG30_d9499db3a3d7,weak_train,-1,included_in_development_residue_labels
SOPPCL__2gut,soppe_legacy,2gut,2gut,A,f44336f95411d6b3abcaf9623a1dd3069046d13af86d8ad50eae6222077eb489,77,JHG30_b0085d3d6808,weak_validation,-1,included_in_development_residue_labels
SOPPCL__2gw6,soppe_legacy,2gw6,2gw6,A,302b1dc1a03300ebb5c58fffbd41054547f7651de90abd13748ab5b27f12135d,123,JHG30_55ca9370089a,weak_train,-1,included_in_development_residue_labels
SOPPCL__2gzo,soppe_legacy,2gzo,2gzo,A,c9b633914d0076bebd220f05f99f1dbf687c13c3e9fd9955e6f200901b098439,187,JHG30_e32b13d6a4df,weak_validation,-1,included_in_development_residue_labels
SOPPCL__2gzp,soppe_legacy,2gzp,2gzp,A,e94142b0e653382e5ad0ee6c76c1b58b9503ab6754dafb482888983aa502afcf,134,JHG30_ddce73611895,weak_train,-1,included_in_development_residue_labels
SOPPCL__2h2m,soppe_legacy,2h2m,2h2m,A,ec00fec51f6d4f79df77fe97b665534da3edc1f2b590beef20e3fe271eaa6adf,108,JHG30_c931353abed1,weak_train,-1,included_in_development_residue_labels
SOPPCL__2h35,soppe_legacy,2h35,2h35,A,625c708d1e51d4df14c88a2fc08ec59355f96b51c0ea7a0a5eb5a910b92a0675,141,JHG30_c6a8f52eea0e,weak_train,-1,included_in_development_residue_labels
SOPPCL__2h60,soppe_legacy,2h60,2h60,A,af1cc3cf5a6b5fec58143da38126d6bd72dbb05d5d4bfb56aca0f0c1c9717ea3,105,JHG30_b7e99d99e315,weak_train,-1,included_in_development_residue_labels
SOPPCL__2h7a,soppe_legacy,2h7a,2h7a,A,facd27d8d532670132e77ba0eca21d6403423eee131d939637f46867565b92bf,110,JHG30_aaeee74b0330,weak_train,-1,included_in_development_residue_labels
SOPPCL__2h7d,soppe_legacy,2h7d,2h7d,A,dec4461fa681c8650b761e14eebb4df3f4e82b4bba43b2dca9a0eb467254504a,101,JHG30_e2e713322fb2,weak_validation,-1,included_in_development_residue_labels
SOPPCL__2ha1,soppe_legacy,2ha1,2ha1,A,29ee26c510ca30196f55429b544ab54bc4eb8057d46a07f0991bdcce38c335d0,201,JHG30_61e5aee62084,weak_validation,-1,included_in_development_residue_labels
SOPPCL__2haj,soppe_legacy,2haj,2haj,A,ca92523afc95643292c08ba8c8f666a94929ea8190d0d17b325e7f90e43cbc8e,135,JHG30_761fceaedb85,weak_train,-1,included_in_development_residue_labels
SOPPCL__2hc5,soppe_legacy,2hc5,2hc5,A,b535ea10a0f94b4d7e9f0e88b5194e26ec889a386e91ab4e94b91f96b640ea5a,117,JHG30_4e8a4c593376,weak_train,-1,included_in_development_residue_labels
SOPPCL__2hde,soppe_legacy,2hde,2hde,A,babe0e85e7c930b3eff132037e205126b80af7582151fd425701a71b5a65e1b4,148,JHG30_e1ff7fa63c94,weak_train,-1,included_in_development_residue_labels
SOPPCL__2hdl,soppe_legacy,2hdl,2hdl,A,e04a8bf38faba11d3b06ab0eef0f00d54a098faa8fd21032810994dc255c4087,77,JHG30_18e3fe697ea2,weak_train,-1,included_in_development_residue_labels
SOPPCL__2hf6,soppe_legacy,2hf6,2hf6,A,15e65924e90d64c23ebc4ea7bcc6465d19e53160621875ad8ca07b3d74703621,149,JHG30_f32c3f777fd9,weak_train,-1,included_in_development_residue_labels
SOPPCL__2hfi,soppe_legacy,2hfi,2hfi,A,0aa82c8de4d1db137d5298e436dbcdd1553a03260e8fd2739a30fc101f646495,123,JHG30_5de6ac8da461,weak_train,-1,included_in_development_residue_labels
SOPPCL__2hfq,soppe_legacy,2hfq,2hfq,A,68de09e08ba6fb6639bf66e893c135428fc53899d2bd5c4ab0d16d7c61575570,85,JHG30_b23b2d7092dc,weak_train,-1,included_in_development_residue_labels
SOPPCL__2hfv,soppe_legacy,2hfv,2hfv,A,0afee4627d7dc2a8af073c52aa66be70533abb9d0f3093def5d05a0981f76817,97,JHG30_5a07e7d1915d,weak_train,-1,included_in_development_residue_labels
SOPPCL__2hg6,soppe_legacy,2hg6,2hg6,A,f6a841a2f07af0e2ab3a237fbb268ea3c7805673dc5b957d0baa3f61d912f9ec,106,JHG30_79fbfa1bc73a,weak_train,-1,included_in_development_residue_labels
SOPPCL__2hg7,soppe_legacy,2hg7,2hg7,A,80b12a0c6f4e5cfd2ea948a8be682e9b087f296d0ddae882811c7ebb4283fa66,60,JHG30_c5425505dc2f,weak_train,-1,included_in_development_residue_labels
SOPPCL__2hga,soppe_legacy,2hga,2hga,A,35013455726947b0e48563d4786f8a082c147a1390a64560e029781e696ded64,103,JHG30_a96c6386461e,weak_train,-1,included_in_development_residue_labels
SOPPCL__2hgc,soppe_legacy,2hgc,2hgc,A,920ea7ffbc058e730a5a93a4f403633248b8bf5ec6f3e484881c4868adec9b81,78,JHG30_378325181308,weak_validation,-1,included_in_development_residue_labels
SOPPCL__2hgk,soppe_legacy,2hgk,2hgk,A,38779d2037b3a3aab220e31bf35561ac5ec20a2514d4b29478506fd6eafc5c70,117,JHG30_6f198765d168,weak_train,-1,included_in_development_residue_labels
SOPPCL__2hgn,soppe_legacy,2hgn,2hgn,A,5125c49fde8aae5d7af203c525de777c89b768d67939b4d9a20e264880f21275,81,JHG30_b2e64c8e6b75,weak_train,-1,included_in_development_residue_labels
SOPPCL__2hh8,soppe_legacy,2hh8,2hh8,A,33e4cb5d471e0fe706b42f5b6995915bfa6007877da3936325092f91e4e46606,127,JHG30_03b79019e4cd,weak_train,-1,included_in_development_residue_labels
SOPPCL__2hhi,soppe_legacy,2hhi,2hhi,A,f5d9d489a69a9c1baf917e16a119522bb2a5c8a902e64a592af1f6c77d50fa30,204,JHG30_3a184adae30e,weak_train,-1,included_in_development_residue_labels
SOPPCL__2hi6,soppe_legacy,2hi6,2hi6,A,420f070290c7997a5f3827f951cec0beb0f4f4bacf91549ccf4a8107ad41c9c1,132,JHG30_4854dbb1006a,weak_train,-1,included_in_development_residue_labels
SOPPCL__2hjj,soppe_legacy,2hjj,2hjj,A,c660776a586c068a6d770dcbcecfb7ccf014cdb54cde2910539e2f5e99710431,66,JHG30_cfe8f3b80d5a,weak_train,-1,included_in_development_residue_labels
SOPPCL__2hjq,soppe_legacy,2hjq,2hjq,A,263a065663cd780be148a65875098888439a2180b8fbb7844845e19fe39501a9,111,JHG30_9ebfd99502d4,weak_validation,-1,included_in_development_residue_labels
SOPPCL__2hna,soppe_legacy,2hna,2hna,A,61d26ffec893f8530b612b7958034b575130591b62d6d2eafc4686df0c53e13e,147,JHG30_13d757c0783c,weak_train,-1,included_in_development_residue_labels
SOPPCL__2ho9,soppe_legacy,2ho9,2ho9,A,1386e80ba894cb4a758a59c52a6ab1d70e807e99f6764a51b317f6bea3584739,167,JHG30_89dc63ddf03e,weak_train,-1,included_in_development_residue_labels
SOPPCL__2hpu,soppe_legacy,2hpu,2hpu,A,3cb04a5b23d74cb9860b5bfa0cf3c49f469cac6068028dd4ad60bd7ea74c6b2e,126,JHG30_0d28bd8f4db6,weak_validation,-1,included_in_development_residue_labels
SOPPCL__2hqr,soppe_legacy,2hqr,2hqr,A,bfe7aee09c056cd28c98431a179ff0d6b9292fb9b449c9d862d05ad396e2ecd1,223,JHG30_8500ec4bd798,weak_train,-1,included_in_development_residue_labels
SOPPCL__2hrj,soppe_legacy,2hrj,2hrj,A,026880f9bec92e864ef381f63118fe2ae7b9c0e26dca00436b9f8dbf8c175445,121,JHG30_5db65fd6ede5,weak_train,-1,included_in_development_residue_labels
SOPPCL__2hst,soppe_legacy,2hst,2hst,A,08e89b4ed913a10aa744d4a5f6bb35a717c5b7d0d1e19d6ba4199b44f36743a3,136,JHG30_6d3a4b9c5ecf,weak_train,-1,included_in_development_residue_labels
SOPPCL__2hw0,soppe_legacy,2hw0,2hw0,A,6348eecdd646c2e2d193560418751c75c6656c9981176a6a3e03bf8cf9eb10bd,115,JHG30_27623c68e3d4,weak_train,-1,included_in_development_residue_labels
SOPPCL__2hwt,soppe_legacy,2hwt,2hwt,A,eec7cee820471cbb4748e47bb781c4ab8aac60d9d8311ee2485cf1de00ec4226,94,JHG30_61eb7abcd087,weak_train,-1,included_in_development_residue_labels
SOPPCL__2hx6,soppe_legacy,2hx6,2hx6,A,88476067786ae31c18990c4fa5c9c5eaa39a973d78796511dec9ac18f6726c98,153,JHG30_5b47c8d6db32,weak_train,-1,included_in_development_residue_labels
SOPPCL__2hzd,soppe_legacy,2hzd,2hzd,A,106148e9e6acdb834b3b5198d7964d83c6a965d0efdbe8355e4e4af38fc60999,82,JHG30_9559751a9b23,weak_train,-1,included_in_development_residue_labels
SOPPCL__2i3b,soppe_legacy,2i3b,2i3b,A,d0ff961ae90e703898f514054f8f4e0e454d88ff0e86a33b1dbe9e4ec9a4b090,189,JHG30_24fe3b5f21ae,weak_validation,-1,included_in_development_residue_labels
SOPPCL__2i3e,soppe_legacy,2i3e,2i3e,A,1e7e4ed3c5c1909b6229c9baa86687c9eb5433318f0418be8901b59c8bd26aab,222,JHG30_3ebde19e75f7,weak_train,-1,included_in_development_residue_labels
SOPPCL__2i4k,soppe_legacy,2i4k,2i4k,A,ca7b1b3f4804c48e6d732578a7e0b02f09c2e8d28c66296b8e0a9ae9c8a32070,128,JHG30_1e524d473c4b,weak_train,-1,included_in_development_residue_labels
SOPPCL__2i50,soppe_legacy,2i50,2i50,A,0b114f90fa9ca879d72d5282c599cd5f7131a91cba7c43107e69449a38722041,122,JHG30_0eeec51a0f84,weak_train,-1,included_in_development_residue_labels
SOPPCL__2i83,soppe_legacy,2i83,2i83,A,66b871e9bf89d34d929e3a79eb08b39d7490d190c3520483e6a5d0aa42dabc96,158,JHG30_0542ab7329aa,weak_train,-1,included_in_development_residue_labels
SOPPCL__2i85,soppe_legacy,2i85,2i85,A,e1148ee7f8be6e8e7395380247b7f3c429ddfe55fb7de2e06e92959eb4279868,142,JHG30_c6633a8401ab,weak_train,-1,included_in_development_residue_labels
SOPPCL__2i8l,soppe_legacy,2i8l,2i8l,A,660737f0e9c0f2a6cec6e6e24cd844280220599c71bd10cfc51c785c5ba52274,156,JHG30_090895cc6ac5,weak_train,-1,included_in_development_residue_labels
SOPPCL__2i9y,soppe_legacy,2i9y,2i9y,A,876f5054d316fbfac81c170c102e15b77110fc2991f116f1fc7d01ae8781d910,157,JHG30_559f270ac8a5,weak_train,-1,included_in_development_residue_labels
SOPPCL__2ida,soppe_legacy,2ida,2ida,A,a831cc85d3ecf8375bb123d68a1048c94607d552107ae0537cc1b510c041f2aa,102,JHG30_93bc3ac8a729,weak_train,-1,included_in_development_residue_labels
SOPPCL__2if1,soppe_legacy,2if1,2if1,A,7242c98453867a7c1d467e9e2f07053a7712103982ac0465cf06aace04a9f92d,126,JHG30_5bcd97be9081,weak_train,-1,included_in_development_residue_labels
SOPPCL__2ifs,soppe_legacy,2ifs,2ifs,A,e5e2289140484d4a99633ed3083d33948495ca48e171292f4aac1b876c9ed191,169,JHG30_33819b155a1c,weak_train,-1,included_in_development_residue_labels
SOPPCL__2ikd,soppe_legacy,2ikd,2ikd,A,70383f4637090430dc78d4625d533e9593ef0a3bbdf36c0aa083c52b806fa908,56,JHG30_01e3d01ffe15,weak_train,-1,included_in_development_residue_labels
SOPPCL__2imu,soppe_legacy,2imu,2imu,A,13718fc2fe7789c506d56668b7577ec71de863054fd83df4135da665224af870,46,JHG30_97bcf147e3e3,weak_train,-1,included_in_development_residue_labels
SOPPCL__2ipa,soppe_legacy,2ipa,2ipa,A,ea168f51322058ebfb43b6a0a1b8dfca87ec775202c4625a24e87a9a48ff8815,104,JHG30_872a438509fc,weak_train,-1,included_in_development_residue_labels
SOPPCL__2ith,soppe_legacy,2ith,2ith,A,97600b18806518706f30ad0bf319bc0eef31fe115c24ac707bf50b8414b93bb2,162,JHG30_14286a59c5d4,weak_train,-1,included_in_development_residue_labels
SOPPCL__2iue,soppe_legacy,2iue,2iue,A,76fb8c1956a1d50d3b6e83c0aeea6cd372a5906b9535adf60de5559cfeca365c,212,JHG30_aaef53423b36,weak_train,-1,included_in_development_residue_labels
SOPPCL__2ivw,soppe_legacy,2ivw,2ivw,A,e4b2e7718c51d453e93130587564fb519943aa466553515933933bf21f9c85c9,113,JHG30_32186977d783,weak_validation,-1,included_in_development_residue_labels
SOPPCL__2iz3,soppe_legacy,2iz3,2iz3,A,cf3765ab1de8c522db95408698c66b9a350a1a3df89328bdec628ac50b2f212b,94,JHG30_a2962c526250,weak_train,-1,included_in_development_residue_labels
SOPPCL__2j2s,soppe_legacy,2j2s,2j2s,A,e55bac1f4a3bf72c4bfec4002a965c327822ec533a85237c9b9b8c0380b37df1,72,JHG30_64b7c65d4a85,weak_train,-1,included_in_development_residue_labels
SOPPCL__2j48,soppe_legacy,2j48,2j48,A,dfe27bdded0dee014ddc5f62666439da43199b3571541bd541d34b3b27cefd8c,119,JHG30_f15d22d81f9a,weak_train,-1,included_in_development_residue_labels
SOPPCL__2j5d,soppe_legacy,2j5d,2j5d,A,cca7be7e5eb0f4300deca9331a3fe278ed3f1cb942c56b15ca8f718922e269cc,45,JHG30_4b93fe5f0e8f,weak_train,-1,included_in_development_residue_labels
SOPPCL__2j5p,soppe_legacy,2j5p,2j5p,A,29860cbfa8a8bd0186af97da7dab7785e5c2f545f73bfad92e45e57805bfe01e,70,JHG30_f8ae381c07b4,weak_validation,-1,included_in_development_residue_labels
SOPPCL__2j8j,soppe_legacy,2j8j,2j8j,A,d7fabf5919966685884f16d890ea8077277ef540ad746e1ffda4f0c5265b0816,90,JHG30_83d409262433,weak_train,-1,included_in_development_residue_labels
SOPPCL__2j8p,soppe_legacy,2j8p,2j8p,A,1b7beef4223ebf50a98c28fdc1ee86b1d4a9d9dc35ae5a35232fd82a93c38853,49,JHG30_226a19edca53,weak_train,-1,included_in_development_residue_labels
SOPPCL__2jhb,soppe_legacy,2jhb,2jhb,A,0d423e668ad36f8643631e9998e164e6aed66dfb02f486ee9a9f3fe5e5ccb2e3,143,JHG30_a0c29dd0b1f1,weak_train,-1,included_in_development_residue_labels
SOPPCL__2jm3,soppe_legacy,2jm3,2jm3,A,d30d95523aa65eb52ec67870953863f001f35773a75c3d08edff34cdc5046d99,91,JHG30_29fa1ecc849d,weak_train,-1,included_in_development_residue_labels
SOPPCL__2jmb,soppe_legacy,2jmb,2jmb,A,87c58d23b6d3e184d0532194a5010d229ada99105cb23c318fd43805131303c1,79,JHG30_6f15cf696d39,weak_train,-1,included_in_development_residue_labels
SOPPCL__2jmh,soppe_legacy,2jmh,2jmh,A,5da7c086b0d34622f2db4c4529f82d27dd61374342c062e43a4bbad80dc2652a,117,JHG30_53dfb22d6d69,weak_train,-1,included_in_development_residue_labels
SOPPCL__2jmk,soppe_legacy,2jmk,2jmk,A,8d5c0f62cfbcbd6909c02d70ba8bed61207fbf8acf476d7146d0a89cc29bfbd4,110,JHG30_9526bf3386f4,weak_train,-1,included_in_development_residue_labels
SOPPCL__2jmp,soppe_legacy,2jmp,2jmp,A,d899dc7afddfa8c1d239330028f8bcffb85c58ec57606bd92bf9350cf76893ba,100,JHG30_3c834914099a,weak_train,-1,included_in_development_residue_labels
SOPPCL__2jms,soppe_legacy,2jms,2jms,A,adb4a5342b4fadf54a8d702183ebca7518a82e445acaffbb347b1def9f63d50e,63,JHG30_7b4a87e0ed63,weak_train,-1,included_in_development_residue_labels
SOPPCL__2jmu,soppe_legacy,2jmu,2jmu,A,43dec9f3d979cb97d09e7d6668b6474301203da429ddb76ae57e72506014cad0,224,JHG30_ebe6fd97220d,weak_train,-1,included_in_development_residue_labels
SOPPCL__2jmv,soppe_legacy,2jmv,2jmv,A,51d1e384440c9afaf348e8f5c337fd4ee3b3473d6d23f2533e4a2dd1eebdecb5,94,JHG30_e47b87bc8fd7,weak_train,-1,included_in_development_residue_labels
SOPPCL__2jmz,soppe_legacy,2jmz,2jmz,A,23b282bcb05e92ad04c3702ad18f5453b2031d8ea03fab9de84c1dc4970c15ee,186,JHG30_d1f39cdbc0d0,weak_train,-1,included_in_development_residue_labels
SOPPCL__2jn0,soppe_legacy,2jn0,2jn0,A,2d020d2d7dabcb53aa753af6a78339a1047994ea8985caca96b5fe57c3edce76,50,JHG30_ca45ed625886,weak_train,-1,included_in_development_residue_labels
SOPPCL__2jn4,soppe_legacy,2jn4,2jn4,A,cc2c2abcfc2cf9fc2edaece46cab6d268ba9913fa366515895348c2945a341db,66,JHG30_228a0761e7a8,weak_train,-1,included_in_development_residue_labels
SOPPCL__2jn6,soppe_legacy,2jn6,2jn6,A,45c18b683e123c19eeb3063f8e89d7edbf08e8886931144570e88b0b578da2ed,97,JHG30_fd9e051320fe,weak_train,-1,included_in_development_residue_labels
SOPPCL__2jn8,soppe_legacy,2jn8,2jn8,A,23ad5ed7d7ccf3dfc4e9410e8e70b693bacf8a84f59e561bbe7a98392f7877b8,109,JHG30_1887f573087a,weak_train,-1,included_in_development_residue_labels
SOPPCL__2jna,soppe_legacy,2jna,2jna,A,283a1dfba224e68b7d8246f90ad3c6a0c2a946cbffacc9e37b0de081d99d5c85,104,JHG30_549aa3b7d66b,weak_train,-1,included_in_development_residue_labels
SOPPCL__2jne,soppe_legacy,2jne,2jne,A,dac08362e4cb9240c7530bf7d3d0d7817880f12c6c0f918fdcef399295171972,71,JHG30_677ab1097a30,weak_train,-1,included_in_development_residue_labels
SOPPCL__2jng,soppe_legacy,2jng,2jng,A,f76487f4ab474dac2154ac5c5abb86269d587edd81ee36f3219170f58013e4a5,77,JHG30_b51c425b3772,weak_train,-1,included_in_development_residue_labels
SOPPCL__2jnj,soppe_legacy,2jnj,2jnj,A,e4bb55dba574b6b4bd3dc5b2b4a519cf12f211a270a800370715c6b5bc4efb62,74,JHG30_4895c0f7e885,weak_train,-1,included_in_development_residue_labels
SOPPCL__2jnz,soppe_legacy,2jnz,2jnz,A,2831c9e4013773f9613e1f4547a68cc2dd9fcc300a8e460ef68523fd57da240b,108,JHG30_9ee980888d11,weak_validation,-1,included_in_development_residue_labels
SOPPCL__2jo1,soppe_legacy,2jo1,2jo1,A,54ad8d3da8a1301034e2b65460da60e778bb2f8094ab0aaaeac028a940b8c50a,72,JHG30_b05975bfa6d6,weak_train,-1,included_in_development_residue_labels
SOPPCL__2jo7,soppe_legacy,2jo7,2jo7,A,e408914f86134ea85f9dd6dfb245fc4872770a31e8de9f582cb9f20a8398c733,224,JHG30_b3e808d1bd40,weak_train,-1,included_in_development_residue_labels
SOPPCL__2jo8,soppe_legacy,2jo8,2jo8,A,2cc65744c1f2246d5acc5c47665d172847bfe227cfbc9bbe0fba4edb02e8e932,51,JHG30_16ef6c7d282e,weak_validation,-1,included_in_development_residue_labels
SOPPCL__2job,soppe_legacy,2job,2job,A,b96290d2821dfd4951dec4428dc4b621b471993d2e00a6cb4b37e9b98683814a,102,JHG30_afb90661a7ce,weak_validation,-1,included_in_development_residue_labels
SOPPCL__2joe,soppe_legacy,2joe,2joe,A,3a5317f485929984f17bd1bb09cfe39267c9cdccf0192e4ec260c5b8ac2d35e4,139,JHG30_a0d92e1afa31,weak_train,-1,included_in_development_residue_labels
SOPPCL__2jog,soppe_legacy,2jog,2jog,A,078fb211785af5706f159552bd052db422bbe0de371220e759b5fbf4e2df971f,327,JHG30_161396380a0a,weak_train,-1,included_in_development_residue_labels
SOPPCL__2joi,soppe_legacy,2joi,2joi,A,73d6f606815caf94c0c41e6142ea1484655206d94016e2352b12cdbc03589c20,96,JHG30_db46fefc556e,weak_train,-1,included_in_development_residue_labels
SOPPCL__2jok,soppe_legacy,2jok,2jok,A,8d2f4fd28efbc44c0ca0fb5ae3fb54784e0a6a03a785051d0c372e50e02aff8f,184,JHG30_909c74e29da3,weak_train,-1,included_in_development_residue_labels
SOPPCL__2jon,soppe_legacy,2jon,2jon,A,9446303989efc6f139fb7ebc62f4ee9854c863036ffc08cb5f2ec0fd002157fb,101,JHG30_2feb7de131cc,weak_train,-1,included_in_development_residue_labels
SOPPCL__2joo,soppe_legacy,2joo,2joo,A,2a878b1c3dc6c9e52c72daf9932c6e3e3adc7aba6e4bbf322581d0fd7210da0b,51,JHG30_e00c2435962b,weak_train,-1,included_in_development_residue_labels
SOPPCL__2jop,soppe_legacy,2jop,2jop,A,ff3d0857ac09fa06479ade44075a3b4887ae6cd6560e500468dc58e3f8f1bb33,110,JHG30_a7398505d7a7,weak_train,-1,included_in_development_residue_labels
SOPPCL__2joq,soppe_legacy,2joq,2joq,A,93efebae6796dea19503e56dd0e4333b8c655df81e577ce340869a20a8dced78,91,JHG30_06421d212cd7,weak_train,-1,included_in_development_residue_labels
SOPPCL__2jov,soppe_legacy,2jov,2jov,A,d13da34eed057a5689ea0eccd905213e2c23a61f03eaa13bc47d865227728e4c,85,JHG30_fbd54dc8eb3a,weak_validation,-1,included_in_development_residue_labels
SOPPCL__2jox,soppe_legacy,2jox,2jox,A,7dfc1142db3ef057f67e9459c7505afc329afd37bf73f277e745cf031868f6c7,106,JHG30_537f44e92e64,weak_train,-1,included_in_development_residue_labels
SOPPCL__2joy,soppe_legacy,2joy,2joy,A,09b269a8a0813343e735887e25d76c7cfd167331a00aa8e496c7422b72ff6f44,96,JHG30_748dc10cf728,weak_train,-1,included_in_development_residue_labels
SOPPCL__2joz,soppe_legacy,2joz,2joz,A,d2975e9512a5d5c682aa0b24b802005ff6d296cead2862bec02450a7bad7f882,135,JHG30_205c99e59af2,weak_train,-1,included_in_development_residue_labels
SOPPCL__2jp2,soppe_legacy,2jp2,2jp2,A,2768396452fce360be4a072edd99679dfb13e0fa2924388895e21b8cde5c066c,126,JHG30_072bc832a489,weak_train,-1,included_in_development_residue_labels
SOPPCL__2jpd,soppe_legacy,2jpd,2jpd,A,60a16aa5d3c7ea4108b13f06c5ce8775ad9a29bcf300da34d0b8b5dda71de208,124,JHG30_14c65b773a08,weak_train,-1,included_in_development_residue_labels
SOPPCL__2jpf,soppe_legacy,2jpf,2jpf,A,a91833634e2417cd3a5c846e271b7d256c943d8336aee1161e39f09932882d46,106,JHG30_882a56143a51,weak_train,-1,included_in_development_residue_labels
SOPPCL__2jpi,soppe_legacy,2jpi,2jpi,A,0ebd025e6dcb3271ded48836a7ec65a1e1319ac48bbcc211a8b52bb176502b06,96,JHG30_bb1f73ebee13,weak_train,-1,included_in_development_residue_labels
SOPPCL__2jpq,soppe_legacy,2jpq,2jpq,A,db940a10a8f6522af6e5cba96f516ddfb360b412a10b66c19977baeac2941dc2,83,JHG30_aaea88d83789,weak_train,-1,included_in_development_residue_labels
SOPPCL__2jps,soppe_legacy,2jps,2jps,A,a3dce0a1d37d24582e0dff0a3c4c3a5bfbed75a150dd4020eda7764bc4a31be0,105,JHG30_dc42f13e38ce,weak_train,-1,included_in_development_residue_labels
SOPPCL__2jpu,soppe_legacy,2jpu,2jpu,A,aaab480390c14f99ff40029ec2fdf2867483d90592c407e18f76aa99e1c0abc4,129,JHG30_9721442fba6f,weak_train,-1,included_in_development_residue_labels
SOPPCL__2jq3,soppe_legacy,2jq3,2jq3,A,92ab70101bcd1727fbfdf4d2ae6043c3bbe3a4c313f36d75b13497627bedaa9a,79,JHG30_8aff395f92c2,weak_validation,-1,included_in_development_residue_labels
SOPPCL__2jq4,soppe_legacy,2jq4,2jq4,A,c9cc160457713633936c3d69b116fbb76c3af85f9ab59a69e6ff6fa3acf00f30,83,JHG30_fb166f793975,weak_train,-1,included_in_development_residue_labels
SOPPCL__2jq5,soppe_legacy,2jq5,2jq5,A,d3a34ee65754f93010c695b32594fc5e85545b96ecdc67cbd374849c05556c6b,128,JHG30_9c41f61df563,weak_train,-1,included_in_development_residue_labels
SOPPCL__2jqe,soppe_legacy,2jqe,2jqe,A,f209bc5c87d30e8a95d6ac0f153ebd2ac1878bb720023590834cf0134f7e23b9,115,JHG30_e6994bd10389,weak_train,-1,included_in_development_residue_labels
SOPPCL__2jqf,soppe_legacy,2jqf,2jqf,R,637b7fe4787dce51d7f39a02b2d3a21eac5a38cb38d7bd9c4fcf600e73d2246e,166,JHG30_5a421f0ccbe9,weak_validation,-1,included_in_development_residue_labels
SOPPCL__2jqn,soppe_legacy,2jqn,2jqn,A,8a5b669d7cd0c532ff1e16f297ce5c0a2886613e2c56b04f336a3185325f20b9,116,JHG30_33b4be4e7abe,weak_validation,-1,included_in_development_residue_labels
SOPPCL__2jqo,soppe_legacy,2jqo,2jqo,A,7030e6f5673dac61186d7a27da4e57541184de8312b9271edb2f1a54dde6ccb6,108,JHG30_19bce57406cd,weak_train,-1,included_in_development_residue_labels
SOPPCL__2jqq,soppe_legacy,2jqq,2jqq,A,295a7e2dca9bcf2f9cf999a65b8fb987844b9d89fae10331952db7cddb019847,154,JHG30_3c5be777669c,weak_train,-1,included_in_development_residue_labels
SOPPCL__2jr0,soppe_legacy,2jr0,2jr0,A,684375c20e31ab3b3791f75d9233f077bc1b32a5c54df074c6df655ce1c4f438,148,JHG30_0b1b14864cde,weak_train,-1,included_in_development_residue_labels
SOPPCL__2jr1,soppe_legacy,2jr1,2jr1,A,16535433f72e33bb96f47e53b58fc3a51be3d8d3467b1403d6c78ce7339d98ff,79,JHG30_64b77e7c270a,weak_train,-1,included_in_development_residue_labels
SOPPCL__2jra,soppe_legacy,2jra,2jra,A,3a681679cd9f72f7f3a8b69376df3b25ba3e8ed84840433b47e9d7eb245617f9,67,JHG30_87d3874a2ad3,weak_train,-1,included_in_development_residue_labels
SOPPCL__2jrc,soppe_legacy,2jrc,2jrc,A,9c37d834555b435a7a24c3a4cf6eaf35648ba4d3ee6c9814b7f336826fb8396b,191,JHG30_bcf83f7742c7,weak_train,-1,included_in_development_residue_labels
SOPPCL__2jrf,soppe_legacy,2jrf,2jrf,A,ba6e55888276897697ee5a82416135431459311abe73d41506e760293c76392e,178,JHG30_7f54455640be,weak_train,-1,included_in_development_residue_labels
SOPPCL__2jro,soppe_legacy,2jro,2jro,A,0f221c105facc7004af22bd026caf58241e5338234096b0f5f3476bc2eed4e78,74,JHG30_3f2338077713,weak_train,-1,included_in_development_residue_labels
SOPPCL__2js1,soppe_legacy,2js1,2js1,A,0d8f439f0780cbe24df1bb4dfb18839cd557e12245976f283a5860011339395c,80,JHG30_a9d0bea4bbdc,weak_train,-1,included_in_development_residue_labels
SOPPCL__2js7,soppe_legacy,2js7,2js7,A,e36139819169cc88ad6e12290376bc39d969cd24d727bcd403d792ff7e625492,160,JHG30_83e753b6033a,weak_train,-1,included_in_development_residue_labels
SOPPCL__2js9,soppe_legacy,2js9,2js9,A,3bb73d7e7f36aee54ea11b2407160418bf6a0953a2364d6c6fbbab29b2160ffc,81,JHG30_8bfc7499a680,weak_train,-1,included_in_development_residue_labels
SOPPCL__2jsf,soppe_legacy,2jsf,2jsf,A,13c9fb9daca6b984df5eff27f46f49e10b1a37da235865227a7c2c5312ff857e,117,JHG30_1f2013985ca0,weak_train,-1,included_in_development_residue_labels
SOPPCL__2jss,soppe_legacy,2jss,2jss,A,093842a1e81e139b1a7e5b7e004a4693167d4b198c95d32bc9810c9ae1cd211e,192,JHG30_4ad1aec874ae,weak_train,-1,included_in_development_residue_labels
SOPPCL__2jsw,soppe_legacy,2jsw,2jsw,A,57b8e4822c97e778328f97f006df8b52358d8015ba9606986ab0462470f8eb14,189,JHG30_d46860dbd995,weak_train,-1,included_in_development_residue_labels
SOPPCL__2jsx,soppe_legacy,2jsx,2jsx,A,0b03da7f6588e86ae7519b5fd381050e4285a7f23b58ee49ce4f5bbb92496aea,95,JHG30_95b78f271790,weak_train,-1,included_in_development_residue_labels
SOPPCL__2jsy,soppe_legacy,2jsy,2jsy,A,26b27b8c18a45938413d29d15a79d07371b9c9dc15c556078bd4e95ec8bf1db9,167,JHG30_24b8c5b2cd1b,quarantine_metadata_only,-1,excluded_quarantine_metadata_only
SOPPCL__2jt1,soppe_legacy,2jt1,2jt1,A,fbb45d2d921a52be0daac16ff1cf3d32ad3840b97ee1ebbae1526cd1dd8f27b7,71,JHG30_a83aa2c10bd5,weak_train,-1,included_in_development_residue_labels
SOPPCL__2jtc,soppe_legacy,2jtc,2jtc,A,35c0d9330c2e52f258c1563e5467a068b09a75871d01b801a8ff3935b81faa6d,253,JHG30_60eac0162712,weak_train,-1,included_in_development_residue_labels
SOPPCL__2jtf,soppe_legacy,2jtf,2jtf,A,1a8065e71c173f95c8759e05cd615835eef10b10e49050a7102f5bc8830f7435,64,JHG30_da518a345f75,weak_train,-1,included_in_development_residue_labels
SOPPCL__2jtk,soppe_legacy,2jtk,2jtk,A,0354cea10fe68cdb4da1f457f8fd58a42bc3a7b346d3b836b7250e4e83ae8fca,88,JHG30_5e249e0b8efd,weak_train,-1,included_in_development_residue_labels
SOPPCL__2jtm,soppe_legacy,2jtm,2jtm,A,f7f2343832e58322b2fe2ab52ec44e0a5ad74d2e037b31cefe33a308896ec562,60,JHG30_4a66b37e6f37,weak_train,-1,included_in_development_residue_labels
SOPPCL__2jtn,soppe_legacy,2jtn,2jtn,A,850013bbdad723476c2811db5c46680737a1abdc6c4e59e1f2884be84ddae372,182,JHG30_74e286d3b775,weak_train,-1,included_in_development_residue_labels
SOPPCL__2jtv,soppe_legacy,2jtv,2jtv,A,0805809ee301947bfc903992c9c7eff5b37de5f63f251080f3bbd2fa81a52b07,65,JHG30_9f21eff2423c,weak_train,-1,included_in_development_residue_labels
SOPPCL__2jtx,soppe_legacy,2jtx,2jtx,A,2879e11ca75d7ab8461010e09038d4d01ec06fbdcae50467693ad1195018f588,60,JHG30_ca544cb89cc8,weak_train,-1,included_in_development_residue_labels
SOPPCL__2jty,soppe_legacy,2jty,2jty,A,141b5dfcdbbf2f8cd2831a3f9bafe4d2055db61fe4a93ef5810a16b8dbfcfc9a,184,JHG30_4ee415265053,weak_train,-1,included_in_development_residue_labels
SOPPCL__2ju0,soppe_legacy,2ju0,2ju0,A,732bf70e04118d570bb4d21767810dbfbdf229e7b260e6cc0340d409fb63813b,175,JHG30_0a9c09803b63,weak_train,-1,included_in_development_residue_labels
SOPPCL__2ju5,soppe_legacy,2ju5,2ju5,A,b3700664d8fb4599bbf449b5185ec0ac203f6cf30d92417eadcaa3c9f84e2981,144,JHG30_652f897692be,weak_train,-1,included_in_development_residue_labels
SOPPCL__2jua,soppe_legacy,2jua,2jua,A,8a5e7248da584a72023aa51e637bc7dbc5b93a74b1b0c31c27a1ba60241ebbbc,102,JHG30_cd80ce9911e9,weak_train,-1,included_in_development_residue_labels
SOPPCL__2jub,soppe_legacy,2jub,2jub,A,dd380a2c51cfbf55dc006c90b833c03994099dc9614c97513ff396b76942d7a1,76,JHG30_09c3dd9b5e8b,weak_train,-1,included_in_development_residue_labels
SOPPCL__2juc,soppe_legacy,2juc,2juc,A,f2b57726240cb8569ff8219ff8ec23d93ff0fad193267b8104ce9c8935b9812b,55,JHG30_3261122cfe2b,weak_train,-1,included_in_development_residue_labels
SOPPCL__2jul,soppe_legacy,2jul,2jul,A,f302a49fffe90c49a7e5e0043e486301a9642b29823f720b5adb77484534ff28,181,JHG30_0a9c09803b63,weak_train,-1,included_in_development_residue_labels
SOPPCL__2jun,soppe_legacy,2jun,2jun,A,9f89b24ce0731362bd9c5c20b49ee831a112b9bbe4e1416cac514bb6234be8ab,101,JHG30_c39e43130ab7,weak_train,-1,included_in_development_residue_labels
SOPPCL__2jv7,soppe_legacy,2jv7,2jv7,A,d079338670b7d61d16d0f4b0d8b7a7700879cd94ce8784532fe7c2be1b5522c0,78,JHG30_04894a9ded2d,weak_train,-1,included_in_development_residue_labels
SOPPCL__2jvb,soppe_legacy,2jvb,2jvb,A,2a036f6cfc58e0a9d2dd052252d33392573834d80f2d069742756f43d6fdfd66,146,JHG30_4cb22b0f7706,weak_validation,-1,included_in_development_residue_labels
SOPPCL__2jve,soppe_legacy,2jve,2jve,A,3d6f41f692c30e2fce4442d93e6796c3dee53836b47edcaa8a70034785d837d5,71,JHG30_461263250dc3,weak_train,-1,included_in_development_residue_labels
SOPPCL__2jvg,soppe_legacy,2jvg,2jvg,A,66e9feceacea57d0e2db4ae31378b4305195a9581f095563e19a70951c597947,72,JHG30_c66ef17f9801,weak_train,-1,included_in_development_residue_labels
SOPPCL__2jvl,soppe_legacy,2jvl,2jvl,A,85edb9652c946ce1228c57302f927d62db016d537e3308afb7375980e76d65f4,107,JHG30_4d3eda1dfb4b,weak_train,-1,included_in_development_residue_labels
SOPPCL__2jvm,soppe_legacy,2jvm,2jvm,A,40640b18559dd5f4eca9ded57a550fa3116642d262f12a652d44ebd683ce9b59,80,JHG30_ea7fbe159ab4,weak_train,-1,included_in_development_residue_labels
SOPPCL__2jvn,soppe_legacy,2jvn,2jvn,A,9100ccaaf51a8857dfaa21ee7bdad5bb3abebc9d47137f59f27e24beab5bbfe9,126,JHG30_e0ca131b9b30,weak_train,-1,included_in_development_residue_labels
SOPPCL__2jvu,soppe_legacy,2jvu,2jvu,A,72fe14ee1f8f59ee04abc002a5da76f2bb13da0dfc957404804d46edb28c6920,98,JHG30_3b4e25f8d274,weak_train,-1,included_in_development_residue_labels
SOPPCL__2jvv,soppe_legacy,2jvv,2jvv,A,06a498670846ef66edc1cfeb66784a1827a89df60a7c109c53afa78de16db001,59,JHG30_bb6ac548f795,weak_train,-1,included_in_development_residue_labels
SOPPCL__2jvw,soppe_legacy,2jvw,2jvw,A,9081d8e78f70cdb36d6e63641efddb3307306f842640d6fa552ee5dc9cc632f0,82,JHG30_0fe308c3a389,weak_train,-1,included_in_development_residue_labels
SOPPCL__2jw1,soppe_legacy,2jw1,2jw1,A,364190be209cc6398319b208d2f8626e838ef6e19280afd5bfff8c973f5c72f8,115,JHG30_5f33f7b5fd55,weak_train,-1,included_in_development_residue_labels
SOPPCL__2jw5,soppe_legacy,2jw5,2jw5,A,bc38ed9510f0d0019608ddf07c7cf1ba88e7bdc4597e7ce9f4afd92f753908b0,106,JHG30_5e89ee0f8a6d,weak_validation,-1,included_in_development_residue_labels
SOPPCL__2jw8,soppe_legacy,2jw8,2jw8,A,b6208c396aacb3f767ad60e00d8d43937485f421968ef8a1f07d8ad9a9f18b14,118,JHG30_691c37c11e3f,weak_train,-1,included_in_development_residue_labels
SOPPCL__2jwh,soppe_legacy,2jwh,2jwh,A,13dc5c50b83b60853b3f907eedae2ebc0041ef2ed4286d9b850f732bfaa3b526,48,JHG30_a46cd4dcf5b5,weak_train,-1,included_in_development_residue_labels
SOPPCL__2jwk,soppe_legacy,2jwk,2jwk,A,1080fa306bcd6c10623b662228e3f7114588c660f6cc75e970d21532c7e5c6b2,74,JHG30_cd303b0f6572,weak_train,-1,included_in_development_residue_labels
SOPPCL__2jwn,soppe_legacy,2jwn,2jwn,A,919de5c436bdcd2b663ecedcb121ce738bdb6bb26790a8630d9c593b64cd8fe8,124,JHG30_4c7c9cea6f66,weak_train,-1,included_in_development_residue_labels
SOPPCL__2jwy,soppe_legacy,2jwy,2jwy,A,503d13cd2372f9f0757c9099d2b59f16956a95d1f8c66cfb090af3613507c842,168,JHG30_62c299682085,weak_train,-1,included_in_development_residue_labels
SOPPCL__2jx0,soppe_legacy,2jx0,2jx0,A,48510dbc424b7bc854b053c2e10e12009df8b67212e18cce28fdea2938d14a45,131,JHG30_eebf69f4ab6b,weak_train,-1,included_in_development_residue_labels
SOPPCL__2jx3,soppe_legacy,2jx3,2jx3,A,609eba38f323e2e86dce342620d42b086afdded674625f101eb5a6c81a9e7b27,110,JHG30_49f0b0404b63,weak_validation,-1,included_in_development_residue_labels
SOPPCL__2jx5,soppe_legacy,2jx5,2jx5,A,63526d06d469e48881b34b4b23a8a70520272174206cedd60ac65312470ba2b8,69,JHG30_23ba8634c745,weak_train,-1,included_in_development_residue_labels
SOPPCL__2jx9,soppe_legacy,2jx9,2jx9,A,f3ff35056abc01e7897c0592246a57020be4ffe7e62aa7cd721035ab61a2281b,106,JHG30_aa7a66f31e15,weak_train,-1,included_in_development_residue_labels
SOPPCL__2jxb,soppe_legacy,2jxb,2jxb,A,3cc62730f3b61149a912eaf4f4b86d2a010e9e5f17e9aa1f5d570f60a1b20c76,86,JHG30_32e87a93c89d,weak_train,-1,included_in_development_residue_labels
SOPPCL__2jxc,soppe_legacy,2jxc,2jxc,A,f183bdbbfefd2bad3a1272e8003d2601870b21e4ac1e91495dbb064013b7bd56,95,JHG30_abd07ff957e9,weak_train,-1,included_in_development_residue_labels
SOPPCL__2jxp,soppe_legacy,2jxp,2jxp,A,63538526378d6698158319f7eff2a172818ce44289c445af9f9d46a3ac624293,155,JHG30_9b3f2554eb8e,weak_train,-1,included_in_development_residue_labels
SOPPCL__2jxu,soppe_legacy,2jxu,2jxu,A,9b4e0b91f97e33089c57ad84522a0675ddef99b8b4d90f6ff05ba3da4c214e0f,153,JHG30_de9796c93e38,weak_train,-1,included_in_development_residue_labels
SOPPCL__2jxx,soppe_legacy,2jxx,2jxx,A,0145e514af9a8915058f294f72fdc4f04d7a19459a71d69daed099861c24d422,78,JHG30_b76a6237eeca,weak_train,-1,included_in_development_residue_labels
SOPPCL__2jy9,soppe_legacy,2jy9,2jy9,A,39aa1a61a6460f47168f089bffdcec5c18abb666d3966526c23f9ea958a7d004,148,JHG30_9c8b3ce3b910,weak_train,-1,included_in_development_residue_labels
SOPPCL__2jye,soppe_legacy,2jye,2jye,A,1ab967feae07a28ff4d04fd871eafa18c01b65f81b57c34f932f72980061f36c,72,JHG30_f464af3d2c60,weak_train,-1,included_in_development_residue_labels
SOPPCL__2jyn,soppe_legacy,2jyn,2jyn,A,745f69108fc6c24952b80ca4bd94410a43f8e4ca99342a97b8f56aab9438cad7,146,JHG30_341c8cc0a0fd,weak_train,-1,included_in_development_residue_labels
SOPPCL__2jys,soppe_legacy,2jys,2jys,A,262a65afa167e0249dc553ec868917923f4d29af425f5ba60164d35b888fe28d,91,JHG30_4286a2841130,weak_train,-1,included_in_development_residue_labels
SOPPCL__2jz1,soppe_legacy,2jz1,2jz1,A,e475d0efac263fb8c4eab801feaa075409e66a711cc135abe406d32399e5f2f1,80,JHG30_9e330e7fff42,weak_train,-1,included_in_development_residue_labels
SOPPCL__2jz4,soppe_legacy,2jz4,2jz4,A,6fbd6d53b66512793c8654886d88711e501a7e1cf0cf02fe98638152c70585d2,299,JHG30_722f5a0c338b,weak_train,-1,included_in_development_residue_labels
SOPPCL__2jz6,soppe_legacy,2jz6,2jz6,A,fff140814fe0a6af6b5aaf5bc36ade1839df5aa81bf2e519c76316aa11d27f75,77,JHG30_de5c25f1b158,weak_train,-1,included_in_development_residue_labels
SOPPCL__2jz7,soppe_legacy,2jz7,2jz7,A,aa87e200aa2429654bcc7cfe13d4e02a5ff10fd7a4feabacb8b06989039d851c,81,JHG30_257e2336f0f7,weak_train,-1,included_in_development_residue_labels
SOPPCL__2jz8,soppe_legacy,2jz8,2jz8,A,77553686f31045e0a44b2f5cbd70c73667a3da8d40eecc26eb130e80254651bb,87,JHG30_ce73d171e18d,weak_train,-1,included_in_development_residue_labels
SOPPCL__2jza,soppe_legacy,2jza,2jza,A,d84a80a5f164d86b5cd3d22558acc9479b3e9328d92495b6aff03b0b00f797ba,130,JHG30_c811ad29b70a,weak_train,-1,included_in_development_residue_labels
SOPPCL__2jzc,soppe_legacy,2jzc,2jzc,A,5526581039a73b39346f2676bd06c4bb5b10f1f8770867e8f76ab8feaac32d4b,201,JHG30_6cea9f13e197,weak_train,-1,included_in_development_residue_labels
SOPPCL__2jzr,soppe_legacy,2jzr,2jzr,A,1eb448ddf1046ad4a113b62fad0cfc804b7470dc0e53d8b9ee110a042cef1eab,144,JHG30_bc6d6b56fce7,weak_validation,-1,included_in_development_residue_labels
SOPPCL__2jzv,soppe_legacy,2jzv,2jzv,A,f6030f1d278ab10df4343ec30d0b170e146eb27b8cb680ffdbe3dfa2ba79ba6c,111,JHG30_5dd9604335f3,quarantine_metadata_only,-1,excluded_quarantine_metadata_only
SOPPCL__2jzx,soppe_legacy,2jzx,2jzx,A,b01d7e041b592ea0ae58458e3d67127826eba070e1e2558b80cfc848d7230025,160,JHG30_25fbc55d9c17,weak_train,-1,included_in_development_residue_labels
SOPPCL__2k02,soppe_legacy,2k02,2k02,A,1dfa76398bc91b33ade6e1b221a3f47a08324fa1b647dcae21ddcb3232d443a8,79,JHG30_77040abf1465,weak_validation,-1,included_in_development_residue_labels
SOPPCL__2k07,soppe_legacy,2k07,2k07,A,2fea67dd5eadaface271653f1faadf56aadfeee87bf6c4101dbb6734d0dc43e7,175,JHG30_1a90e5930b32,weak_train,-1,included_in_development_residue_labels
SOPPCL__2k0a,soppe_legacy,2k0a,2k0a,A,f39c950181f1e6d005a5d0e9044b30faaebf79dca80dfa654cb6241e40908125,109,JHG30_b5449b082272,weak_train,-1,included_in_development_residue_labels
SOPPCL__2k0d,soppe_legacy,2k0d,2k0d,X,88244cce684b0f1d4ea0ec45c0e2e5c720e1c7e84b434baed4b4177ef6a8db32,93,JHG30_ed195d8c3f36,weak_train,-1,included_in_development_residue_labels
SOPPCL__2k0l,soppe_legacy,2k0l,2k0l,A,3eee76c33ac8dc51f162d849a8452c512d0c8496593466ba442594131c7dd175,210,JHG30_85957ed73635,weak_validation,-1,included_in_development_residue_labels
SOPPCL__2k0m,soppe_legacy,2k0m,2k0m,A,2149434bc2dfccc6a582e628ef3ef99ed21812c92e7c5e55afb75e0f505030a4,104,JHG30_d3996a046b1f,weak_train,-1,included_in_development_residue_labels
SOPPCL__2k0r,soppe_legacy,2k0r,2k0r,A,e0df418c4e1d8531ecdeb7c90e6a18e5f9b83214ab8137eb30822d40b903f4dc,128,JHG30_88e57a527f8d,weak_train,-1,included_in_development_residue_labels
SOPPCL__2k13,soppe_legacy,2k13,2k13,X,b6e6049d1e73e47c3e0319868674c75a88f3b9cd39073d81e6437397f186871f,103,JHG30_73c3736dc24f,weak_train,-1,included_in_development_residue_labels
SOPPCL__2k18,soppe_legacy,2k18,2k18,A,b7bf85407ce88286ac060f0e3e457a2b285ae9df35b68ffbeb2e43d156f4320e,228,JHG30_784fbff2a938,weak_train,-1,included_in_development_residue_labels
SOPPCL__2k19,soppe_legacy,2k19,2k19,A,66e4eb6b11aa820961438bbd713fb40c76752869426305241e5b01eb1407fedf,98,JHG30_d9963ee4506a,weak_train,-1,included_in_development_residue_labels
SOPPCL__2k1g,soppe_legacy,2k1g,2k1g,A,837641d6cb422dc4aef5dd7f8beff645d571c46e8745c67f9f38c5363e53141d,129,JHG30_78560fa6f4cb,weak_train,-1,included_in_development_residue_labels
SOPPCL__2k1m,soppe_legacy,2k1m,2k1m,A,1bb58f541598e303c079f0326f289c5561cd075322075c290cbf75a8cc48dee6,95,JHG30_1c0e6c202ada,weak_train,-1,included_in_development_residue_labels
SOPPCL__2k1o,soppe_legacy,2k1o,2k1o,A,0c713b3f6c1cce0ae0f82dbf354e5e464b95dbe3fecf0a9442083cd472221a8c,54,JHG30_19b385d8a560,weak_train,-1,included_in_development_residue_labels
SOPPCL__2k21,soppe_legacy,2k21,2k21,A,9030d4df722ec87af6cab5a0824cae454c95a7868dc213c0784db1519eaf6263,129,JHG30_2e227b8285a0,weak_train,-1,included_in_development_residue_labels
SOPPCL__2k27,soppe_legacy,2k27,2k27,A,c4e961baf5535b7b52197ab22df717700693e551dc5bbefe2c1f3b132c235b11,159,JHG30_940e112f3480,weak_train,-1,included_in_development_residue_labels
SOPPCL__2k29,soppe_legacy,2k29,2k29,A,c8ee1bd09f8e895964b351dd30982c7628220ad05f8a10f2b758e2ad31af5dd1,50,JHG30_d02eb872700a,weak_train,-1,included_in_development_residue_labels
SOPPCL__2k2b,soppe_legacy,2k2b,2k2b,A,ffd58096432335b1dba6dbcc4d2a7b9495aff0841be21d110a759ce306bcc260,111,JHG30_aba6d690d971,weak_train,-1,included_in_development_residue_labels
SOPPCL__2k2d,soppe_legacy,2k2d,2k2d,A,c07fd598591c261fcc804e3aeeece2416bb8c2ac8b567d512378238bf8dfb9be,47,JHG30_cb4eefd699c3,weak_train,-1,included_in_development_residue_labels
SOPPCL__2k2e,soppe_legacy,2k2e,2k2e,A,ae688b1ff5c8aeac4b21b3bcd1ad8e4744457a4d49613b70dc8675f532e669c1,158,JHG30_d43c4fb11b1d,weak_train,-1,included_in_development_residue_labels
SOPPCL__2k2o,soppe_legacy,2k2o,2k2o,A,3dac3af49e3a56e3ecbe49f91b895709689e745313be364cd78d376b6ff4007c,123,JHG30_8b30b81c5353,weak_train,-1,included_in_development_residue_labels
SOPPCL__2k2q,soppe_legacy,2k2q,2k2q,A,a2fc3802878d2d49e85f2ec2d7945c7030382a437c48761208f350d730c940e9,82,JHG30_b87ca367e600,weak_train,-1,included_in_development_residue_labels
SOPPCL__2k2r,soppe_legacy,2k2r,2k2r,A,bb4639207f66d2a1630f8fd29850c0f3bc7dcf08e71bfc368b2baf1c30b0fc86,129,JHG30_8aee5e3b3994,weak_train,-1,included_in_development_residue_labels
SOPPCL__2k2v,soppe_legacy,2k2v,2k2v,A,d57b98e33ca81873c68bd1ef02e1ae9568550304e2e06adf8a9bddc4bbd6177d,126,JHG30_a71f2e85df07,weak_train,-1,included_in_development_residue_labels
SOPPCL__2k2w,soppe_legacy,2k2w,2k2w,A,3b8967b97a48983665612a77dbea01c4ef81ece32fa8e284df84e26b8afda329,111,JHG30_cd863d237680,weak_train,-1,included_in_development_residue_labels
SOPPCL__2k31,soppe_legacy,2k31,2k31,A,790b418aff60444e0ea9331d4aeec42da9e66c8213d10e1b113adb493c3f50e9,149,JHG30_9535870ef2df,weak_train,-1,included_in_development_residue_labels
SOPPCL__2k32,soppe_legacy,2k32,2k32,A,3ab53c69f04732fb686b7feec13098fd174c45219698724fcd11d3984729ccd2,116,JHG30_cf697e4defb1,weak_train,-1,included_in_development_residue_labels
SOPPCL__2k36,soppe_legacy,2k36,2k36,A,4d1389d34414c55a7a7bd7594eaa9571eb67f83442ca4d87bbfd03d5664600df,149,JHG30_acb4f0852a80,weak_train,-1,included_in_development_residue_labels
SOPPCL__2k3a,soppe_legacy,2k3a,2k3a,A,185a36a4446924cb1b5e6ce83b2bfe7ed896f8e709ec85b4486ce0e35006d886,155,JHG30_69c32c26f424,weak_train,-1,included_in_development_residue_labels
SOPPCL__2k3d,soppe_legacy,2k3d,2k3d,A,f9a9954c1cf5f0911a8efff24dc750bf98f0e9134e741234e51c48d001881a14,87,JHG30_b9543506e91e,weak_train,-1,included_in_development_residue_labels
SOPPCL__2k3g,soppe_legacy,2k3g,2k3g,A,a2f7d8e7309306e546ac922bda5e5e12a9e0fa3106cfa06ff1747304c9478e6e,102,JHG30_814e38d02b06,weak_train,-1,included_in_development_residue_labels
SOPPCL__2k3i,soppe_legacy,2k3i,2k3i,A,2ad8fdc2d75ab984e1c31c38e56602443f73a296726f8de9f4a489f93b75a265,109,JHG30_93997c140c1f,weak_train,-1,included_in_development_residue_labels
SOPPCL__2k3j,soppe_legacy,2k3j,2k3j,A,c935eafea2b56931e687431614ccbbfca31a6c65b34e97d9a22e84c3725ea551,65,JHG30_09c3e7c73956,weak_train,-1,included_in_development_residue_labels
SOPPCL__2k3k,soppe_legacy,2k3k,2k3k,A,604e235a3ff652fd2314b559c045edfac6727c49145af874b294195db8f8cea5,104,JHG30_4f5159a3f439,weak_validation,-1,included_in_development_residue_labels
SOPPCL__2k3m,soppe_legacy,2k3m,2k3m,A,bdc14308866867644a8f3bd418dc14d1761b6cfeb4ef9956d0cec8de3dda4e85,127,JHG30_dca40385ba29,weak_validation,-1,included_in_development_residue_labels
SOPPCL__2k3p,soppe_legacy,2k3p,2k3p,A,b485d089ca385786b08a12ac9cecadee9eb3a4d9300ce8e9da49cc07a3cba8d3,161,JHG30_9e15109c318c,weak_validation,-1,included_in_development_residue_labels
SOPPCL__2k3r,soppe_legacy,2k3r,2k3r,A,1af85cb59fdb770bf83f544d894785260a7493d40d14d4c938b8f1b55fa6b963,91,JHG30_ae3df60684a8,weak_train,-1,included_in_development_residue_labels
SOPPCL__2k3v,soppe_legacy,2k3v,2k3v,A,e396881e928432e52573d32e0202a9adada588fbc4d9cf13d595121d0231ff4c,86,JHG30_73cb26d242af,weak_train,-1,included_in_development_residue_labels
SOPPCL__2k46,soppe_legacy,2k46,2k46,A,802d1c80d08cdfc5661f42f2ffa01d8057fdf1bf5d2ec853e55a81b0f8d566a6,190,JHG30_519a87f8b598,weak_train,-1,included_in_development_residue_labels
SOPPCL__2k47,soppe_legacy,2k47,2k47,A,e4cc4b33a09f5cc7d89ecbc3e04c649bd6874657fc56b76f679a3281ab53508f,73,JHG30_e0b262153f3b,weak_train,-1,included_in_development_residue_labels
SOPPCL__2k4b,soppe_legacy,2k4b,2k4b,A,57be5e0b43721ed7a6fcdd42b7c538cd8d930dee02bb5aa5c2967a7632db3420,69,JHG30_159b12778823,weak_train,-1,included_in_development_residue_labels
SOPPCL__2k4m,soppe_legacy,2k4m,2k4m,A,9a3cf17ce8058b382bd47e1d438cb385a9779954473ca4050a603bdb9f63334d,153,JHG30_220190216549,weak_train,-1,included_in_development_residue_labels
SOPPCL__2k4n,soppe_legacy,2k4n,2k4n,A,68519bc93cc2ce5b155b1badc6e524448982c0b2d71c175e300fc0970c0accc8,111,JHG30_1970d92725da,weak_train,-1,included_in_development_residue_labels
SOPPCL__2k4p,soppe_legacy,2k4p,2k4p,A,e061f473b39a1b977d9914364fa025c4c4d4a3c1b9c7023b4ca3ec25fece7437,65,JHG30_15a8da4e6ace,weak_train,-1,included_in_development_residue_labels
SOPPCL__2k4q,soppe_legacy,2k4q,2k4q,A,2c50c766cd088feb09862d58e292864c7410afd3e0a955a3941e469995646ee7,156,JHG30_ccc6e76b830c,weak_train,-1,included_in_development_residue_labels
SOPPCL__2k4r,soppe_legacy,2k4r,2k4r,A,c083beb2065209a0c22001a6eba707ea9ee7dec3d92a75e03fd1aabcf3e8c259,77,JHG30_d946587f6212,weak_validation,-1,included_in_development_residue_labels
SOPPCL__2k4t,soppe_legacy,2k4t,2k4t,A,14d97cabc5f22759f4907895a17acccfeca9ffa467e71044e89f7698cf98973c,285,JHG30_12518e11dbc4,weak_train,-1,included_in_development_residue_labels
SOPPCL__2k4v,soppe_legacy,2k4v,2k4v,A,d0248f416229457965df75a64b68a9b161e712b60ddf2fdcc6371a3f9e38da2e,125,JHG30_408d7aec1adb,weak_train,-1,included_in_development_residue_labels
SOPPCL__2k4z,soppe_legacy,2k4z,2k4z,A,c8ebaa20fe2ff134a97a33ea98c090af1cce7876aa47c2c46bfe288a76791401,125,JHG30_5003d68abbe0,weak_train,-1,included_in_development_residue_labels
SOPPCL__2k50,soppe_legacy,2k50,2k50,A,38faf3a501d3a348761c9d69ecb9a89311b64f2d6d2c19285bebb034be0450a5,110,JHG30_91be2c57cf26,weak_train,-1,included_in_development_residue_labels
SOPPCL__2k54,soppe_legacy,2k54,2k54,A,5091365ac7547cc47a620f709eaa71659b0089604bd3b1f38dccc56484344a3e,123,JHG30_bfd919448a42,weak_train,-1,included_in_development_residue_labels
SOPPCL__2k5d,soppe_legacy,2k5d,2k5d,A,a9e6051978365bfe13f8a952a876318e0065d4031f5a32d457af40377ede3e5a,110,JHG30_e8ce3d85c04a,weak_train,-1,included_in_development_residue_labels
SOPPCL__2k5e,soppe_legacy,2k5e,2k5e,A,6812017fd71e542712be1499c97ff8ea7092be0ac13fe169458812a8adb187b4,73,JHG30_efdd774b0d23,weak_train,-1,included_in_development_residue_labels
SOPPCL__2k5f,soppe_legacy,2k5f,2k5f,A,7de61dd2472bccd220c41d7399883401ba956c0d387a9d58fdba6b9050592017,105,JHG30_221aab6f3fd3,weak_train,-1,included_in_development_residue_labels
SOPPCL__2k5h,soppe_legacy,2k5h,2k5h,A,48074c530a91d0a8ec77458bef1ca44659f426a0de3a826023cd4bff51fa2691,101,JHG30_938f57903485,weak_train,-1,included_in_development_residue_labels
SOPPCL__2k5i,soppe_legacy,2k5i,2k5i,A,baf63db0cb796f4c7d55ae4ebe54b17acb43215c392cb1d306757757475393a0,162,JHG30_7b37f80c137f,weak_train,-1,included_in_development_residue_labels
SOPPCL__2k5j,soppe_legacy,2k5j,2k5j,A,fcf142d3d1905bb3a13bb4f24305f6f57c14799748f37c798616b25d421888bb,80,JHG30_433334e6a7a8,weak_train,-1,included_in_development_residue_labels
SOPPCL__2k5k,soppe_legacy,2k5k,2k5k,A,0bf4bb9cdeae1374be8fefb37e1d351043d291d2d0a7602711514be2255c8b08,62,JHG30_d04cb716ce5c,weak_train,-1,included_in_development_residue_labels
SOPPCL__2k5n,soppe_legacy,2k5n,2k5n,A,6f8f72f00f0ee9162e7a48dbb5b9699ec9f3c126ddfa38d09e702e42fd57ff56,74,JHG30_d41a9a86a676,weak_train,-1,included_in_development_residue_labels
SOPPCL__2k5r,soppe_legacy,2k5r,2k5r,A,8991444c9c85dfac00fb748a0a8e8ffa9d7df249ca4170bbc8372f578a4d6e33,97,JHG30_fe8f3410383c,weak_train,-1,included_in_development_residue_labels
SOPPCL__2k5s,soppe_legacy,2k5s,2k5s,A,4d9dd1285a853d05888bc4020705a3e616ed1b6265dec8122bd5227937942255,73,JHG30_2ea5b1ec410e,weak_train,-1,included_in_development_residue_labels
SOPPCL__2k5t,soppe_legacy,2k5t,2k5t,A,a0d1464b99da62ec9dd68c3c8e49ac8423d116ed952620b25604b0f3d77b1303,128,JHG30_21e605956eab,weak_train,-1,included_in_development_residue_labels
SOPPCL__2k5v,soppe_legacy,2k5v,2k5v,A,b1f84632e35c802741b5467668f8cdd19f83971a5c1712ae5785b442454a823c,98,JHG30_dd7ba7dbedea,weak_train,-1,included_in_development_residue_labels
SOPPCL__2k5w,soppe_legacy,2k5w,2k5w,A,ddb97e3540885f8c6579c6fec2847357436d7b94dab588ad0f73204348d214f6,111,JHG30_8a68c154095e,weak_train,-1,included_in_development_residue_labels
SOPPCL__2k60,soppe_legacy,2k60,2k60,A,f55c428672af206a2848fd0e3d8d2a2ca464bc6d0d42c002947e148e1d0acf9f,150,JHG30_584a28e5c1bc,weak_train,-1,included_in_development_residue_labels
SOPPCL__2k6h,soppe_legacy,2k6h,2k6h,A,2bfbffcfb5849455070cae66d353c871fe5e6c6f515245a04f36b1f357f161c8,248,JHG30_58fc96d6dadc,weak_train,-1,included_in_development_residue_labels
SOPPCL__2k6i,soppe_legacy,2k6i,2k6i,A,a4dfaf53d16e45f685dcc93607f0c74ae581bdf01738f12743c65ed290590545,47,JHG30_e5bcbe5c6129,weak_train,-1,included_in_development_residue_labels
SOPPCL__2k6p,soppe_legacy,2k6p,2k6p,A,b84df37539f2c36dbaae90f6d3025a2bd5dc37425ef2a83b30373c7a6c1d5076,84,JHG30_a2ccb2c9f346,weak_train,-1,included_in_development_residue_labels
SOPPCL__2k6v,soppe_legacy,2k6v,2k6v,A,127729e1866b6ee5517675ee39c75cb6d28587b450af049af33c619ce501ba6e,172,JHG30_04146ce90aa7,weak_validation,-1,included_in_development_residue_labels
SOPPCL__2k73,soppe_legacy,2k73,2k73,A,28306de7cb2d4c631c9aecb86806ce0b1b312072f39ee8be84ff08bdccdbcf6f,183,JHG30_086b1570e0cb,weak_train,-1,included_in_development_residue_labels
SOPPCL__2k75,soppe_legacy,2k75,2k75,A,d9aa703764409af0f1b05520aaea2717cbd05f1356824d9cecf4c93ae0b2aec0,106,JHG30_ed7d13b8bd01,weak_train,-1,included_in_development_residue_labels
SOPPCL__2k77,soppe_legacy,2k77,2k77,A,c2812648209169390764279ae8ce774c9bebbd33384dfa68c34bb8f521182c89,145,JHG30_a66d08315e8b,quarantine_metadata_only,-1,excluded_quarantine_metadata_only
SOPPCL__2k78,soppe_legacy,2k78,2k78,A,f93414c81c24dfb85225af193127cf2e33c45d6a4a689401a9281501542f429a,126,JHG30_b061212e68bb,weak_train,-1,included_in_development_residue_labels
SOPPCL__2k7m,soppe_legacy,2k7m,2k7m,A,16261bf0ac2787628cb52c8d3b277bc01e7a31740c8a41d475196bb52089c7d6,109,JHG30_1077885ed866,weak_train,-1,included_in_development_residue_labels
SOPPCL__2k7n,soppe_legacy,2k7n,2k7n,A,644ee930a794803a18aa1f98829f0e6c07cb7b36a48bd52753bf86fbf78cc2eb,203,JHG30_40809874d2c0,weak_validation,-1,included_in_development_residue_labels
SOPPCL__2k7q,soppe_legacy,2k7q,2k7q,A,49c00114746518137cae1312b33142771deb5c01e3271352a88ba6f129fa1921,191,JHG30_78c728395d68,weak_train,-1,included_in_development_residue_labels
SOPPCL__2k7r,soppe_legacy,2k7r,2k7r,A,a2440fb8a6f33e83d035a31d60cbd51728a62997bebf94910d0b712a6f2ef5fb,106,JHG30_c12c55da48ad,weak_train,-1,included_in_development_residue_labels
SOPPCL__2k7z,soppe_legacy,2k7z,2k7z,A,4ae1ad3ff6afc63fa865be132a7669ccaf8ae6c64ffd6dc8ecd419c469af3b3f,229,JHG30_97aad82945b3,weak_train,-1,included_in_development_residue_labels
SOPPCL__2k85,soppe_legacy,2k85,2k85,A,721dd8ce933965e3426962770874edccd598be3241448ffaeff45f6bb291bf31,65,JHG30_cc393ac5a0f3,weak_train,-1,included_in_development_residue_labels
SOPPCL__2k87,soppe_legacy,2k87,2k87,A,18b9618a1b4afb7e2f11550b97d3f61e514867254105991a2ebf132c0bf9e7ea,116,JHG30_173d57572082,weak_train,-1,included_in_development_residue_labels
SOPPCL__2k88,soppe_legacy,2k88,2k88,A,e8ec0b3c2dc79f68402d9b4082f17f020655552ea0671c212a142feda8210f49,60,JHG30_6e7e27145327,weak_train,-1,included_in_development_residue_labels
SOPPCL__2k89,soppe_legacy,2k89,2k89,A,cdbf1365c00484b080350fff992c38685de841aad75c558774e54115720e493f,80,JHG30_3bdf209d3b9a,weak_train,-1,included_in_development_residue_labels
SOPPCL__2k8e,soppe_legacy,2k8e,2k8e,A,99eba98594c0529d0fa9836330e9252c4487b857405787203b48f60a4774ac44,116,JHG30_ab93e49c2763,weak_train,-1,included_in_development_residue_labels
SOPPCL__2k8p,soppe_legacy,2k8p,2k8p,A,579fe2292a7c74544a278ed9b472abeaead409b9a28b47ad290390c284358cfb,189,JHG30_12bcd483fb6f,weak_train,-1,included_in_development_residue_labels
SOPPCL__2k8q,soppe_legacy,2k8q,2k8q,A,a54e173191895f52bead2510efb9d7366a5fd71cb0e5302331ce1697bcecda62,134,JHG30_94209546221c,weak_train,-1,included_in_development_residue_labels
SOPPCL__2k8v,soppe_legacy,2k8v,2k8v,A,3494a8818d419042e365ea26465207885dd7560b325655c4c4dfd12e4e443a75,157,JHG30_c5426afdaba3,weak_train,-1,included_in_development_residue_labels
SOPPCL__2k8y,soppe_legacy,2k8y,2k8y,A,978a9b0e562e8a6741f2ffea948e8f7a8e7e3ea1996ba47007c179378e0b967b,150,JHG30_4018a7fb2bc9,weak_train,-1,included_in_development_residue_labels
SOPPCL__2k9a,soppe_legacy,2k9a,2k9a,A,f65337f1ed8c032ed850197e0d85f87e28155355e00810744b5cfbaf2cf28573,136,JHG30_a3eccc4f8727,weak_train,-1,included_in_development_residue_labels
SOPPCL__2k9d,soppe_legacy,2k9d,2k9d,A,1ab8d69153640ee25d7a413bfa3f4fa0823854349fcf355dddf26c68cb004cc5,44,JHG30_402ce9a05940,weak_validation,-1,included_in_development_residue_labels
SOPPCL__2k9m,soppe_legacy,2k9m,2k9m,A,5f1403a207e24eee67552d06839d8f68bf4ca5cdc000293d29c65e27b12c52bf,130,JHG30_35d6deb4be45,weak_train,-1,included_in_development_residue_labels
SOPPCL__2k9p,soppe_legacy,2k9p,2k9p,A,993423fdd42a6f8ee53307ddd4f8155c2d55b76aaf32ba8d937e7db412a5c913,80,JHG30_0d7d38c789af,weak_train,-1,included_in_development_residue_labels
SOPPCL__2ka3,soppe_legacy,2ka3,2ka3,A,6ed9e2390c0d0ed37b241d5b86a55fe29627c78c0e732a9913b143c4284277e3,131,JHG30_8ce31546c33c,weak_train,-1,included_in_development_residue_labels
SOPPCL__2ka4,soppe_legacy,2ka4,2ka4,A,8da767615af6ac994fbf94f9c9a3875e7716f15bfe79da919b084f8c59ae3125,100,JHG30_9a772ed4d4bf,weak_train,-1,included_in_development_residue_labels
SOPPCL__2ka5,soppe_legacy,2ka5,2ka5,A,f4674d40cdeeb0584cc47fee49ca45a07b45ccf15f8104b2fbd0910e509a8948,125,JHG30_1770728efffa,weak_validation,-1,included_in_development_residue_labels
SOPPCL__2ka6,soppe_legacy,2ka6,2ka6,A,c041a402f8bbc6464c1c87770ac0a6aaae8bdab8347edab190fd3c9add92e44c,92,JHG30_23b9487a3ee5,weak_train,-1,included_in_development_residue_labels
SOPPCL__2kan,soppe_legacy,2kan,2kan,A,ecd357be51b0f79eecda79a4bc287bad75ec35b6efa603b93a2fe8e233ae0272,94,JHG30_230f12548cc4,weak_train,-1,included_in_development_residue_labels
SOPPCL__2kat,soppe_legacy,2kat,2kat,A,ea639b5ae800b9e6aa102e78000554fa24445bc74a48514fae5d0dafe031893d,115,JHG30_9185f1bbe21a,weak_train,-1,included_in_development_residue_labels
SOPPCL__2kb2,soppe_legacy,2kb2,2kb2,A,71f9560aa8259d1e14ede6c7adf77e91ad3847aada4543a5c5e3b2112d241fa9,148,JHG30_935d5fddb2d6,weak_train,-1,included_in_development_residue_labels
SOPPCL__2kb5,soppe_legacy,2kb5,2kb5,A,d1fa448d0a5bfd080a03bbf6de0c332f526ce0f186bd415f60215b22ae4f9ee5,133,JHG30_ead4e1e13649,weak_validation,-1,included_in_development_residue_labels
SOPPCL__2kbb,soppe_legacy,2kbb,2kbb,A,859606c959de77b029ac875d4e7ca4f611bde660af4d3472c956527bb9af71f0,174,JHG30_5b7b5aaa9206,weak_validation,-1,included_in_development_residue_labels
SOPPCL__2kbe,soppe_legacy,2kbe,2kbe,A,a7c3927e07686e4ba3f6dfae2e05abd269675a45ddc8502b7e7e23f226ed6e3f,226,JHG30_fb05cc2ebad9,weak_train,-1,included_in_development_residue_labels
SOPPCL__2kbg,soppe_legacy,2kbg,2kbg,A,a549567532f7d325cc5d19308eb948b83a5ea0bdec81ecee7adef4fbf04f78fc,102,JHG30_0807c7bc013b,weak_train,-1,included_in_development_residue_labels
SOPPCL__2kbn,soppe_legacy,2kbn,2kbn,A,f58e6984c997ace58f4adb3c312396b0e72f972b9d1fb88cb8e04a75ae120e69,109,JHG30_149cc088622f,weak_train,-1,included_in_development_residue_labels
SOPPCL__2kbq,soppe_legacy,2kbq,2kbq,A,6526595cdb56e4038b78c995e40964e2039a219863a2b1fdea5869f46c1d8aa2,80,JHG30_ad16a5d07ced,weak_validation,-1,included_in_development_residue_labels
SOPPCL__2kbw,soppe_legacy,2kbw,2kbw,A,6f40b13413a6cdfadbdebe1f8517e0f3466284389bd107c2a61755f84e947d5a,160,JHG30_2fbb9ea4fb25,weak_train,-1,included_in_development_residue_labels
SOPPCL__2kc5,soppe_legacy,2kc5,2kc5,A,8e0c963bbac4ae3926ce6ff36b391e05e12509a7f8b9fcde2245634d523ea570,162,JHG30_06614fab6a7c,weak_train,-1,included_in_development_residue_labels
SOPPCL__2kc8,soppe_legacy,2kc8,2kc8,A,94ff12c9f5cad9b12df4c39d95af228a15a42adfe21a61640c7f4cf57e76ea93,95,JHG30_c82468233006,weak_train,-1,included_in_development_residue_labels
SOPPCL__2kca,soppe_legacy,2kca,2kca,A,7bfe997202e7919e41c6a07e46809e2175e3129bd1f1cd30023f5c7f46a53a94,109,JHG30_771ba7022f4a,weak_train,-1,included_in_development_residue_labels
SOPPCL__2kcj,soppe_legacy,2kcj,2kcj,A,ba2450cab560a2058786cd81d53475f5f6b718a647517c74ef42c5108572907d,108,JHG30_ae9abd3e85cb,weak_train,-1,included_in_development_residue_labels
SOPPCL__2kck,soppe_legacy,2kck,2kck,A,9c76192531922effa10e8ef2dde19df1de17faabd4d37db24d9d5483c6d15bda,112,JHG30_f341a5c35e7f,weak_train,-1,included_in_development_residue_labels
SOPPCL__2kcm,soppe_legacy,2kcm,2kcm,A,e064573a0ee6275c4605d2e6afa6c5571fca4bf1f48be30e0eac485444110104,74,JHG30_d41a9a86a676,weak_train,-1,included_in_development_residue_labels
SOPPCL__2kco,soppe_legacy,2kco,2kco,A,044327ff2742b81dcacfc1899628b9c776fae9000b901f074a7e0967c5b3d227,133,JHG30_2c264ba02d33,weak_train,-1,included_in_development_residue_labels
SOPPCL__2kcq,soppe_legacy,2kcq,2kcq,A,73690a779c2d171c8c9bd65518ccc0fb49421110b813a6ec5bcad2a41306561d,153,JHG30_9fd02e7fb4cb,weak_train,-1,included_in_development_residue_labels
SOPPCL__2kct,soppe_legacy,2kct,2kct,A,f1452cbd87dc4df549e7d065128e074634ea12b0dd41fa98efb44aec58cdccef,88,JHG30_2ceb1f620a32,weak_train,-1,included_in_development_residue_labels
SOPPCL__2kcu,soppe_legacy,2kcu,2kcu,A,b881255a23b77c24cb088281ce941c5926d4454c9ed624e53ffce5f03499921f,166,JHG30_8d3ce7895b80,weak_train,-1,included_in_development_residue_labels
SOPPCL__2kcw,soppe_legacy,2kcw,2kcw,A,eb8b69eb39a5df463c98ad47172be8f0cd176fad75ec59545c2b59f56b179114,147,JHG30_851da7ae8406,weak_train,-1,included_in_development_residue_labels
SOPPCL__2kcx,soppe_legacy,2kcx,2kcx,A,37fc01e551f54a616f654b449e891003e32cab30ac18af95104e15b8d1b396bf,74,JHG30_b125f93dec29,weak_train,-1,included_in_development_residue_labels
SOPPCL__2kcz,soppe_legacy,2kcz,2kcz,A,3fc5fd61f61a286c6a265bb81f54916a84d1d8f47118f196b9ecbbfa6dac23e8,155,JHG30_c6b2adade08f,weak_validation,-1,included_in_development_residue_labels
SOPPCL__2kd1,soppe_legacy,2kd1,2kd1,A,ff5695d23c62bac9243965716917bb0c6b472e109a1fb6be5d45abe54c1302df,118,JHG30_f73d66876225,weak_train,-1,included_in_development_residue_labels
SOPPCL__2kd2,soppe_legacy,2kd2,2kd2,A,6bcab87f978c463d655bc15f84c77a96e9146cf1524a7bef80648855ec640f4f,94,JHG30_c93b24304502,weak_train,-1,included_in_development_residue_labels
SOPPCL__2kd7,soppe_legacy,2kd7,2kd7,A,6b5f0eaf96efba1d623877c0288e32beab225d23c993537fdbcf824f5e18876b,159,JHG30_748ae9759288,weak_validation,-1,included_in_development_residue_labels
SOPPCL__2kdb,soppe_legacy,2kdb,2kdb,A,18617b16a53b31ee4c5724e8bbc70304de28e91e7a5b65b47adbc78826ef2d18,77,JHG30_b6e7b15aa831,weak_train,-1,included_in_development_residue_labels
SOPPCL__2kdg,soppe_legacy,2kdg,2kdg,A,e8f7b293806039e6c8edb3573f358b35f7a749f73bdbb6b3f9b3673edded6165,100,JHG30_55585ba0b222,weak_train,-1,included_in_development_residue_labels
SOPPCL__2kdk,soppe_legacy,2kdk,2kdk,A,9d865e9292a09b6e5724135df740ba7a8157050254ced2d25a28bef1f1976656,118,JHG30_1befc5e8d65f,weak_train,-1,included_in_development_residue_labels
SOPPCL__2kdo,soppe_legacy,2kdo,2kdo,A,ba84bc4de75ca3280c90f57ab40b629fa3fdd032b2e869a0f4b0e31e11b5d530,252,JHG30_aff528d41151,weak_train,-1,included_in_development_residue_labels
SOPPCL__2kdp,soppe_legacy,2kdp,2kdp,A,78a1b424440d0de72ef5c379ab6bc0db6deb0e34588afc02310b20966a02f037,71,JHG30_d89905515dfe,weak_train,-1,included_in_development_residue_labels
SOPPCL__2kdx,soppe_legacy,2kdx,2kdx,A,02beff7ae4017d39948a30f8eb2c8b72f236fd19d7b9283cc0a8840b9ae8fe94,119,JHG30_20ae7545092a,weak_train,-1,included_in_development_residue_labels
SOPPCL__2kdy,soppe_legacy,2kdy,2kdy,A,c7dd145593fe7bb128f9cbe5291db0749fcefb3225e4ff3723d293d06167b759,261,JHG30_210cb65c1b6c,weak_train,-1,included_in_development_residue_labels
SOPPCL__2keb,soppe_legacy,2keb,2keb,A,d65d36e6b8cc550c218dc3ca5b01a6e54da94a07fe404925afd3ddc191365ebf,78,JHG30_24f88384a352,weak_train,-1,included_in_development_residue_labels
SOPPCL__2keo,soppe_legacy,2keo,2keo,A,4c7e9dba5e6b48bda7d60b1b334975f26b7f17c0bf43a156f5b9f0490debb240,92,JHG30_aa5510d895f3,weak_train,-1,included_in_development_residue_labels
SOPPCL__2ker,soppe_legacy,2ker,2ker,A,c3698511be7ee817e8eaaea620e8dbe0177d79b21d9f872fc02e25c2beaddadd,78,JHG30_5b068707078a,weak_train,-1,included_in_development_residue_labels
SOPPCL__2kes,soppe_legacy,2kes,2kes,A,3c2cac6f12216b85a9b4f4bde21b96d774865d6a390642c513b8f72c22b10a32,48,JHG30_3f696215232e,weak_train,-1,included_in_development_residue_labels
SOPPCL__2kew,soppe_legacy,2kew,2kew,A,77d8522fcea3508c3fa08f405968e0026ef99cc13b2a138b860de69aa07110fe,152,JHG30_66b4a976a92b,weak_train,-1,included_in_development_residue_labels
SOPPCL__2key,soppe_legacy,2key,2key,A,6a319c818e96ecaac2b6bdcee73d91ea5ee0b3e7c73404df55358603df3d4284,112,JHG30_e8aac0740a6f,weak_train,-1,included_in_development_residue_labels
SOPPCL__2kf2,soppe_legacy,2kf2,2kf2,A,372ee9a96733a315a2c56dacced50044fbbd4cc7bd00a23391040899aca817fb,167,JHG30_882ca15d3958,weak_train,-1,included_in_development_residue_labels
SOPPCL__2kfb,soppe_legacy,2kfb,2kfb,A,a186395183fc5b19531c8f3d93561e4a310b12a9231c12295900b111ef3b30c0,174,JHG30_1d9f1bd6c685,weak_train,-1,included_in_development_residue_labels
SOPPCL__2kfj,soppe_legacy,2kfj,2kfj,A,0c85158bcb00001d90329f2aafb8001991b8d99c6817c5efa3ca58df2be7be77,86,JHG30_4f932502c272,weak_train,-1,included_in_development_residue_labels
SOPPCL__2kfs,soppe_legacy,2kfs,2kfs,A,7ace05124f251803aafc895e4736a107f0e4569afe45a60dc591fe3f28bde875,146,JHG30_08350862aaf0,weak_train,-1,included_in_development_residue_labels
SOPPCL__2kfw,soppe_legacy,2kfw,2kfw,A,e636a39e07339ff00110d018014809573c3cb13e80b927f7ac7a4c0bbf3d9d1a,196,JHG30_02c6799a5de4,weak_train,-1,included_in_development_residue_labels
SOPPCL__2kg4,soppe_legacy,2kg4,2kg4,A,bdb9d62f213ffe11e5664414f44e841a639382cb1b712a80babf6d562519ac84,165,JHG30_ed7db18f74ae,weak_train,-1,included_in_development_residue_labels
SOPPCL__2kg7,soppe_legacy,2kg7,2kg7,A,e0f762a8519a1f8b0b526bb24ffacbf953a8217dfd3006902ed4265df31ce4ed,97,JHG30_0b4d548bd182,weak_train,-1,included_in_development_residue_labels
SOPPCL__2kgf,soppe_legacy,2kgf,2kgf,A,642f5449d2ea6b1a63ae4b73b553180b641874281d479ffa2a5410487675a428,140,JHG30_6dd92e4f6fdf,weak_train,-1,included_in_development_residue_labels
SOPPCL__2kgj,soppe_legacy,2kgj,2kgj,A,eda38a48ea702d2065fa174644b39d2cd9c08b8c14a8dd5a720d9d9a35873c0c,102,JHG30_cc39c1136cab,weak_train,-1,included_in_development_residue_labels
SOPPCL__2kgl,soppe_legacy,2kgl,2kgl,A,50b307cc6e637810e04e23259b5158beb0423632181d43fd0ae5db72a7536c5a,195,JHG30_60a2f7c4d238,weak_validation,-1,included_in_development_residue_labels
SOPPCL__2kh2,soppe_legacy,2kh2,2kh2,A,8f79ab69ece5bea4106918e0828969947c9df9c0392e9c0be4a39d2c97a9af8d,153,JHG30_5cd0532b3201,weak_train,-1,included_in_development_residue_labels
SOPPCL__2kha,soppe_legacy,2kha,2kha,A,342a75adc53a7d89174d20022b20ead097be2414e473f15aabdeca17b47bb34a,113,JHG30_cf7297fc33dd,weak_train,-1,included_in_development_residue_labels
SOPPCL__2khh,soppe_legacy,2khh,2khh,A,cccfac1e68e8d0c9eea4e7d9c7adaf176562e1a9d4e3d6b7c3ab8adf8a8ee80c,57,JHG30_ccac7536b2bb,weak_train,-1,included_in_development_residue_labels
SOPPCL__2khn,soppe_legacy,2khn,2khn,A,93a07ed221bcacfcf827ae61950a41d83720fc4ac99cf8c2716b0712812d39aa,121,JHG30_b777c3ae896a,weak_train,-1,included_in_development_residue_labels
SOPPCL__2khq,soppe_legacy,2khq,2khq,A,ef466bb5359f7892c42c9c50df2d97a5200a2d8d2657890b991943bf117df9c0,110,JHG30_54dec2c1bf45,weak_train,-1,included_in_development_residue_labels
SOPPCL__2khv,soppe_legacy,2khv,2khv,A,564dc4dd7a08472cbcc8a5be4de0a8bb670700f1ea8a1ba018a7e95e49c41e06,106,JHG30_2624418c20c8,weak_train,-1,included_in_development_residue_labels
SOPPCL__2khx,soppe_legacy,2khx,2khx,A,1e22bc3951ee40f156b79876ed3f2f13dc8cd30398de04775be9e51bed5d9312,79,JHG30_c3a4a3ea6d46,weak_validation,-1,included_in_development_residue_labels
SOPPCL__2khz,soppe_legacy,2khz,2khz,A,b5a6e07b61d17a466fd7ace50856a90a4b6680c4fa976dba28b2a55aed06106e,163,JHG30_b09fb8023e5f,weak_train,-1,included_in_development_residue_labels
SOPPCL__2ki7,soppe_legacy,2ki7,2ki7,A,ebe71b08b8abd6eb4c1d85a58c3ac63551d938f3d3cf45d3dc5ed6978b93a491,111,JHG30_fa06e1c876fa,weak_train,-1,included_in_development_residue_labels
SOPPCL__2ki8,soppe_legacy,2ki8,2ki8,A,a6fa7ef7b08670fe021c02dd31614d92ad9ae8818bf0c4edbc3fcbf0755e5dc7,146,JHG30_35e2195cdb75,weak_validation,-1,included_in_development_residue_labels
SOPPCL__2kia,soppe_legacy,2kia,2kia,A,2e88b8620ba379dc7f40299c053128000a5cf9db7424c1472c3e4a6039f5b36d,129,JHG30_206e51b4c296,quarantine_metadata_only,-1,excluded_quarantine_metadata_only
SOPPCL__2kic,soppe_legacy,2kic,2kic,A,ba01ff8b593c8f92fcf33bc595e91929dda4c7c3cf29735a5fbd4ee3d868b0b0,96,JHG30_0a3dcb5e6dc4,weak_train,-1,included_in_development_residue_labels
SOPPCL__2kie,soppe_legacy,2kie,2kie,A,422f4833dac16145da7fdaa9a57b06b5b44d240b73d1e21c347614d99937886d,124,JHG30_f8526cfe0b6d,weak_train,-1,included_in_development_residue_labels
SOPPCL__2kif,soppe_legacy,2kif,2kif,A,5ae60ab1d21b2ae2fb98c7d1cef281f1e8a56e459f644bcbd33789a9e4581fef,102,JHG30_0441402f700c,weak_train,-1,included_in_development_residue_labels
SOPPCL__2kig,soppe_legacy,2kig,2kig,A,5005d3dff21373bda2c8ad1f08d2dd847e5e2e577332394f6cbbcfedfa3be903,161,JHG30_510bb77b225b,weak_train,-1,included_in_development_residue_labels
SOPPCL__2kii,soppe_legacy,2kii,2kii,A,adf8cbb8b39a8b082b61ee56fda0618564a417cead2a77456dca55c80b75edeb,181,JHG30_e9c36ece3d57,weak_train,-1,included_in_development_residue_labels
SOPPCL__2kij,soppe_legacy,2kij,2kij,A,9fa5ad2a1b05efabaafc3a122932d8d4d6391638637a45b6a432e9263be7240a,119,JHG30_029b9a93fac6,weak_train,-1,included_in_development_residue_labels
SOPPCL__2kiq,soppe_legacy,2kiq,2kiq,A,4463a3a3a6b7049d427d6cfa42079c20877dcf3db7429d681aa385b5a3d07d08,57,JHG30_02023e90387c,weak_train,-1,included_in_development_residue_labels
SOPPCL__2kiv,soppe_legacy,2kiv,2kiv,A,2db14b9f98ff9f7aa1255b95fd2f2a0d8f482e8c93d11e5fc66965fb8e5b192b,135,JHG30_944fd561439e,weak_train,-1,included_in_development_residue_labels
SOPPCL__2kiw,soppe_legacy,2kiw,2kiw,A,534b3551c537ea51634f37c1d1493bd7b6ebb23c02fe0e8ea1776e66f513dd0e,111,JHG30_54dec2c1bf45,weak_train,-1,included_in_development_residue_labels
SOPPCL__2kj3,soppe_legacy,2kj3,2kj3,A,03cb525d093effdbf6eb08c7b6c94002bc886e105e7e384db403daeaa37999b5,79,JHG30_3633359981c6,weak_train,-1,included_in_development_residue_labels
SOPPCL__2kj5,soppe_legacy,2kj5,2kj5,A,7a1141c02bfb1866ae4b889975702d1b6d7af52a9fe57f36b7c6fa8d8c275839,116,JHG30_3abf571f9bfd,weak_train,-1,included_in_development_residue_labels
SOPPCL__2kj6,soppe_legacy,2kj6,2kj6,A,9cb7483e827709cc141898255457ecaaf1870a0c97657d450ee4435a6bee349f,97,JHG30_c0bec5ef80f9,weak_validation,-1,included_in_development_residue_labels
SOPPCL__2kj8,soppe_legacy,2kj8,2kj8,A,9ec29dce06f2b66b098579c1ff6eb01d255f98debfae80851f266716c798af94,118,JHG30_37bf19533a74,weak_train,-1,included_in_development_residue_labels
SOPPCL__2kj9,soppe_legacy,2kj9,2kj9,A,80f7ee4c24d514cd68397eae9bc499de68287410f2c25171cf03e6bbe01dc078,118,JHG30_696512c21a21,weak_train,-1,included_in_development_residue_labels
SOPPCL__2kjb,soppe_legacy,2kjb,2kjb,A,a90884bfc7afdf190a00ae75cc7f2da1d142431cd43f5993a4ef5ddea58243a3,95,JHG30_a3b9fb99155f,weak_train,-1,included_in_development_residue_labels
SOPPCL__2kjg,soppe_legacy,2kjg,2kjg,A,873d263221751ac8f8c745507158dc4535ae0766ef35fdbf0581f5509209086b,99,JHG30_1772bec199df,weak_train,-1,included_in_development_residue_labels
SOPPCL__2kjh,soppe_legacy,2kjh,2kjh,A,b6607f53232aaef14ffe1844f4a6c22a57cc8fb712f4ccda65f76d6ae816705f,150,JHG30_d2de4e29a24e,weak_validation,-1,included_in_development_residue_labels
SOPPCL__2kji,soppe_legacy,2kji,2kji,A,a3524f8b17791ef8dfe6a0cb979c106738d239e721ca5d52d10f45e3b45c9a3b,50,JHG30_96d8174899d9,weak_train,-1,included_in_development_residue_labels
SOPPCL__2kjq,soppe_legacy,2kjq,2kjq,A,4a625a38c68070a5030cdfa0254915dae703dad6f707994d13e514fdfa5a5356,149,JHG30_4e04ac49b361,weak_train,-1,included_in_development_residue_labels
SOPPCL__2kjr,soppe_legacy,2kjr,2kjr,A,89965f1c4f39c7d06ba830a3866ef55761cd52072cbaae18853a33b672d1592d,95,JHG30_c779ac26d378,weak_train,-1,included_in_development_residue_labels
SOPPCL__2kjv,soppe_legacy,2kjv,2kjv,A,78ceccaf8748551d2eb89c6ddadf13c8bf2ab37af20e0ecb69fd61a8b25430c8,101,JHG30_973a9fcfd46c,weak_train,-1,included_in_development_residue_labels
SOPPCL__2kjx,soppe_legacy,2kjx,2kjx,A,1270ec8d10b895119849b86687e4cd28c98966b65792c350f7ad37eca27f3160,65,JHG30_82efab3458f6,weak_train,-1,included_in_development_residue_labels
SOPPCL__2kjz,soppe_legacy,2kjz,2kjz,A,e1c94038fa93bf0695ffcf2dfdcfb1e83c6c3a87676ab1482c8127c6e044947d,122,JHG30_bc729cc389cb,weak_train,-1,included_in_development_residue_labels
SOPPCL__2kk1,soppe_legacy,2kk1,2kk1,A,b98f4423981d1bba1d188c354e948da6d65084710f640129413cc6577531997b,135,JHG30_486f99621585,weak_train,-1,included_in_development_residue_labels
SOPPCL__2kk4,soppe_legacy,2kk4,2kk4,A,67d803f3b2e138897a8902bf24919b276e9ec4f9068f150f2b2ac73a87d84e2d,95,JHG30_9e4a2bc998a6,weak_train,-1,included_in_development_residue_labels
SOPPCL__2kk8,soppe_legacy,2kk8,2kk8,A,2770f13d083660edad4744a3a2785a34f9a36128dde3e626b1cbb2f98735c7c3,84,JHG30_4b893c504f47,weak_validation,-1,included_in_development_residue_labels
SOPPCL__2kkh,soppe_legacy,2kkh,2kkh,A,cfd6cdeb91cfb1b325e8c6503630ca0947f7f983171f032dabdcb89274bc5c05,95,JHG30_1ede1dbdb11e,weak_train,-1,included_in_development_residue_labels
SOPPCL__2kki,soppe_legacy,2kki,2kki,A,7dadf83df4ff6a127747b29379ec922fa4715783e01a8b215beffb7175ad684e,151,JHG30_2982d5b095c5,weak_train,-1,included_in_development_residue_labels
SOPPCL__2kkm,soppe_legacy,2kkm,2kkm,A,9518ff67ede02a264445d0e747dfe8a8cdd1306ce38e4f973d4b9db9d6dd4431,141,JHG30_5adebd702ef9,weak_train,-1,included_in_development_residue_labels
SOPPCL__2kkn,soppe_legacy,2kkn,2kkn,A,fa1e26f53f2bea08b92e5c810c9835779e65b8e9790fc23b00bb139668e175aa,157,JHG30_0e255623655e,weak_train,-1,included_in_development_residue_labels
SOPPCL__2kkp,soppe_legacy,2kkp,2kkp,A,66052abd25a86145a424a7ba6c0f86563269f0b2e90d2aebdb057c53bb6edc71,117,JHG30_f73d66876225,weak_train,-1,included_in_development_residue_labels
SOPPCL__2kkq,soppe_legacy,2kkq,2kkq,A,34b97137d21539bf042a085ee1075263f0d3cb159e95ff7e1c81dfc53f50fe77,116,JHG30_55585ba0b222,weak_train,-1,included_in_development_residue_labels
SOPPCL__2kks,soppe_legacy,2kks,2kks,A,8987a7df07b6f1b7f7a4a166dd6d942bb5a85c14492fe54e3e1bd6cfec6ae005,146,JHG30_9fd02e7fb4cb,weak_train,-1,included_in_development_residue_labels
SOPPCL__2kkt,soppe_legacy,2kkt,2kkt,A,4e08f0c84477d9fab27a4d313b975098d0198f0a8cd24ef05a60a80f05272553,52,JHG30_4e3d6b68f7c3,weak_validation,-1,included_in_development_residue_labels
SOPPCL__2kku,soppe_legacy,2kku,2kku,A,901268f04c9d54b11f12a9bb46e38bc7a0a7c912bc47bf07bef0af28b5db4a28,139,JHG30_86f1fd2d62c3,weak_train,-1,included_in_development_residue_labels
SOPPCL__2kkx,soppe_legacy,2kkx,2kkx,A,3a63d134434afcbe75bdcce0087c6730bb4aaa8cd34c810563a2f54354ff27cd,102,JHG30_2bb98ad3102e,weak_train,-1,included_in_development_residue_labels
SOPPCL__2kl2,soppe_legacy,2kl2,2kl2,A,fab5813499640c35b0eb36145b83322dc9ddded87f54fec64c2b27337a2842ab,149,JHG30_872510d0286d,weak_validation,-1,included_in_development_residue_labels
SOPPCL__2kl3,soppe_legacy,2kl3,2kl3,A,e2e705c6e7daa3bc1ec4f87106e08113e4695fd2d4ab477cc2491704f6be03b2,132,JHG30_86885a310178,weak_train,-1,included_in_development_residue_labels
SOPPCL__2kl4,soppe_legacy,2kl4,2kl4,A,2ce7ade51c217b23c4c0761752b81d97efa51a6c560c41eb286979f930b89094,118,JHG30_a30880551ee2,weak_train,-1,included_in_development_residue_labels
SOPPCL__2kl5,soppe_legacy,2kl5,2kl5,A,09298d1851ae93f4afb88d870d5abf24894dd45857c1a6513c3cd9106140f06a,110,JHG30_f1386efc3517,weak_train,-1,included_in_development_residue_labels
SOPPCL__2klb,soppe_legacy,2klb,2klb,A,fddbcd226e752debfe4d91b178765e30a36921eab501c65b951a3c5fd65e9315,154,JHG30_7864021f20dd,weak_train,-1,included_in_development_residue_labels
SOPPCL__2kld,soppe_legacy,2kld,2kld,A,0ed86efeb3d4fc8578a909f3585ca93b3745a008d1a66db72f949ef5196d3837,73,JHG30_c707824d46dd,weak_train,-1,included_in_development_residue_labels
SOPPCL__2kll,soppe_legacy,2kll,2kll,A,6697ccff3e90546cfa816ddb79fff6191462cf583809f2e790ce7776a44de3ed,161,JHG30_077d4d5e8b18,weak_train,-1,included_in_development_residue_labels
SOPPCL__2kln,soppe_legacy,2kln,2kln,A,c42b0bbd1a7af264a7b0403c5197bad8999e108cd386c688e0b138dc0985f079,124,JHG30_a696a037b9a3,weak_train,-1,included_in_development_residue_labels
SOPPCL__2klo,soppe_legacy,2klo,2klo,A,e30bc984dd36970d256069dc10c29308c9a520df68f3ae9915b525016dbbd92e,138,JHG30_e6d869e6cddf,weak_train,-1,included_in_development_residue_labels
SOPPCL__2klq,soppe_legacy,2klq,2klq,A,4ce41b76559f5369598d01e677499ba63af9b07cf479aa03ed62f3c475564842,114,JHG30_58e8886f51d3,weak_train,-1,included_in_development_residue_labels
SOPPCL__2klr,soppe_legacy,2klr,2klr,A,0c4cf99fa9b75defc1d61b181193fcea4656a9f19131bd9610dbe40a085b0f36,82,JHG30_90ad7448e816,weak_train,-1,included_in_development_residue_labels
SOPPCL__2kls,soppe_legacy,2kls,2kls,A,4a4b3bd9c574290ef2b34718fabdcd0aae6eafc22320098705121c2167e92abb,157,JHG30_f248c51600b1,weak_train,-1,included_in_development_residue_labels
SOPPCL__2kly,soppe_legacy,2kly,2kly,A,38bee829fa685fb9b4ee975253fe32ee47713620d83f3d39d97856afa7d87f53,165,JHG30_d2de4e29a24e,weak_validation,-1,included_in_development_residue_labels
SOPPCL__2km1,soppe_legacy,2km1,2km1,A,573eb20989c968c4104f748f8a3651619b4745ba0ad7f7e41ac96fc2d8bf4de8,117,JHG30_20f426ddacfb,weak_train,-1,included_in_development_residue_labels
SOPPCL__2km2,soppe_legacy,2km2,2km2,A,28a4b9b0d43165fe6d929f36f36a9a51895aafed2ab0c5b7d8f44a7c484269de,134,JHG30_1ea009b508db,weak_train,-1,included_in_development_residue_labels
SOPPCL__2km4,soppe_legacy,2km4,2km4,A,947f4638bc8f4d32f7107c19053df4e3504301657eb0aaaf77747230443fc8f3,137,JHG30_a049423e28bc,weak_train,-1,included_in_development_residue_labels
SOPPCL__2kma,soppe_legacy,2kma,2kma,A,cd190902401145f0e160b5228147072946228fdb5928ae5f2f624c38f563dc2b,178,JHG30_79687a372893,weak_train,-1,included_in_development_residue_labels
SOPPCL__2kmf,soppe_legacy,2kmf,2kmf,A,b96f635faaab0671e3d1c47734b9ad07cd647f3cff938becfe20eab910165143,115,JHG30_852e056b3f9a,weak_validation,-1,included_in_development_residue_labels
SOPPCL__2kmg,soppe_legacy,2kmg,2kmg,A,80c21af09e5283ae2199cb46dfec31e412bbd2ad17737cd9fbbbfd50a64cb0d8,142,JHG30_007226b31da7,weak_train,-1,included_in_development_residue_labels
SOPPCL__2kmm,soppe_legacy,2kmm,2kmm,A,e9000bc89fe8e043c9dadf3b5e8c60ace598ea35e59bc522e4920c6ebde12488,73,JHG30_e6bf0981d5a8,weak_train,-1,included_in_development_residue_labels
SOPPCL__2kmt,soppe_legacy,2kmt,2kmt,A,bf5f667b5ad45592d686a3105bf47a8723d7d516991996491bc8cd018f459fbf,105,JHG30_b62580d6db9e,weak_train,-1,included_in_development_residue_labels
SOPPCL__2kmv,soppe_legacy,2kmv,2kmv,A,0acb5b44f602645bd96820357ee676c64f9eb10b584aaf027590698b2d394cfa,185,JHG30_ba9c2bba1f84,weak_validation,-1,included_in_development_residue_labels
SOPPCL__2kmw,soppe_legacy,2kmw,2kmw,A,e44d6f4a9a84d330a9c282e432999124e95f2ef504379d618e16c424f7d4e791,150,JHG30_e3bca621d82e,weak_train,-1,included_in_development_residue_labels
SOPPCL__2kn6,soppe_legacy,2kn6,2kn6,A,5840c630fc942d9f6af9838058c8ef64138b69806eeee4118d44b044da68f3ba,195,JHG30_0fe0dba5a683,weak_train,-1,included_in_development_residue_labels
SOPPCL__2kn8,soppe_legacy,2kn8,2kn8,A,c16e05f5dfb605f8caed421f0ccac00d3ec54c73016b363b4173cd5466eb8ae2,68,JHG30_8ef0ecaf235d,weak_validation,-1,included_in_development_residue_labels
SOPPCL__2kna,soppe_legacy,2kna,2kna,A,fcc078bcaad9805c495415c4fc7bfeec16efa349461d07875430053635992c6c,104,JHG30_822b211df05d,weak_train,-1,included_in_development_residue_labels
SOPPCL__2knc,soppe_legacy,2knc,2knc,A,896525acb71647459c7170de2406c9c149e7b0b456d1942f48dbe1da169efb92,54,JHG30_d18fc044d112,weak_validation,-1,included_in_development_residue_labels
SOPPCL__2knj,soppe_legacy,2knj,2knj,A,5a600d8ce5b2ffdf70332f2bfe70ece5af47a7501379023bc8f6f36db44fcc2b,90,JHG30_f85b6be5a4ba,weak_train,-1,included_in_development_residue_labels
SOPPCL__2knq,soppe_legacy,2knq,2knq,A,b06d95ceafcad137093361b980fadb7f7bdc8b06b8d68a87404dffa87ea8f17e,142,JHG30_9617541a4a3f,weak_train,-1,included_in_development_residue_labels
SOPPCL__2knr,soppe_legacy,2knr,2knr,A,84b06fb40569f9e1fd8b3468a01d4e40b9bad2c83463b789a7cf0eac5ba38636,118,JHG30_deba8a3dd736,quarantine_metadata_only,-1,excluded_quarantine_metadata_only
SOPPCL__2ko1,soppe_legacy,2ko1,2ko1,A,4dbf44cabd659e838a8b8ea1f25ead4e304af3d40f3570d3f59ea3669dcc7cd5,88,JHG30_131b032157ba,weak_train,-1,included_in_development_residue_labels
SOPPCL__2ko2,soppe_legacy,2ko2,2ko2,A,9b0f20a79c667e81c330a37a1aa6b40459d1bd5ca3498162186ec74cf57d4020,67,JHG30_5b7ea60bb5da,weak_train,-1,included_in_development_residue_labels
SOPPCL__2ko6,soppe_legacy,2ko6,2ko6,A,12f32b15950fcd06437d3e6acd94fdc4db9c48b58e10c9c60a63f6c8ed41feeb,89,JHG30_09f0cbc3de16,weak_train,-1,included_in_development_residue_labels
SOPPCL__2kog,soppe_legacy,2kog,2kog,A,b4dc55ce73c904b518a8702ba23e7f009b6149f237a22d5799401fe3c59934d7,116,JHG30_109d3a6e2c61,weak_train,-1,included_in_development_residue_labels
SOPPCL__2kok,soppe_legacy,2kok,2kok,A,bcb71b3c7e008ed9f1a436f349f44ec7efda5517f4dd213cb9e8be3fe714ab77,120,JHG30_18e13effb89f,weak_train,-1,included_in_development_residue_labels
SOPPCL__2kon,soppe_legacy,2kon,2kon,A,e120bc3d28baf38228e2301f9eb4d6b7e632e29fc6932afaa8c031579f106105,82,JHG30_2050a396837a,weak_train,-1,included_in_development_residue_labels
SOPPCL__2kou,soppe_legacy,2kou,2kou,A,13862c12a219bd85c498550a39508c760b776b08c8d7468f07443199d3818339,102,JHG30_bdf99667dcdd,weak_train,-1,included_in_development_residue_labels
SOPPCL__2kp6,soppe_legacy,2kp6,2kp6,A,44c6be46538b0aaf6ee249f13c5953ea51b7ffcb93a3a0da66388c627bf59ce6,79,JHG30_5049f8869d46,weak_train,-1,included_in_development_residue_labels
SOPPCL__2kpk,soppe_legacy,2kpk,2kpk,A,f7951dbdc28bac73893f058c4dc4278ce3f3ea242df546714ac409a983539e94,129,JHG30_7d238a80dd16,weak_train,-1,included_in_development_residue_labels
SOPPCL__2kpm,soppe_legacy,2kpm,2kpm,A,026b48e7730b5272fd9b9c5ab3483f416e3b44fc520ff7d60c0f02363743dbdd,105,JHG30_073fac5012cf,weak_train,-1,included_in_development_residue_labels
SOPPCL__2kpn,soppe_legacy,2kpn,2kpn,A,26ddb89b87a071e4655636f7f808b0bf4d37156a46d7ef1b7ae70bcb10425ce8,97,JHG30_b0ee772db295,weak_train,-1,included_in_development_residue_labels
SOPPCL__2kpp,soppe_legacy,2kpp,2kpp,A,07633fc36794dcd7557dd048729c52e21aada9f1aa0e63fe22c406aa429799b5,114,JHG30_382d8aba3b6e,weak_train,-1,included_in_development_residue_labels
SOPPCL__2kpq,soppe_legacy,2kpq,2kpq,A,d1f20c6bd31e8fb5e0557493427d573a55dd6eeb3a9f5235f3a266d8f4b8ff91,100,JHG30_bf8ecea9d8a9,weak_train,-1,included_in_development_residue_labels
SOPPCL__2kpt,soppe_legacy,2kpt,2kpt,A,de5e5514d93ebbc84fd4ae52c80c064f02c1b8cadb9bdd516de99a768822deb4,148,JHG30_6f7112da29cb,weak_train,-1,included_in_development_residue_labels
SOPPCL__2kpu,soppe_legacy,2kpu,2kpu,A,ceb3c774b5dee2dc079c6cb931099eb30469625ec5c7ba827d6f93fd7f769d93,96,JHG30_3268b3570297,weak_validation,-1,included_in_development_residue_labels
SOPPCL__2kpy,soppe_legacy,2kpy,2kpy,A,01764f9464f5fd1922b117ca2d79cc504f33e5621ca4f9d0597a1b031be40a92,108,JHG30_5f9257f4ccac,weak_train,-1,included_in_development_residue_labels
SOPPCL__2kq1,soppe_legacy,2kq1,2kq1,A,3260db1423e39c6210c3b944b8f2a99ca5ea086c7baa6cad575083b55446cda9,119,JHG30_f21f5623e084,weak_train,-1,included_in_development_residue_labels
SOPPCL__2kq2,soppe_legacy,2kq2,2kq2,A,be27aff049369281bd25362eddc78588acb8c13aa442c17a0742a975e519e595,147,JHG30_829122b85176,weak_validation,-1,included_in_development_residue_labels
SOPPCL__2kqa,soppe_legacy,2kqa,2kqa,A,e314c8a6da9fbcae6addd1f7d2f1a6ebed501f8b5cc9d5cdf67aa6c76b618d81,120,JHG30_d95489b59ee8,weak_train,-1,included_in_development_residue_labels
SOPPCL__2kqf,soppe_legacy,2kqf,2kqf,A,b340ee68fd1844dbad299c562c093fcb8357828cb949e2dfa52e7657611dcbdc,96,JHG30_1faae81e46fa,weak_train,-1,included_in_development_residue_labels
SOPPCL__2kqp,soppe_legacy,2kqp,2kqp,A,d9bdbe0f4e559888a27214db29e70ef22fb31de9f5d8915425ffc251275ab694,86,JHG30_6c5c22095720,quarantine_metadata_only,-1,excluded_quarantine_metadata_only
SOPPCL__2kqr,soppe_legacy,2kqr,2kqr,A,96301ef56bd363ea3f04663df72a2f63de5131a684f28c8a5b5c1b8bab262827,113,JHG30_77fff559c601,weak_train,-1,included_in_development_residue_labels
SOPPCL__2kqv,soppe_legacy,2kqv,2kqv,A,189b34ea41256d5d6d56a0117656aed52319c20c428505e78776e67a89cd599b,129,JHG30_aacfdba7d43a,weak_validation,-1,included_in_development_residue_labels
SOPPCL__2kr1,soppe_legacy,2kr1,2kr1,A,8e442fe5853a875f3f12e51137731ee8361098750c9dffd0b319bd840c0b241f,64,JHG30_d61aae3ecad0,weak_train,-1,included_in_development_residue_labels
SOPPCL__2kr5,soppe_legacy,2kr5,2kr5,A,7f99977c4c75b04981f5b20d59ce09c6c120f48ab5957c29784f54508cd233c2,89,JHG30_4ca19874b7bb,weak_validation,-1,included_in_development_residue_labels
SOPPCL__2kr6,soppe_legacy,2kr6,2kr6,A,e0c72f2608380ed8d1dfc57c3456a4b4061ed118b388613baf93e727e95cfc81,176,JHG30_5e2ca078b657,weak_train,-1,included_in_development_residue_labels
SOPPCL__2kr9,soppe_legacy,2kr9,2kr9,A,7075a91a2bebe82c59a02e8b2657c1fa29abcf305ffcf0a26dfe57f6691ceea7,190,JHG30_5975f12a7276,weak_train,-1,included_in_development_residue_labels
SOPPCL__2kra,soppe_legacy,2kra,2kra,A,daffbdceff85798be69f89d1c2a19bd46771d8720eee818d70f94fb15048897e,77,JHG30_dc63231446c0,weak_train,-1,included_in_development_residue_labels
SOPPCL__2kre,soppe_legacy,2kre,2kre,A,1ad5fca94ce8b23476dec041138e898a843981530dafcf6fb17788035a3eaf78,100,JHG30_23e08176f808,weak_train,-1,included_in_development_residue_labels
SOPPCL__2krg,soppe_legacy,2krg,2krg,A,40d9b71a9a448ce5cfa2c5d04eaaf2f49feca42053dab20fb6c6b59754461990,216,JHG30_24a7143419c3,weak_train,-1,included_in_development_residue_labels
SOPPCL__2krr,soppe_legacy,2krr,2krr,A,b4ba9cbb157650d10802903c59c44d400e70d0156ba7f4af04317d34af67442b,174,JHG30_ff60d02d48dd,weak_validation,-1,included_in_development_residue_labels
SOPPCL__2krt,soppe_legacy,2krt,2krt,A,b7c7359f51f9269c40295e2e2e9da91447efb226af632a6faf3b4bef94b8c6c3,121,JHG30_f591a5e1d346,weak_train,-1,included_in_development_residue_labels
SOPPCL__2krx,soppe_legacy,2krx,2krx,A,57d0b472fa2dd631f4f64efcc9c12e3140c7730196b9c51fde4eac30b2aae947,94,JHG30_539398c0397a,weak_train,-1,included_in_development_residue_labels
SOPPCL__2ksc,soppe_legacy,2ksc,2ksc,A,8f42f9f6b928408947453c6338e58edf8f6ee248f1c3907c291279af974ceea0,123,JHG30_2dd1cb155d96,weak_train,-1,included_in_development_residue_labels
SOPPCL__2ksd,soppe_legacy,2ksd,2ksd,A,8962c04d07c26c116298b9df674ed645a34e3ca4169e281a100575045819cfb1,75,JHG30_4014d5d517d6,weak_train,-1,included_in_development_residue_labels
SOPPCL__2kse,soppe_legacy,2kse,2kse,A,84a09e859aaf92937b59fd045428d7513a4d6df1edc4929d276889a2097b9905,77,JHG30_723babe09cfd,weak_train,-1,included_in_development_residue_labels
SOPPCL__2ksf,soppe_legacy,2ksf,2ksf,A,029c8ba82516a17a2099588045c50247732e73045ac0a563508c5a70e2939feb,107,JHG30_dc33208a903b,weak_train,-1,included_in_development_residue_labels
SOPPCL__2ksg,soppe_legacy,2ksg,2ksg,A,ee0255c5318389f54bcc4e51afd4023cbaec9539ce66b1d99b9358d60b54914f,48,JHG30_0d960f033d8a,weak_validation,-1,included_in_development_residue_labels
SOPPCL__2ksh,soppe_legacy,2ksh,2ksh,A,c205018f756a2223abb0419864821f1ebea80990c612c46afcc03677ea354d6f,110,JHG30_7760051e188a,weak_validation,-1,included_in_development_residue_labels
SOPPCL__2ksk,soppe_legacy,2ksk,2ksk,A,f03ac150d345cb92497dd354e0413bff9547de89d2e6f9c12f6a990fb94ff2b4,71,JHG30_1c7f259ed137,weak_train,-1,included_in_development_residue_labels
SOPPCL__2ksn,soppe_legacy,2ksn,2ksn,A,16d2b43bf5c3b3035da1370e4a99fdeb3b7c0825c473d80e651e66d054c76d9a,128,JHG30_185e686e8612,weak_train,-1,included_in_development_residue_labels
SOPPCL__2kss,soppe_legacy,2kss,2kss,A,949fbf0d74c41b7be29c020b400b92aaf87cbd66235ef90f0fc56264305fa19b,86,JHG30_a09ee9060ae2,weak_train,-1,included_in_development_residue_labels
SOPPCL__2ksv,soppe_legacy,2ksv,2ksv,A,644a83366fb8369d100c37a7b754c280842f9c81ad4c4e4034d4c803b1dc5d22,185,JHG30_02258f6cc26c,weak_train,-1,included_in_development_residue_labels
SOPPCL__2ksy,soppe_legacy,2ksy,2ksy,A,0be52bb8e7e8150da51f5552fcf98cc4f9abe18faa7651bfc26a17db9018de7a,247,JHG30_31deaf9a0e72,weak_train,-1,included_in_development_residue_labels
SOPPCL__2kt0,soppe_legacy,2kt0,2kt0,A,fcc9e7db861fd324d53002046209ed5c83e823efd2de923de30e78d3b665ea18,84,JHG30_aedaf5ebf001,weak_train,-1,included_in_development_residue_labels
SOPPCL__2kt6,soppe_legacy,2kt6,2kt6,A,36986ae0c9b78aead47380363373d66a293e0c2e9f5995216a8eeff47fc57714,85,JHG30_3748392cf0db,weak_train,-1,included_in_development_residue_labels
SOPPCL__2kt7,soppe_legacy,2kt7,2kt7,A,d2fef313b1e871cc2e22c5792496f68f93ef80e2eeef309c0b550ba03369f0b5,102,JHG30_f49bd8f20ca5,weak_train,-1,included_in_development_residue_labels
SOPPCL__2kt8,soppe_legacy,2kt8,2kt8,A,5d976b8fffb1fd95157aee97d170a689b83c693d275d84f5dc92a491f11ca9e8,76,JHG30_9e94c772a2de,weak_train,-1,included_in_development_residue_labels
SOPPCL__2kt9,soppe_legacy,2kt9,2kt9,A,9be31ab98a310019d6732f84393ff377c70d68512e04783bdd4109365c7a6f9c,116,JHG30_d695fd50853f,weak_train,-1,included_in_development_residue_labels
SOPPCL__2ktl,soppe_legacy,2ktl,2ktl,A,0f8ceb9e4bfb97fa6f0a771dcd4323d5ca79780d16be553fb6dfb300e010e86c,164,JHG30_65b0cfec2fc9,weak_train,-1,included_in_development_residue_labels
SOPPCL__2ktr,soppe_legacy,2ktr,2ktr,A,b21d45b976109b07057508f8102ca707695f65b22f95a5c4ddc19f469d8cb00c,98,JHG30_7b13dec9a62c,weak_train,-1,included_in_development_residue_labels
SOPPCL__2kts,soppe_legacy,2kts,2kts,A,c095e8b72b22dd3472d3c66cd462c3708717608f2887ed0d22e5f66378778bb9,117,JHG30_fa56abf7c8ed,weak_train,-1,included_in_development_residue_labels
SOPPCL__2ktu,soppe_legacy,2ktu,2ktu,A,43d20516769fedf5b39ddefb186f26d4c43b66a71bcc9a887b1e5ded6eaaae18,164,JHG30_16c4bac5f105,weak_train,-1,included_in_development_residue_labels
SOPPCL__2ku1,soppe_legacy,2ku1,2ku1,A,25eb712a82e29bba0652ed860ed50d72712dfb39ecd8b8d413ff0b6dec47f0aa,237,JHG30_169b39bd6ee3,weak_train,-1,included_in_development_residue_labels
SOPPCL__2kua,soppe_legacy,2kua,2kua,A,1a53a0d831760130d54381ff3bd5352e70358130a632562d3322a9e824c6de34,170,JHG30_8b372d75bacd,weak_train,-1,included_in_development_residue_labels
SOPPCL__2kub,soppe_legacy,2kub,2kub,A,9036983e1fade3dd254949bc9dcfed708165f7a2a6728d0b1c8f0b4cc630f888,81,JHG30_0d24309ba812,weak_train,-1,included_in_development_residue_labels
SOPPCL__2kuc,soppe_legacy,2kuc,2kuc,A,2541c6beb2ed802e059b8237e661db503947d45537537a9362c1275cc8bd60c3,121,JHG30_2871a0a90a14,weak_train,-1,included_in_development_residue_labels
SOPPCL__2kui,soppe_legacy,2kui,2kui,A,c04d5cc676e07406f0c71938771ff9c9fab8e0a6e42b68aed7200ebad7683a35,272,JHG30_201c25d62332,weak_train,-1,included_in_development_residue_labels
SOPPCL__2kuo,soppe_legacy,2kuo,2kuo,A,e22e8ee10f2b42baae05d326bf044f6b64b6ad3a17f36d3c4e4edeaeafc239e3,91,JHG30_987dda806d74,weak_train,-1,included_in_development_residue_labels
SOPPCL__2kuq,soppe_legacy,2kuq,2kuq,A,7a85f44fd32d168ea4567a39dfcd807cd5b07915fd6bba7cd835c8ee7ba6908c,153,JHG30_fce4e1e1fc34,weak_train,-1,included_in_development_residue_labels
SOPPCL__2kut,soppe_legacy,2kut,2kut,A,b258922207057d98da76f99c2e71113d475d035ab756a40db8455506732b5021,122,JHG30_b99fb2abb50e,weak_train,-1,included_in_development_residue_labels
SOPPCL__2kuy,soppe_legacy,2kuy,2kuy,A,c67f919d3c60120b55c6c07ae64e224719eb628ef0269c2fd0d80228d7946b5b,43,JHG30_d4e80257d9ac,weak_train,-1,included_in_development_residue_labels
SOPPCL__2kv1,soppe_legacy,2kv1,2kv1,A,af8bbe9d6759f5cf6ec1821818390c66eda8d239fd592e10448da253eaeef5b8,124,JHG30_bfaa38b24da7,weak_train,-1,included_in_development_residue_labels
SOPPCL__2kva,soppe_legacy,2kva,2kva,A,84cd9ad8b9ada18b15ade71e6807ce0135d2013a2a4e57c8fdaecc016cc5a160,148,JHG30_a01da4360b5e,weak_validation,-1,included_in_development_residue_labels
SOPPCL__2kvi,soppe_legacy,2kvi,2kvi,A,674a0d12d84bae9770511c77ed72fc469582298baf8d0fd8cc60488cc4b8dc73,77,JHG30_84c502d97806,weak_train,-1,included_in_development_residue_labels
SOPPCL__2kvk,soppe_legacy,2kvk,2kvk,A,de39225bd4f81687a60553402cf1c184bf28afe2de475e3e160da898a671696c,144,JHG30_df308be9e121,weak_train,-1,included_in_development_residue_labels
SOPPCL__2kvo,soppe_legacy,2kvo,2kvo,A,f5257da80cba126b5279973739966552c6173fdbd7625c24dfd8d8c61fad79bd,120,JHG30_e349a9376b55,weak_train,-1,included_in_development_residue_labels
SOPPCL__2kvp,soppe_legacy,2kvp,2kvp,A,54ad7abf277a85374067b666d32976cb273af012488e70fc7edc5a675a9f0249,165,JHG30_d30f6a53d2f9,weak_train,-1,included_in_development_residue_labels
SOPPCL__2kvq,soppe_legacy,2kvq,2kvq,E,e173415afb7034de2fa95244770aa8d73bf08424f41c460e8c267cf88c33ba13,80,JHG30_4f5e5db9fbd3,weak_train,-1,included_in_development_residue_labels
SOPPCL__2kvr,soppe_legacy,2kvr,2kvr,A,a81371329c474ddaeb329f6c6d3065d41dd5432f1dcdf5c5b06dbdb2fa574e09,128,JHG30_7ec45a792ec6,weak_train,-1,included_in_development_residue_labels
SOPPCL__2kvs,soppe_legacy,2kvs,2kvs,A,acfe15518b755de9924b2df560838317b14130084b6b763d75a76c3ace6f536c,80,JHG30_e437fb9d1204,weak_train,-1,included_in_development_residue_labels
SOPPCL__2kvv,soppe_legacy,2kvv,2kvv,A,e909c0f51e0083b304749a9fad13ee7d9a40dffcf926fe2cd845e5271376ba00,78,JHG30_2c4228793374,weak_train,-1,included_in_development_residue_labels
SOPPCL__2kw0,soppe_legacy,2kw0,2kw0,A,3ccb218d0f11b3ffd47a15a922711aab979881ba5b08f37d0b45ad724a4eabdc,81,JHG30_5fa8124c2352,quarantine_metadata_only,-1,excluded_quarantine_metadata_only
SOPPCL__2kw5,soppe_legacy,2kw5,2kw5,A,13c280f4ae829d82d62190fcef63b207b4c65c869e4778903bf04a900c936298,202,JHG30_00ae3635e112,weak_train,-1,included_in_development_residue_labels
SOPPCL__2kw7,soppe_legacy,2kw7,2kw7,A,6c453cf23a85ecabdf88d9720cc823ebb95112bd2c863bbe5edff886dc3e3d69,157,JHG30_3502242a341a,weak_train,-1,included_in_development_residue_labels
SOPPCL__2kw8,soppe_legacy,2kw8,2kw8,A,a2218950fe71be158162b241ecdd2cb690c2ce936f431905ba3b9556f890baf2,158,JHG30_19cf25ac13c8,weak_train,-1,included_in_development_residue_labels
SOPPCL__2kwa,soppe_legacy,2kwa,2kwa,A,5239224fe98e3a3bf0b259db1a9206a826eac5eb9e55207d34b2b8ac50aa6fc6,101,JHG30_8503a41475da,weak_train,-1,included_in_development_residue_labels
SOPPCL__2kwb,soppe_legacy,2kwb,2kwb,A,aa121d3f030ccfaea7cb6dfc8ca8f7114736892a53339b65bb337dd4dff1fa33,183,JHG30_043736ef622c,weak_train,-1,included_in_development_residue_labels
SOPPCL__2kwp,soppe_legacy,2kwp,2kwp,A,ba53d774f023907941128aa7cc54ebd3506c670012b687ddf2fd217b6c64897f,129,JHG30_a4bffdb8ff30,weak_validation,-1,included_in_development_residue_labels
SOPPCL__2kwz,soppe_legacy,2kwz,2kwz,A,f407cc98bfbee0396cd9ed60e295ffe034f21d5eacfed882c21504d9e6ae808d,40,JHG30_1a9cd1432ee5,weak_train,-1,included_in_development_residue_labels
SOPPCL__2kx2,soppe_legacy,2kx2,2kx2,A,44f53a0c879b2d2af4bd24b10ddb48a215280993d7d96429b9db7f2c626450e6,96,JHG30_1a0b8db09f12,weak_train,-1,included_in_development_residue_labels
SOPPCL__2kxc,soppe_legacy,2kxc,2kxc,A,2c24a8c76affcc187be03db1327fe1284949fbf2f174148c2d0dd312bfb0c714,67,JHG30_a5c161929d63,weak_train,-1,included_in_development_residue_labels
SOPPCL__2kxe,soppe_legacy,2kxe,2kxe,A,bde272e5bbac86b33e907fa3aa3df67f920b7de43f8dd188c9ba9afdfc40a4c7,72,JHG30_e2671ec6ac8b,weak_train,-1,included_in_development_residue_labels
SOPPCL__2kxf,soppe_legacy,2kxf,2kxf,A,a01eaf63860d367cc6a335e4d19130729f22248acf823cd93c4e0e4b0c5847a0,199,JHG30_1c6a3e7ea16c,weak_train,-1,included_in_development_residue_labels
SOPPCL__2kxg,soppe_legacy,2kxg,2kxg,A,2504886c9d4bf5680e67d50947409049b436fe4e7944f28ae86cf38eeeb71188,95,JHG30_7118d14c0721,weak_train,-1,included_in_development_residue_labels
SOPPCL__2kxi,soppe_legacy,2kxi,2kxi,A,c61449982cd11b10911330c17dd141c0db153b50b9f0bd0bed79fb24d30cead8,153,JHG30_3599d6902829,weak_train,-1,included_in_development_residue_labels
SOPPCL__2kxj,soppe_legacy,2kxj,2kxj,A,9424d467a9b879dbacfd7e6920d9cb38cd3a9d0c63a7360793ad73e602af5d4b,90,JHG30_976e4f73254e,weak_train,-1,included_in_development_residue_labels
SOPPCL__2kxo,soppe_legacy,2kxo,2kxo,A,cc0fcbc573a939dc32fa25fed7fd4c2d9f66f21b34822ae3d16a557d4ccbd116,89,JHG30_7e988d09f474,weak_train,-1,included_in_development_residue_labels
SOPPCL__2kxs,soppe_legacy,2kxs,2kxs,A,97588927b73af45ea644507a946bdf531463a6988bb6dc039e88670584a9575e,146,JHG30_12acaf37fdb7,weak_train,-1,included_in_development_residue_labels
SOPPCL__2kxt,soppe_legacy,2kxt,2kxt,A,4e43d6394ee687828dd8ec5e55743186af0a4daeca063a2407578f5b02a8c84f,174,JHG30_fe8e9be3f503,weak_train,-1,included_in_development_residue_labels
SOPPCL__2kxx,soppe_legacy,2kxx,2kxx,A,19c9b855c20a4bf0ddfa97d5971aa38d70bdef971fdbb30ab58c15637c2ddd5c,97,JHG30_1309730229a3,weak_train,-1,included_in_development_residue_labels
SOPPCL__2kxy,soppe_legacy,2kxy,2kxy,A,27f2068462f4fb036b9e2a1366aa0a7b174785d20588a880998880d63ee203f8,100,JHG30_1a30861cab7e,weak_train,-1,included_in_development_residue_labels
SOPPCL__2ky9,soppe_legacy,2ky9,2ky9,A,5c79017feb27a996a61341884e6c308b614235faf02e33eed7705af609d3b860,132,JHG30_a9ab6b8148e1,weak_train,-1,included_in_development_residue_labels
SOPPCL__2kyg,soppe_legacy,2kyg,2kyg,A,d31a2f3015b32d32846898e174f143f6660b7a28c1eb03786b1b14b65c1f0781,50,JHG30_abb0018d8271,weak_validation,-1,included_in_development_residue_labels
SOPPCL__2kyh,soppe_legacy,2kyh,2kyh,A,efa793c103789695d9b2cbe34d36f2578746224a7ba283f3cd05518827e8b6ec,147,JHG30_14725b6e2d6c,weak_train,-1,included_in_development_residue_labels
SOPPCL__2kym,soppe_legacy,2kym,2kym,A,55bfeefe879336437ce65d67948a7116307041365b07f9c0e1edbf3a6af3e513,120,JHG30_605efb80e321,weak_train,-1,included_in_development_residue_labels
SOPPCL__2kyr,soppe_legacy,2kyr,2kyr,A,cdcebe1eb45fd1cb81d14666628f8c7fe16ad38b93452416f37ea8f685d7f872,108,JHG30_7acfbfa41b9f,weak_train,-1,included_in_development_residue_labels
SOPPCL__2kyt,soppe_legacy,2kyt,2kyt,A,a616dfbe9d9cf80f103a880b0cde5dca7171654a81b9127fc5978fb82c1d293d,125,JHG30_4aff120943a8,weak_train,-1,included_in_development_residue_labels
SOPPCL__2kyw,soppe_legacy,2kyw,2kyw,A,f837ebd41a55abfb8ab4babac5fe95ba491a0111ad374b7995810a5e45ffecf7,87,JHG30_c339867c27aa,weak_train,-1,included_in_development_residue_labels
SOPPCL__2kyy,soppe_legacy,2kyy,2kyy,A,360783d27e3aa500d4a9fc80dfe4617badb5ac86c6b4f59ef2a80676b4f75fa4,153,JHG30_7c0375b7b6dc,weak_train,-1,included_in_development_residue_labels
SOPPCL__2kz3,soppe_legacy,2kz3,2kz3,A,1b7dfffd6701cd5dcea281382836eb483209cf2b01df477e4a71a0bc9b8e0d05,83,JHG30_2eccb208d494,weak_train,-1,included_in_development_residue_labels
SOPPCL__2kz4,soppe_legacy,2kz4,2kz4,A,6f72472dbcebe9d3ea019598efb8374bafa3330597a8d342c930117976461190,112,JHG30_03b9f8b9e85b,weak_train,-1,included_in_development_residue_labels
SOPPCL__2kz5,soppe_legacy,2kz5,2kz5,A,6cf5114b6adc169e6ad029729316a0025c1b1649b244d6cd1ca4e18af5a6ffcc,91,JHG30_747a6c6b41f6,weak_train,-1,included_in_development_residue_labels
SOPPCL__2kz6,soppe_legacy,2kz6,2kz6,A,89bfcabffde3ba0bc95f010984c3553251b807dd009229718b5fa81c77464885,100,JHG30_10eb142c5303,weak_train,-1,included_in_development_residue_labels
SOPPCL__2kz7,soppe_legacy,2kz7,2kz7,A,226d804daa9311eb1d9dfa4905846e18b0f651ad80daae85d85bb867d6995439,275,JHG30_c6f246a6f8c2,weak_train,-1,included_in_development_residue_labels
SOPPCL__2kz8,soppe_legacy,2kz8,2kz8,A,75ed07a80de85eec7fdc1088664497d61ac777cb8518715e473e72f5a258c988,131,JHG30_94cd6a4f3746,weak_train,-1,included_in_development_residue_labels
SOPPCL__2kz9,soppe_legacy,2kz9,2kz9,A,33ee0c86d619677d07586cb532f219b5e46143eb6422137259adf7f2d8ce571b,69,JHG30_7aff0ed2e6cb,weak_train,-1,included_in_development_residue_labels
SOPPCL__2kzb,soppe_legacy,2kzb,2kzb,A,5145ad6ea3e186badf357f9b5498e631e3bd886a810ca9b6ce03f89d34d4fab2,114,JHG30_404b630c97b1,weak_train,-1,included_in_development_residue_labels
SOPPCL__2kzh,soppe_legacy,2kzh,2kzh,A,9cf5f0d4052d6601b10c7675b8d392fd9cd982544d5cdf31ee6431e3db7aad8b,134,JHG30_1057db2f0b8e,weak_train,-1,included_in_development_residue_labels
SOPPCL__2kzs,soppe_legacy,2kzs,2kzs,A,e520acabb7a15d019685bc24a4e69c05c2286d0013180b80d928d45f8971b273,94,JHG30_d2774f9ffe52,weak_train,-1,included_in_development_residue_labels
SOPPCL__2kzt,soppe_legacy,2kzt,2kzt,A,efdc95de985fbaa0153914d1b267f6304cf271bc0c6952bca03287cb545e0d7f,163,JHG30_04ed44c5bceb,weak_validation,-1,included_in_development_residue_labels
SOPPCL__2kzw,soppe_legacy,2kzw,2kzw,A,991789d4fc5181d631392bf0a74767f044df0f83e03f4654e548dbf1565e7d61,145,JHG30_1a0ad031f405,weak_train,-1,included_in_development_residue_labels
SOPPCL__2kzx,soppe_legacy,2kzx,2kzx,A,9136c4a1eceacfcba5de9a1a6b6a159b9531e918d5cc43ef8703c452ac30d2d8,131,JHG30_f3da669d7b8b,weak_train,-1,included_in_development_residue_labels
SOPPCL__2kzy,soppe_legacy,2kzy,2kzy,A,954138206ce426740864240ade094302efb8ecbc374925f5d4d10146176c014b,62,JHG30_35126fd3f170,weak_train,-1,included_in_development_residue_labels
SOPPCL__2l01,soppe_legacy,2l01,2l01,A,c45dc4cb5a8d881c800cc555e031964bf26e50b893c134a63d4368a76b0542fb,77,JHG30_b13230165a85,weak_train,-1,included_in_development_residue_labels
SOPPCL__2l06,soppe_legacy,2l06,2l06,A,2f86e5d1ffd9d0150e32480c6338008d426c220702ff46d83af3f5383e96e3de,155,JHG30_d3162bfe24b6,weak_train,-1,included_in_development_residue_labels
SOPPCL__2l08,soppe_legacy,2l08,2l08,A,82093acb497e5f4f78c2a77bb03f80716b8ac0367246223484eeb70a76108ef1,97,JHG30_e95bb50a2353,weak_train,-1,included_in_development_residue_labels
SOPPCL__2l0b,soppe_legacy,2l0b,2l0b,A,ae250d702a1c9722d29cb09577a223b0013042ce537d5ca3265fa04e95fa7f13,91,JHG30_af5a08f666d9,weak_validation,-1,included_in_development_residue_labels
SOPPCL__2l0c,soppe_legacy,2l0c,2l0c,A,efca9f609fd31f35973bd357995680db09c74e5e5b6f29ad187430eafd243cb7,97,JHG30_68a10f823ad3,weak_train,-1,included_in_development_residue_labels
SOPPCL__2l0d,soppe_legacy,2l0d,2l0d,A,4691a43c5c3aa340b38f854476744cbf42fcb0ffad795ca608eb9b9f61293ab9,114,JHG30_9e733c042bf1,weak_train,-1,included_in_development_residue_labels
SOPPCL__2l10,soppe_legacy,2l10,2l10,A,7a1809161fe23eb8d4d6feaf0af98ba5f2e293a2884801ca51d58b52067e90fa,158,JHG30_e08db39f3c55,weak_validation,-1,included_in_development_residue_labels
SOPPCL__2l1c,soppe_legacy,2l1c,2l1c,A,9bbb0626d050e4a3808bef4bc078b9d718d92eaa465444a25ce892b3448f947e,191,JHG30_eb5f93c86612,weak_train,-1,included_in_development_residue_labels
SOPPCL__2l1m,soppe_legacy,2l1m,2l1m,A,8a17a2c0ef3870a3b94cc6cac3a184e24bb3f22102cc0e01adb07ed2e8aaf2d4,135,JHG30_38b530787538,weak_train,-1,included_in_development_residue_labels
SOPPCL__2l1n,soppe_legacy,2l1n,2l1n,A,912a23e3b3db11cddba6bf35d0bd40c6de5180d5f7b26239b262207bca02e97f,120,JHG30_eeddafede730,weak_train,-1,included_in_development_residue_labels
SOPPCL__2l1s,soppe_legacy,2l1s,2l1s,A,b7456e2d39ecd9205c7a282b9137c85fa09b47b5ca4e31aa30f819badcb619a9,83,JHG30_becdcc1549fd,weak_train,-1,included_in_development_residue_labels
SOPPCL__2l1t,soppe_legacy,2l1t,2l1t,A,9ab4d5229463ab59692169b893df5ba903a1468903eb1aa22fb783afaee60bb8,109,JHG30_f76a2f31a5ff,weak_train,-1,included_in_development_residue_labels
SOPPCL__2l21,soppe_legacy,2l21,2l21,A,fedc81b228994fb2a993660ac12f1f48f02f93e236b24da2213de5136c9d886d,148,JHG30_a01da4360b5e,weak_validation,-1,included_in_development_residue_labels
SOPPCL__2l22,soppe_legacy,2l22,2l22,A,36f5f4b6250c04c4de1ea843bb2119fd54d69404f6574fe19bfeb8a327dbc065,183,JHG30_fe5c3efc5871,weak_train,-1,included_in_development_residue_labels
SOPPCL__2l23,soppe_legacy,2l23,2l23,A,ce41c2dc16a7ba8fcf4c33b0172cf9ecfd3613b88e424ad208f666d0017cbecc,161,JHG30_aeb051eac861,weak_train,-1,included_in_development_residue_labels
SOPPCL__2l25,soppe_legacy,2l25,2l25,A,23f13a92ed245997aa2fc3be7c92634df10eb040ebf03e9103ed1d46a69f0d02,141,JHG30_c172350e1476,weak_train,-1,included_in_development_residue_labels
SOPPCL__2l26,soppe_legacy,2l26,2l26,A,6c4aad37f39c5fc0f16a74e1aa372e2788ee35e50aa8c3410d8bf3883e72fe15,252,JHG30_7092f3dff64c,weak_train,-1,included_in_development_residue_labels
SOPPCL__2l27,soppe_legacy,2l27,2l27,A,93fb223e5557a3d0195f666e6070a15869ac24a30aeb56fceb503c851071f3fc,84,JHG30_e28893a6c955,weak_train,-1,included_in_development_residue_labels
SOPPCL__2l2c,soppe_legacy,2l2c,2l2c,A,0677c673f360acd0d13dcbe286ac57657090356005e66876380fb68088127c87,125,JHG30_08806f44089b,weak_train,-1,included_in_development_residue_labels
SOPPCL__2l2d,soppe_legacy,2l2d,2l2d,A,69dea47d98d2400aeabd1e403893db28e6aaf8f8d1357ecfe70ec37298b2f838,73,JHG30_d697ff48d356,weak_train,-1,included_in_development_residue_labels
SOPPCL__2l2i,soppe_legacy,2l2i,2l2i,A,6d4d7d307e04fa060ae1c0a09fe2ddc68460d3bc5081479dae5bf67db4f6da2e,115,JHG30_a877421d9562,weak_train,-1,included_in_development_residue_labels
SOPPCL__2l2l,soppe_legacy,2l2l,2l2l,A,f1ddc7fff2b6806d7c04af492a9c9ffb229edbea5422c40506c7fb8d866efaf8,43,JHG30_3126f24d3ebf,weak_train,-1,included_in_development_residue_labels
SOPPCL__2l2m,soppe_legacy,2l2m,2l2m,A,e6a3ed71ff64fa92c541ab4bda6fa4ec81968f637960815de96152c49e153ecf,70,JHG30_1cdd60801230,weak_train,-1,included_in_development_residue_labels
SOPPCL__2l2o,soppe_legacy,2l2o,2l2o,A,9dd2aa1247deb620e65be2dce9bb641011c1da92a9cdf9874f6a9f7e6e12a4d0,85,JHG30_ef33b0581401,weak_train,-1,included_in_development_residue_labels
SOPPCL__2l2q,soppe_legacy,2l2q,2l2q,A,ca410929aac4cdea331c4a8150ce16794b66066c349230b2cd189ba28de28be0,109,JHG30_62b72c8e94df,weak_train,-1,included_in_development_residue_labels
SOPPCL__2l32,soppe_legacy,2l32,2l32,A,ff66bc92c456190fd311b0c6f608d8b7e041694466ff6a19bbbd0f4784334a6e,66,JHG30_67ca152383fe,weak_train,-1,included_in_development_residue_labels
SOPPCL__2l35,soppe_legacy,2l35,2l35,A,6cb1e2993d47f789ce387bcc2b749d689defaeeee63752680e5af807374fa8ad,63,JHG30_12736515f7de,weak_train,-1,included_in_development_residue_labels
SOPPCL__2l3b,soppe_legacy,2l3b,2l3b,A,afc0e39899725539987d2a2d4f01156374ca07c36dbbbadc14647456de2ed7eb,130,JHG30_c2fa44009d2f,weak_train,-1,included_in_development_residue_labels
SOPPCL__2l3f,soppe_legacy,2l3f,2l3f,A,4f52f73951007ac5a61846e760f46fd9fd0311938700bf2bf319c79245ed0a28,161,JHG30_bdf2c9f2b647,weak_train,-1,included_in_development_residue_labels
SOPPCL__2l3g,soppe_legacy,2l3g,2l3g,A,5a296a765190b553506eb6e3bbd6cbf7165a8a226442e8c82df40fb608d1fec3,126,JHG30_4974b1c9c1f0,weak_validation,-1,included_in_development_residue_labels
SOPPCL__2l3j,soppe_legacy,2l3j,2l3j,A,2fbe03c2c97d574487cd3cbccbb1250492a91f835d625c598364dac3e630370b,236,JHG30_010eec37825c,weak_train,-1,included_in_development_residue_labels
SOPPCL__2l3l,soppe_legacy,2l3l,2l3l,A,56671e70af9d92e11577a3e45204928895bee7d97f638316bb621d356db4929f,111,JHG30_080d722f602e,weak_train,-1,included_in_development_residue_labels
SOPPCL__2l3n,soppe_legacy,2l3n,2l3n,A,2e199a62092ee7d35cd9504bf2437d576c6a4509deb2661750e985507d1838f7,104,JHG30_eb57e3b4243f,weak_train,-1,included_in_development_residue_labels
SOPPCL__2l3o,soppe_legacy,2l3o,2l3o,A,9e4db052562cbb2f923fa9d8500cf853e763e746349d1be2bb77ed0d811c9df2,124,JHG30_93b926e9a0d4,weak_train,-1,included_in_development_residue_labels
SOPPCL__2l3t,soppe_legacy,2l3t,2l3t,A,b8603620a1ae2518832f23a0adfea85f7a2e14a43827143c6a9d459ac813558b,199,JHG30_f248bb3bf478,weak_train,-1,included_in_development_residue_labels
SOPPCL__2l3u,soppe_legacy,2l3u,2l3u,A,379dff3b46352bfdd58627dba3f5fb065999b25dc72011c089ed816eec55a1e0,98,JHG30_d9ec634717f9,weak_train,-1,included_in_development_residue_labels
SOPPCL__2l3y,soppe_legacy,2l3y,2l3y,A,b4cf8a89c1987cd60e2570d9e0be2c8dd9d0b039290484c3de74ff7361b32f12,184,JHG30_38df83a64bf2,weak_train,-1,included_in_development_residue_labels
SOPPCL__2l43,soppe_legacy,2l43,2l43,A,86d8dfb00d9fedd860089a94c349af07bb366eb13caef9ade614b104b938a48d,80,JHG30_12afffcbe4a6,weak_train,-1,included_in_development_residue_labels
SOPPCL__2l47,soppe_legacy,2l47,2l47,A,49a74ce11ce86b6c88b2a064a22be502be18e694b4c1c5c07ec8d63e28152305,165,JHG30_2f76150dcde6,weak_validation,-1,included_in_development_residue_labels
SOPPCL__2l48,soppe_legacy,2l48,2l48,A,240c3cd2b46e5d7d306d6800ef698acb2b9109275d3581cbb2cb08c0114aefe6,85,JHG30_f131b1df42fd,weak_train,-1,included_in_development_residue_labels
SOPPCL__2l49,soppe_legacy,2l49,2l49,A,aa589a1ce4406121b521832d353bbf1523f19ce4769daadd1a458d759449cf76,99,JHG30_d2724bfe6e7b,weak_train,-1,included_in_development_residue_labels
SOPPCL__2l4d,soppe_legacy,2l4d,2l4d,A,ffaaa3af1e387d536be184644ff47e11f0544c8574ee392f685c60156525359a,106,JHG30_0161b7707677,weak_train,-1,included_in_development_residue_labels
SOPPCL__2l4h,soppe_legacy,2l4h,2l4h,A,bc245dd95497e732861ee315578fc9e51f68cd1e22997371ca9f9f9c1cb0b8e5,184,JHG30_d417f4eee438,weak_train,-1,included_in_development_residue_labels
SOPPCL__2l4n,soppe_legacy,2l4n,2l4n,A,eded109b23d76ea8de13ec52fb0c698112aa634e1dd5e3be217b27a41bff3407,70,JHG30_8c1b90758f5f,weak_train,-1,included_in_development_residue_labels
SOPPCL__2l4w,soppe_legacy,2l4w,2l4w,A,1adba9adbb51b4dd51ce66a6c0bdf1351a8284a31200ea007c57f726eb91d054,120,JHG30_be0452c518e2,weak_train,-1,included_in_development_residue_labels
SOPPCL__2l55,soppe_legacy,2l55,2l55,A,3c45f743cb8e9987249828d9aa8f235c950049ce306c313c75c6ff1333bd30c2,82,JHG30_1882c3f43351,weak_train,-1,included_in_development_residue_labels
SOPPCL__2l57,soppe_legacy,2l57,2l57,A,e7699a5b93b8453b78ab36cd3b4ae0f4a599090825bb8cffde40187d94a87192,126,JHG30_5bf20e8a48d6,weak_train,-1,included_in_development_residue_labels
SOPPCL__2l5a,soppe_legacy,2l5a,2l5a,A,d88232047111ba7bd148c46228b0e7a55e77f9ba8b627f8bcbd61f3a31d5c757,225,JHG30_489c74343775,weak_train,-1,included_in_development_residue_labels
SOPPCL__2l5l,soppe_legacy,2l5l,2l5l,A,ba76c37bf5148d29847ebadda4b4d03ef5d66473d464a309c59297ffb172d51f,136,JHG30_5bf20e8a48d6,weak_train,-1,included_in_development_residue_labels
SOPPCL__2l5o,soppe_legacy,2l5o,2l5o,A,3443495c5469a08ca62268465918f2f4c61d7b0a2636c780cf31b8d15a97b90f,150,JHG30_792f3bb3e887,weak_train,-1,included_in_development_residue_labels
SOPPCL__2l5p,soppe_legacy,2l5p,2l5p,A,9cb720bc77adfde7cc87ec22ec969df9e914ce2d7d579d194235f86f85b419d3,175,JHG30_9e4f9afd628c,weak_train,-1,included_in_development_residue_labels
SOPPCL__2l5q,soppe_legacy,2l5q,2l5q,A,a89ad337c1a1c47c1ec23ec60531b3f9a80dbd6b999d1bfb1c2a4927074dfa14,142,JHG30_e84aaad0d8ca,weak_train,-1,included_in_development_residue_labels
SOPPCL__2l6a,soppe_legacy,2l6a,2l6a,A,99ff980a5730f754d014ddd5bf4804bef000f1abfe230bd8c3dd4c48ffe95225,102,JHG30_bbd10240644e,weak_train,-1,included_in_development_residue_labels
SOPPCL__2l6c,soppe_legacy,2l6c,2l6c,A,8147a01d6494001f7e68de6a2094f4338fc23ce71a2c94a1c0ff3cf16c059391,104,JHG30_30a48e8e6dba,weak_train,-1,included_in_development_residue_labels
SOPPCL__2l6f,soppe_legacy,2l6f,2l6f,A,444b3c15a5c75078329c258bc4d6dc9753b825d28090998b68822372505cb610,176,JHG30_c77f52ad97ce,weak_validation,-1,included_in_development_residue_labels
SOPPCL__2l6m,soppe_legacy,2l6m,2l6m,A,20cc24e18ddc3b93dde71fd1e269b65061f3dd03fd16f477b69d3d91d9bf9766,101,JHG30_95124f2ed187,weak_train,-1,included_in_development_residue_labels
SOPPCL__2l6n,soppe_legacy,2l6n,2l6n,A,eb96877033f377adf5a452ac8bb31b621dcd1a6b6d049e96fd52c6f76fbf0b2a,132,JHG30_dae144a00fc1,weak_train,-1,included_in_development_residue_labels
SOPPCL__2l6o,soppe_legacy,2l6o,2l6o,A,2daebfa314a36423f7ff8c49b0759c23779d1c62547e819f4acccefb8f8de247,114,JHG30_1f3a35173f3c,weak_train,-1,included_in_development_residue_labels
SOPPCL__2l6x,soppe_legacy,2l6x,2l6x,A,f6b51527620aa59064e8e9004b5acd6ef69c91bb335810253b49d2d8ebf28178,235,JHG30_31deaf9a0e72,weak_train,-1,included_in_development_residue_labels
SOPPCL__2l73,soppe_legacy,2l73,2l73,A,f151e5df37df2bc3785301c664c16ebbdd95ff04de35f2aea6d1e84ce191a7f5,143,JHG30_2072ea6efb31,weak_train,-1,included_in_development_residue_labels
SOPPCL__2l76,soppe_legacy,2l76,2l76,A,b2ec02f33ec44bfd33abae1fc3cf9c7925883b1fc876a359c94dc599d7538c71,95,JHG30_46136bfbcd87,weak_train,-1,included_in_development_residue_labels
SOPPCL__2l7b,soppe_legacy,2l7b,2l7b,A,ab8543a78b8a0c2c4d6a7e553146b0c77476e17c5db158106e8c0baebb1ce0e9,299,JHG30_4f97870740a9,weak_train,-1,included_in_development_residue_labels
SOPPCL__2l7k,soppe_legacy,2l7k,2l7k,A,e05618b4568238a1148158c8717a245b045c3c72ffbb85f6bb8d5689236cafb6,76,JHG30_68d0771c9cd6,weak_train,-1,included_in_development_residue_labels
SOPPCL__2l7n,soppe_legacy,2l7n,2l7n,A,1a986acd44033117612bba38b870c91ca97f01c2aecfc27340672c7ae101d4b9,168,JHG30_4d74ac347b0d,weak_train,-1,included_in_development_residue_labels
SOPPCL__2l7p,soppe_legacy,2l7p,2l7p,A,7059b008956d80b2b8380e6ba17996c523d5040a3688891ba60177ec0adad33c,100,JHG30_9f992d120e90,weak_validation,-1,included_in_development_residue_labels
SOPPCL__2l7r,soppe_legacy,2l7r,2l7r,A,14a0c58be7111228546555f49b46cba71ca5a7977016b71ee3edf46c859fc628,74,JHG30_bf545f42956a,quarantine_metadata_only,-1,excluded_quarantine_metadata_only
SOPPCL__2l7s,soppe_legacy,2l7s,2l7s,A,1cb4ca031b430224981f3edfacd04558663fb9ec7e5865ca37fe72d008122f67,52,JHG30_eba9566dc25b,weak_train,-1,included_in_development_residue_labels
SOPPCL__2l7u,soppe_legacy,2l7u,2l7u,A,608a3ac748e0c5dd9fd1a0d7f6c34390e28ca36d3d64c7e18cd1a1a98f6ea171,105,JHG30_9e91b574ecc4,weak_train,-1,included_in_development_residue_labels
SOPPCL__2l7w,soppe_legacy,2l7w,2l7w,A,2421c600f44b5abebb21901c9ebead4006f18ea43019b92ef9e38eb5f89a9170,187,JHG30_d2b21832b2a6,weak_train,-1,included_in_development_residue_labels
SOPPCL__2l7y,soppe_legacy,2l7y,2l7y,A,2f17b30211ef881a062da0bf2baf22e66bdbedcb038ecb517bc2825b9150b0de,89,JHG30_a2ae22f2c1e7,weak_train,-1,included_in_development_residue_labels
SOPPCL__2l80,soppe_legacy,2l80,2l80,A,4d3ab330a2c834e7646dd102e024ad85d7804a75dcc4e572fc9e0e22f10797e5,114,JHG30_22f198a30d79,weak_train,-1,included_in_development_residue_labels
SOPPCL__2l81,soppe_legacy,2l81,2l81,A,638739e05d50e827c43b1491a70f3870147e96109f4c0b2de5421516489c94d0,176,JHG30_42ed95469fb5,weak_train,-1,included_in_development_residue_labels
SOPPCL__2l82,soppe_legacy,2l82,2l82,A,ab3f3bed881f1d25bcc1843bb108e6bf476d281abaf4e504ba6ae53f050e5024,162,JHG30_c68c19712f8e,weak_train,-1,included_in_development_residue_labels
SOPPCL__2l89,soppe_legacy,2l89,2l89,A,65f2215180c5de91b4b01a50771e6c08f11513a1ad0d05446930e36dabd6038d,108,JHG30_b0caedfd8dae,weak_train,-1,included_in_development_residue_labels
SOPPCL__2l8a,soppe_legacy,2l8a,2l8a,A,79a52230de351d684efb15c3f40775df5896bea013b4a4cbb5cd8545c7c1fa5d,149,JHG30_f3f387d09a69,weak_train,-1,included_in_development_residue_labels
SOPPCL__2l8b,soppe_legacy,2l8b,2l8b,A,70888d384af7dda6aa9f20a66da29ced9690c1b2b351c941a95ad0d4d9c7c6a1,189,JHG30_2fadb538a491,weak_train,-1,included_in_development_residue_labels
SOPPCL__2l8d,soppe_legacy,2l8d,2l8d,A,cc58c3093c4ff915a1f8281b723e5ed7ab67a15305a48fed695cb4cb7bdd1dd1,66,JHG30_8fe74003e970,weak_train,-1,included_in_development_residue_labels
SOPPCL__2l8l,soppe_legacy,2l8l,2l8l,A,a92a0b848dee63dcc3a27380bd664aa2a663c79f642cd92118d72985dcd49298,139,JHG30_467fdf965238,weak_validation,-1,included_in_development_residue_labels
SOPPCL__2l8o,soppe_legacy,2l8o,2l8o,A,0b2b48a51367b0ab45c0d4a84686317c709edfd3061077ebd2d0e863cb881914,144,JHG30_28f9824338aa,weak_train,-1,included_in_development_residue_labels
SOPPCL__2l8t,soppe_legacy,2l8t,2l8t,A,eb059ef1b8f1387ac7d4240a76cd7e80cc4bc99135f8eaf4e9d8030af1086117,71,JHG30_639f947510ce,weak_train,-1,included_in_development_residue_labels
SOPPCL__2l8y,soppe_legacy,2l8y,2l8y,A,addbc80e8c1e72fb1d6777fbebb20d58612feaa111bda5c524a8905aefb77b44,105,JHG30_b83f7a150a30,weak_train,-1,included_in_development_residue_labels
SOPPCL__2l95,soppe_legacy,2l95,2l95,A,34bc34687c74f2d22fb701c5189cc25599a9aaee12d4f1046fd3e45afc5f9315,80,JHG30_360cdb3cd017,weak_validation,-1,included_in_development_residue_labels
SOPPCL__2l97,soppe_legacy,2l97,2l97,A,4fea0ee4c98014f3e2281961fa71d086d417f918dee7bdfa55f04b3c079b2b0b,127,JHG30_23f85f4a347d,weak_train,-1,included_in_development_residue_labels
SOPPCL__2l9b,soppe_legacy,2l9b,2l9b,A,6a090041c960d1ca1704ce30c99f9fbd475af60186fbabb8be77ca8825a526cb,91,JHG30_82b53eeb9111,weak_train,-1,included_in_development_residue_labels
SOPPCL__2l9c,soppe_legacy,2l9c,2l9c,A,177f5ff3b31e2fb58d6dff9f0f5ead8ee00dfc1dc2667401f6cddf40f2562a9c,176,JHG30_bbc749db3d42,weak_train,-1,included_in_development_residue_labels
SOPPCL__2l9d,soppe_legacy,2l9d,2l9d,A,5612c14825ea18b84930f4b3ac516cffa1522d10959834d2f338149f2d9b1317,108,JHG30_ffb92b39be87,weak_train,-1,included_in_development_residue_labels
SOPPCL__2l9f,soppe_legacy,2l9f,2l9f,A,ef11f7c24f548abfea8faff6ef3c69ac164bc56dbbb52c68a1ea118a0dc482c9,102,JHG30_2fdcc4357b34,weak_train,-1,included_in_development_residue_labels
SOPPCL__2l9j,soppe_legacy,2l9j,2l9j,A,845f66a77af57ca81f437a027e48f7917e76dffe7770da69a706300b9963a1b6,119,JHG30_04597793762c,quarantine_metadata_only,-1,excluded_quarantine_metadata_only
SOPPCL__2l9m,soppe_legacy,2l9m,2l9m,A,8d9bce267ccbf3bad836b30377bb3896d60a68a46f0b1b72f230692762136d67,132,JHG30_fad18b736f6d,weak_validation,-1,included_in_development_residue_labels
SOPPCL__2l9p,soppe_legacy,2l9p,2l9p,A,55811de8a7666f60682fd9310b9e4cb6b9ffc19b6ae1c62a348e4b1a4f64bf20,164,JHG30_0bbd40a237ce,weak_train,-1,included_in_development_residue_labels
SOPPCL__2l9q,soppe_legacy,2l9q,2l9q,A,48f847157815479d50cc01b143d4185cbeb0d842ba9714742ffba1243aa1763d,109,JHG30_15e6cf13f218,weak_train,-1,included_in_development_residue_labels
SOPPCL__2l9s,soppe_legacy,2l9s,2l9s,A,20b63ffcde085943a36d20676a7afdb5db6ee360b53fb0b3954656f949390001,45,JHG30_6d947c5dd846,weak_train,-1,included_in_development_residue_labels
SOPPCL__2l9w,soppe_legacy,2l9w,2l9w,A,2bc51872eeb8f38d520c8d3944bb3867b5ffe366c83f415d6d4f8af6895f2fdc,108,JHG30_ef52784cb078,weak_train,-1,included_in_development_residue_labels
SOPPCL__2l9y,soppe_legacy,2l9y,2l9y,A,3c976117ceed534bb0ec2b4442feb359f97e97fe5dcf5e56a45f54bcd8e2d32e,167,JHG30_682b50f5972a,weak_train,-1,included_in_development_residue_labels
SOPPCL__2la3,soppe_legacy,2la3,2la3,A,1f6e5953aa62eb200ae99a16f1d22e3d9f35a5228849f4309eb23acd59acfe4c,191,JHG30_2fedfc2ad545,weak_train,-1,included_in_development_residue_labels
SOPPCL__2la7,soppe_legacy,2la7,2la7,A,66e9c7b206ed1969948425441fe16852a95d49c00d17bfa0624c603c450d26f6,145,JHG30_0ede1d4db093,weak_train,-1,included_in_development_residue_labels
SOPPCL__2laa,soppe_legacy,2laa,2laa,A,89e15bebbf9a30bcda2ce47404ed2f465041490ca069338e6e4e12edbfc0104b,104,JHG30_5bf01cc30300,weak_train,-1,included_in_development_residue_labels
SOPPCL__2lah,soppe_legacy,2lah,2lah,A,a5098d4cadd8c801bbd5d76bc2953be7a8f9f956596f21f148bdf7953d5aaa0d,160,JHG30_b895f4ef840d,weak_train,-1,included_in_development_residue_labels
SOPPCL__2lai,soppe_legacy,2lai,2lai,A,6b5c075193fa5ae746b137a0592a3445d1cbd2d6f77414dbdb4ee026a905dd23,101,JHG30_b043c02427c8,weak_validation,-1,included_in_development_residue_labels
SOPPCL__2lak,soppe_legacy,2lak,2lak,A,cf2e161e11cd1950ae709652a019acdd5bf3351df280adb2462ea04b0a1eadc0,160,JHG30_6ef031cfdf18,weak_train,-1,included_in_development_residue_labels
SOPPCL__2lan,soppe_legacy,2lan,2lan,A,f754eef92d73a2d3939dfd6963799b20cc770cb18b6c0a7a086372bbc637a4fb,74,JHG30_2ef2109b668d,weak_train,-1,included_in_development_residue_labels
SOPPCL__2lb5,soppe_legacy,2lb5,2lb5,A,9b27b9f186d9f52079a273a21565e77f890c592fe02f7c28bd068ee42d94b0d6,172,JHG30_f4202c12c28c,weak_train,-1,included_in_development_residue_labels
SOPPCL__2lb7,soppe_legacy,2lb7,2lb7,A,2a8b5e73bfe38fb30611cfd47eae7637f90de436c237dca690c2e32078ee6f68,44,JHG30_abcedb1daa25,weak_train,-1,included_in_development_residue_labels
SOPPCL__2lba,soppe_legacy,2lba,2lba,A,c7bbc388fa0e24dd4d7689aa1134c57ee31fa8fae7c478419619858c3fc5198c,127,JHG30_eab423aafe50,weak_train,-1,included_in_development_residue_labels
SOPPCL__2lbf,soppe_legacy,2lbf,2lbf,A,d3f39fed011d608df40de61fcb65c147e8b3d1285262d46ec5f03c17f5e8436b,69,JHG30_9d8ca659bcc7,weak_train,-1,included_in_development_residue_labels
SOPPCL__2lbo,soppe_legacy,2lbo,2lbo,A,4c9d38807efa8f89294c3dc757ef8e5e678b5965a858db26e229bad31d4f36dc,123,JHG30_4284ecd93234,weak_train,-1,included_in_development_residue_labels
SOPPCL__2lc0,soppe_legacy,2lc0,2lc0,A,4d2f6eb0251c1936a7e64795d8244399d2f4474c49403712410cc69a3ea62b71,132,JHG30_d9de9772e8b3,weak_train,-1,included_in_development_residue_labels
SOPPCL__2lc2,soppe_legacy,2lc2,2lc2,A,f91b9066bbba6e147d543d00c0cf9172a23fdd0a29b2ab977a6d6d603cc11849,108,JHG30_992662b6def1,weak_train,-1,included_in_development_residue_labels
SOPPCL__2lc9,soppe_legacy,2lc9,2lc9,A,fdfd287579c2f4fafa5cbe33a796ba1402507852fb0788fcd9c4b8e26818754c,164,JHG30_43b44116cb01,weak_train,-1,included_in_development_residue_labels
SOPPCL__2lcc,soppe_legacy,2lcc,2lcc,A,0cd83782cfa359ea025f5928111b1691484ae0ed05751d950bd7518b58eaebec,76,JHG30_3c2a7498149d,weak_train,-1,included_in_development_residue_labels
SOPPCL__2lcj,soppe_legacy,2lcj,2lcj,A,2a5b66ee63f0bcc968662e4c828a658d561e05543af9bca9c5d9742326f4e4bc,185,JHG30_6dfe78a945dc,weak_train,-1,included_in_development_residue_labels
SOPPCL__2lck,soppe_legacy,2lck,2lck,A,7320f8ad9718edf8800c45e38df0539f59e89587e01e67514c242c572ec1d68e,297,JHG30_ec8c0d19e0ef,weak_train,-1,included_in_development_residue_labels
SOPPCL__2lcq,soppe_legacy,2lcq,2lcq,A,f6eacf96bfb1bffc490cf3f7282b4e7f3ed50e0815fb4a86b183ddffba5fd35e,161,JHG30_94244d137d11,weak_validation,-1,included_in_development_residue_labels
SOPPCL__2lcr,soppe_legacy,2lcr,2lcr,A,3a74984c0bfd7dc2e441327875dec2c4baf1d1a8369d26eae38fc859c198c388,97,JHG30_46d10a689c0b,weak_train,-1,included_in_development_residue_labels
SOPPCL__2lcu,soppe_legacy,2lcu,2lcu,A,cadd1409d8b9edc78c42180e89ba36deb5546ec58169126fe8e2435e0d8f6d12,223,JHG30_9805ba7e5384,weak_train,-1,included_in_development_residue_labels
SOPPCL__2lcy,soppe_legacy,2lcy,2lcy,A,e4a54a55e80db94a4f4b14b106e58eb6ed92729ce80b2871320895fa24a3b360,54,JHG30_2cc442f32a34,weak_train,-1,included_in_development_residue_labels
SOPPCL__2ld3,soppe_legacy,2ld3,2ld3,A,810c93e6aa1632bc9b8e4599f98c20c18983a3f78d379a1e8dda165cd6905f5d,88,JHG30_0fa637489827,weak_train,-1,included_in_development_residue_labels
SOPPCL__2ld6,soppe_legacy,2ld6,2ld6,A,fceb86fe5be9c189c28674b1ca9309e2647ce4493e9305077a48d1a8fe57a34c,133,JHG30_5710abe0096e,weak_train,-1,included_in_development_residue_labels
SOPPCL__2ld7,soppe_legacy,2ld7,2ld7,A,9f88eea462fd2cc177f99a2250a9a25674c6800668ad5efd1f831cbd01dbb122,94,JHG30_1837e15b0470,weak_train,-1,included_in_development_residue_labels
SOPPCL__2ldk,soppe_legacy,2ldk,2ldk,A,c374e499c3f32fa3f11cf12f5c1712122211edaecf593be98d141d944f4d39f6,172,JHG30_0bbd40a237ce,weak_train,-1,included_in_development_residue_labels
SOPPCL__2ldu,soppe_legacy,2ldu,2ldu,A,029b742237cc1deb438633ac6745dac8ab6fba8b5e32d347f8bfa5c1a5031ee9,125,JHG30_ca57425967fb,weak_train,-1,included_in_development_residue_labels
SOPPCL__2ldy,soppe_legacy,2ldy,2ldy,A,c03322c07977477e1e0699a7babe0dc890c36bafd2ddd647ef461ca4d7f01523,176,JHG30_b54c948d423d,weak_train,-1,included_in_development_residue_labels
SOPPCL__2le1,soppe_legacy,2le1,2le1,A,dd156497658c104f5d45b434010fe120729a07864b15f1993a8855b00aa73088,151,JHG30_836331b6f27a,weak_validation,-1,included_in_development_residue_labels
SOPPCL__2leh,soppe_legacy,2leh,2leh,A,0a5a6896739c33b6b52245fb0f42265aa9ff23042ecea4fd1d36be2ee02a8a5a,189,JHG30_94ac4c23ca99,weak_train,-1,included_in_development_residue_labels
SOPPCL__2lem,soppe_legacy,2lem,2lem,A,5a61f49ea98ee3fc7cc4918d2ffde1e6ddd71fe11ca23ebca9e2ac3df547a831,216,JHG30_d28548a504db,weak_train,-1,included_in_development_residue_labels
SOPPCL__2len,soppe_legacy,2len,2len,A,eed9417e12e6f7a6bbd8b7e7210c68d79a91fec5cff7f679660b99d959ad6806,231,JHG30_80b8dfd0a017,weak_train,-1,included_in_development_residue_labels
SOPPCL__2leq,soppe_legacy,2leq,2leq,A,cf268f0e6985ce02857617b3f6de497fb52c2b17120dafc252692c334ab428b4,146,JHG30_07d76eedebe4,weak_train,-1,included_in_development_residue_labels
SOPPCL__2lev,soppe_legacy,2lev,2lev,A,c624e11201a05b8ebe6a6317cbaf425a6c42f62a7efabda35e55677eda61020c,57,JHG30_4b0ec5f1fa6b,weak_train,-1,included_in_development_residue_labels
SOPPCL__2lez,soppe_legacy,2lez,2lez,A,62f7181637f0a4e01b433d929186daf2710c18a7d3a99ac2495ecda62bfabfd3,120,JHG30_07785974124f,weak_train,-1,included_in_development_residue_labels
SOPPCL__2lf0,soppe_legacy,2lf0,2lf0,A,be3b49bc65487955cb427dd5c110c016e30d0fdd3f9561d09807690d6edede4d,120,JHG30_1698e0c5b9d5,weak_train,-1,included_in_development_residue_labels
SOPPCL__2lf2,soppe_legacy,2lf2,2lf2,A,0c7145bb0a2b072465a7cebe195d75ae7a791fd59fa801d19f4dfb2301478308,175,JHG30_3972909073e8,weak_train,-1,included_in_development_residue_labels
SOPPCL__2lf3,soppe_legacy,2lf3,2lf3,A,ae90be843d5812d251a18672768457290c088b26330a42a8108dacff8a2cc025,105,JHG30_11085665871f,weak_train,-1,included_in_development_residue_labels
SOPPCL__2lfc,soppe_legacy,2lfc,2lfc,A,bc7ca813eb680b4b3e3a12604834023b50a8be2651bef10d80cc77550edcceb1,160,JHG30_4d5ecf291b6f,weak_train,-1,included_in_development_residue_labels
SOPPCL__2lfe,soppe_legacy,2lfe,2lfe,A,286da9bcca5bc1efd10852d8e924ce9347bbcd90b43805d95016a374a1457fe6,106,JHG30_04ff7006f517,weak_train,-1,included_in_development_residue_labels
SOPPCL__2lfg,soppe_legacy,2lfg,2lfg,A,56175e6e9d78867c982b2d61ff5f4ee2ff5dac65d120285fa6da9df4d1492df4,113,JHG30_0180f0acdc34,weak_train,-1,included_in_development_residue_labels
SOPPCL__2lfh,soppe_legacy,2lfh,2lfh,A,e0ca7bf42e21d4fa7cfec59cd2eff35ccdd16f7f66cf4e770d542835cf2df6a7,68,JHG30_25e3ec572ec5,weak_train,-1,included_in_development_residue_labels
SOPPCL__2lfi,soppe_legacy,2lfi,2lfi,A,8b83970d9ee13f23d09c4effa8480f79906b31a85efaff92a5b2f0bdcec7f25b,122,JHG30_4d55da1dbe17,weak_train,-1,included_in_development_residue_labels
SOPPCL__2lfk,soppe_legacy,2lfk,2lfk,A,0348f609023ecf65ed8d1faae45ca6d4d4cce94e80d95fa68bbe6b3507d6eda6,57,JHG30_3290df45a94a,weak_train,-1,included_in_development_residue_labels
SOPPCL__2lfp,soppe_legacy,2lfp,2lfp,A,e75345ec04d6a415607c3c734852c21eccde12c490e6c748a5cdfe692f03efe1,139,JHG30_b5ddd0a9b612,weak_train,-1,included_in_development_residue_labels
SOPPCL__2lfr,soppe_legacy,2lfr,2lfr,A,f36dd77d3498d2bd789c56a4d4031876e4c5dd3942918ba2103596f9f4dddd30,111,JHG30_9c4e4eb3092f,weak_train,-1,included_in_development_residue_labels
SOPPCL__2lfu,soppe_legacy,2lfu,2lfu,A,f5ae92be6cf09c0855033e75af23aa95ed02c5c124c5599a469fd5090731a1c4,160,JHG30_b545483fc30f,weak_train,-1,included_in_development_residue_labels
SOPPCL__2lfv,soppe_legacy,2lfv,2lfv,A,8879e0247b7b0d0f921a88760de48b6511232abe911e5d73c1f7a6c313d779f4,106,JHG30_e64cb677f976,weak_train,-1,included_in_development_residue_labels
SOPPCL__2lfw,soppe_legacy,2lfw,2lfw,A,d8ff14d83a95ff6fdf7519f6cbfb4666c2222ae15cfe205b0f73cfb33e14b4e9,157,JHG30_06f46532aba6,weak_validation,-1,included_in_development_residue_labels
SOPPCL__2lg1,soppe_legacy,2lg1,2lg1,A,69e6139e53ff26cc952d3afcc07b2b034646f77ce1710172bc73f58cc55dd6ba,185,JHG30_03da56a21de1,weak_train,-1,included_in_development_residue_labels
SOPPCL__2lg4,soppe_legacy,2lg4,2lg4,A,0662c8bcd38afc071643454be9713491e796ba35ccf8c6c57f0fe41f7ce58ee1,40,JHG30_44c7e0c1c865,weak_train,-1,included_in_development_residue_labels
SOPPCL__2lg7,soppe_legacy,2lg7,2lg7,A,6c9bd76ce61b54972bc9daafa46a2b094b132d81f1f40907fdf973cdafedc08e,129,JHG30_29da605c7257,weak_train,-1,included_in_development_residue_labels
SOPPCL__2lgc,soppe_legacy,2lgc,2lgc,A,859462fa44aca490d3385cbf27c6e95596c4b671c8beb1f4aa32266620f19d7e,359,JHG30_fb9e967a2b8c,weak_train,-1,included_in_development_residue_labels
SOPPCL__2lgn,soppe_legacy,2lgn,2lgn,A,5e4caf7b1a747c3f53be770774062b7bbe2f023e765188002c48cf8148effc52,66,JHG30_c5664fc527ff,weak_validation,-1,included_in_development_residue_labels
SOPPCL__2lgr,soppe_legacy,2lgr,2lgr,A,6f7db67fcb5becdd6fbe1744b5cc676a8c7ed7fa001d5780e5071d00e1c1b206,152,JHG30_0644725d697d,weak_train,-1,included_in_development_residue_labels
SOPPCL__2lgv,soppe_legacy,2lgv,2lgv,A,27b9807705aebc3da8c5f91e48bf3bc3a45dd7adfa1aff7d368850d94b3768cc,100,JHG30_01186ad2f557,weak_train,-1,included_in_development_residue_labels
SOPPCL__2lgx,soppe_legacy,2lgx,2lgx,A,695c16e517d437fa190b269237b2dedf9345ef611370d8754c9109822b1e9323,94,JHG30_30ec35f31a94,weak_train,-1,included_in_development_residue_labels
SOPPCL__2lgy,soppe_legacy,2lgy,2lgy,A,5f4240d09325b101a8d2233abdabe703f151bc8a71034d41afaf7246141ec19f,90,JHG30_1891f8bc86a8,weak_validation,-1,included_in_development_residue_labels
SOPPCL__2lgz,soppe_legacy,2lgz,2lgz,A,96f46a7ad6345f9aa7df98b58db78b76227e23262977354d7e386ec56265f85a,273,JHG30_acac2fe171f6,weak_train,-1,included_in_development_residue_labels
SOPPCL__2lh0,soppe_legacy,2lh0,2lh0,A,b9b54cb04e851d4b6a93556061f233ec33a6966fab18cc6c581101576813a2ca,70,JHG30_33a0e06c7d70,weak_train,-1,included_in_development_residue_labels
SOPPCL__2lhf,soppe_legacy,2lhf,2lhf,A,7b57532925a1573ed6d67c1eb2074563c1d4a668568a7c0facd933d91447c7b8,178,JHG30_806f306b0441,weak_train,-1,included_in_development_residue_labels
SOPPCL__2lhk,soppe_legacy,2lhk,2lhk,A,15006480ec09efc1e5abb3146bbdd5b30c4603ff2f757049fbb87380193215f1,107,JHG30_4cb4b0272d95,weak_train,-1,included_in_development_residue_labels
SOPPCL__2lhr,soppe_legacy,2lhr,2lhr,A,ec843e56c2d09d75e9c7e7375571091803903f62f52b7377c3a99a2d22e775ce,78,JHG30_002ff741671d,weak_train,-1,included_in_development_residue_labels
SOPPCL__2lht,soppe_legacy,2lht,2lht,A,d80cbcc43533fbb82d7f0b2698c2d45532a431ab5de7e06bd1e520a8bab242a0,122,JHG30_5860be66ad33,weak_train,-1,included_in_development_residue_labels
SOPPCL__2lie,soppe_legacy,2lie,2lie,A,7db16b59874b0b2feb3ad5c93576757bc91950692f3141f90e38413143bd0e11,153,JHG30_dba435feb2e8,weak_train,-1,included_in_development_residue_labels
SOPPCL__2lio,soppe_legacy,2lio,2lio,A,6a0a1e42ff6e3cd2c0228c9bd958ff0413d88f6ebfced5c3e2b3158a646d162e,136,JHG30_ead7a238e9c6,weak_train,-1,included_in_development_residue_labels
SOPPCL__2lj6,soppe_legacy,2lj6,2lj6,A,57bf528becde8453ad07e6b83ffbfcce5fbbd63ee92b141fe13e25a72462fd91,131,JHG30_889b7d109611,weak_train,-1,included_in_development_residue_labels
SOPPCL__2lja,soppe_legacy,2lja,2lja,A,5a27d487c5579c05fd2328dfcab75ac0c4b4a4dcd49f152708a07a12bb9522c3,152,JHG30_792f3bb3e887,weak_train,-1,included_in_development_residue_labels
SOPPCL__2ljk,soppe_legacy,2ljk,2ljk,A,689e79f50628af711381a1e401ef148573598984f8da248b879662073520e307,117,JHG30_cf0920b88513,weak_train,-1,included_in_development_residue_labels
SOPPCL__2ljm,soppe_legacy,2ljm,2ljm,A,f6c1888ff19ddc3c938099836bec5370048e6f1f553fc974358877ba1c868d58,82,JHG30_8cc5345effc2,weak_validation,-1,included_in_development_residue_labels
SOPPCL__2ljp,soppe_legacy,2ljp,2ljp,A,41b62501e634099d856992d4cdac6894b0f23629196cb0a5a2a421b38220c2ed,119,JHG30_a7bfb7d9aa50,weak_validation,-1,included_in_development_residue_labels
SOPPCL__2lju,soppe_legacy,2lju,2lju,A,5e78ad73d0a8d2df33adc6ce61e61c42fbd42b0645a183d661fa378635ba75fb,104,JHG30_6b7617d98e7c,weak_train,-1,included_in_development_residue_labels
SOPPCL__2ljw,soppe_legacy,2ljw,2ljw,A,b1377af273ac772eebec2a32282325d270d2c42e07e39ff31c254d6cc27ba56f,104,JHG30_41250e7fb657,weak_train,-1,included_in_development_residue_labels
SOPPCL__2ljx,soppe_legacy,2ljx,2ljx,A,b67a1e34a454007bbe4431cceef571dd6c72d3ec9a6c845020a79a12060f0b92,82,JHG30_b4f7b92b9215,weak_train,-1,included_in_development_residue_labels
SOPPCL__2lkc,soppe_legacy,2lkc,2lkc,A,4485b66289f1fb3ccbc5cf4497bbcb025ce9729484ce528ee7167e4eca91570d,178,JHG30_4775072a18c8,weak_train,-1,included_in_development_residue_labels
SOPPCL__2lki,soppe_legacy,2lki,2lki,A,c915d8f3ec61fff84a3cccd073e966f4ad921244f8698b89bf687c3649aa9740,83,JHG30_9293abefd294,weak_validation,-1,included_in_development_residue_labels
SOPPCL__2lkl,soppe_legacy,2lkl,2lkl,A,bb598fdd9cf1d4800dd664e4e59f929010e7f7c951a6e6f00c3587860a988336,81,JHG30_1b3f3218937e,weak_validation,-1,included_in_development_residue_labels
SOPPCL__2lkm,soppe_legacy,2lkm,2lkm,A,65d9ac10de70cff10cf575fa1191bd0abde407e1b54e5f823fe57e9129994a6d,42,JHG30_6d947c5dd846,weak_train,-1,included_in_development_residue_labels
SOPPCL__2lkn,soppe_legacy,2lkn,2lkn,A,682e689585db6ab84616746379770117e01f7d709bb7359161eeab732bbba046,165,JHG30_84c9df0e21e6,weak_train,-1,included_in_development_residue_labels
SOPPCL__2lko,soppe_legacy,2lko,2lko,A,8caa199bc7a6e1e73a2b8d2e1775783e57196e61f6288096df77e0761004a47e,138,JHG30_ea50274ebe97,weak_validation,-1,included_in_development_residue_labels
SOPPCL__2lky,soppe_legacy,2lky,2lky,A,9971ed1bf631d2bee10a5792c8d9d9253877efcf8e031839cdb69f3eec10f734,112,JHG30_b42bd79d1bcc,weak_train,-1,included_in_development_residue_labels
SOPPCL__2ll0,soppe_legacy,2ll0,2ll0,A,8c64a58bef95495cd99eac57a1ab80f282a801c82ef9a27ffcae3e40c7acfca9,104,JHG30_0679b5e0383f,weak_train,-1,included_in_development_residue_labels
SOPPCL__2lle,soppe_legacy,2lle,2lle,A,8fe589b13be39036923f7007ca5a30da55f6b8acffde6d6adf6cd5a9538359db,234,JHG30_e65f04aa4b01,weak_train,-1,included_in_development_residue_labels
SOPPCL__2llg,soppe_legacy,2llg,2llg,A,22dc8595f8a3ef326dcee3f8846305e6759a253206f90a4adf3879e4a2b27928,143,JHG30_cf4309af165e,weak_train,-1,included_in_development_residue_labels
SOPPCL__2llh,soppe_legacy,2llh,2llh,A,255491156b70621f687c6a2cf77abf324c982488f6857f2b5790b1841d6e9382,70,JHG30_78a6ac15630f,weak_train,-1,included_in_development_residue_labels
SOPPCL__2llv,soppe_legacy,2llv,2llv,A,cf235b9f660f8b776a1302f5cbe8d0e2802cadd5f2b1a7706c27946e014bc0f6,71,JHG30_6e9b525059c1,weak_train,-1,included_in_development_residue_labels
SOPPCL__2llx,soppe_legacy,2llx,2llx,A,f810d5b50ee372cb57eb72376c6605d7a85fb4c6b0e931fc8bc60acb8933f71b,142,JHG30_0b420a5650ca,weak_train,-1,included_in_development_residue_labels
SOPPCL__2llz,soppe_legacy,2llz,2llz,A,aa57eb8b4cdde5aa166d30448b2954d65a6b5f1ffdb266eb8f27fa199559893a,100,JHG30_c61aa6299f66,weak_train,-1,included_in_development_residue_labels
SOPPCL__2lm0,soppe_legacy,2lm0,2lm0,A,89192bfe1702ad426ed5e946f53bcbbb4e634d334b67dd2c8b10c0af31bd8daf,125,JHG30_03c4424d907c,weak_train,-1,included_in_development_residue_labels
SOPPCL__2lm3,soppe_legacy,2lm3,2lm3,A,b03be1548b9c05455dd75aca42886d6f3147daa3ee941ef55ff37facea6616bf,205,JHG30_ee545fd4c879,weak_train,-1,included_in_development_residue_labels
SOPPCL__2lm4,soppe_legacy,2lm4,2lm4,A,9267fa890e04876a2ffae9e61945c8a7896a0c36d5736610a6560fba61c52388,109,JHG30_b93f895e6b0a,weak_train,-1,included_in_development_residue_labels
SOPPCL__2lmc,soppe_legacy,2lmc,2lmc,A,7f34d25397bb0ebe4a3c1b84926965ad2e38a9c526541bcc7ade94c7acc26f34,59,JHG30_7e2f57517509,weak_train,-1,included_in_development_residue_labels
SOPPCL__2lmd,soppe_legacy,2lmd,2lmd,A,04e79f77ba766979f06956919f5b99b4864ead4d05d9e05ebe2451b6f7f90873,174,JHG30_c4c2e8128684,weak_train,-1,included_in_development_residue_labels
SOPPCL__2lme,soppe_legacy,2lme,2lme,A,27e3b3c026a18fa311416eaae7a545ed67f0b959032657881e09f3b8b282ddf7,105,JHG30_59ad05699ad2,weak_train,-1,included_in_development_residue_labels
SOPPCL__2lmi,soppe_legacy,2lmi,2lmi,A,c6b3dbab367841aa31b93f87d6f52d03d11af7c89a88eba129951411028d37e2,107,JHG30_7263144c1f0e,weak_train,-1,included_in_development_residue_labels
SOPPCL__2lmk,soppe_legacy,2lmk,2lmk,A,2b9635fec5a90c3a3c2376387c42addd44061e55d78f865ab4800accd1052f26,57,JHG30_0a746c9fbd06,weak_train,-1,included_in_development_residue_labels
SOPPCL__2lml,soppe_legacy,2lml,2lml,A,26f0b0ccf701bc5a5d73cdce69440236f5da5b7f1916ad77a6ad7efec23b4f32,87,JHG30_a7e7e2ff5ee0,weak_train,-1,included_in_development_residue_labels
SOPPCL__2lms,soppe_legacy,2lms,2lms,A,29e80392201a8913c59083e243420c929b9e103f1d4ff543b35d205b51280625,165,JHG30_d6cd76f9c6f5,weak_train,-1,included_in_development_residue_labels
SOPPCL__2lmz,soppe_legacy,2lmz,2lmz,A,70ea6b5cb31a94ad1e1269514d9e9164db0745bff4bccb9e0d387d74b5d1fb92,42,JHG30_ffb319b1a4a8,weak_train,-1,included_in_development_residue_labels
SOPPCL__2ln3,soppe_legacy,2ln3,2ln3,A,c8fdad807f43f37c2a4e0f6bc568e286a04b68fa88593e7213c00659829927fd,83,JHG30_fd68db4725c8,weak_train,-1,included_in_development_residue_labels
SOPPCL__2ln7,soppe_legacy,2ln7,2ln7,A,9ed504aef0d1373e672b19674e12376ab6c8ea65a1d69e6793a0f5939e0a5fe3,147,JHG30_424ea2dd30e7,weak_train,-1,included_in_development_residue_labels
SOPPCL__2ln8,soppe_legacy,2ln8,2ln8,A,34939b116f5194cbc4b4f154669a39d6de0839a1be592d9fa843cc24c8b91271,75,JHG30_0499a2f6b2b2,weak_train,-1,included_in_development_residue_labels
SOPPCL__2lna,soppe_legacy,2lna,2lna,A,926b27d4a8db9fa8f4bde99ed8d116278501f4f860e6f159a0056d6f0a734ef6,99,JHG30_92fe7390b195,weak_train,-1,included_in_development_residue_labels
SOPPCL__2lnc,soppe_legacy,2lnc,2lnc,A,d076981c0cd09b89fbcc25d7d4bc9ac7c1f24d050f3e7f821262bb6d22ecafef,188,JHG30_023f3917b8d3,weak_train,-1,included_in_development_residue_labels
SOPPCL__2lnh,soppe_legacy,2lnh,2lnh,A,3fc6db42c8332e391833486fbcd4eddd2db0c136dbeeaac0a9c300925c26fcd7,65,JHG30_c3ec95c837c9,weak_train,-1,included_in_development_residue_labels
SOPPCL__2lnj,soppe_legacy,2lnj,2lnj,A,d0cfe57883325fb61b2904ccd843b7be8397474a80a2e2431dd240bab4df0b55,170,JHG30_2cf0f2dfb5b8,weak_validation,-1,included_in_development_residue_labels
SOPPCL__2lnl,soppe_legacy,2lnl,2lnl,A,779edf5101894dff2f6f390678ca836eb7829451389d4b99629c2fc304b82865,296,JHG30_ecebf7564cf5,weak_train,-1,included_in_development_residue_labels
SOPPCL__2lnv,soppe_legacy,2lnv,2lnv,A,773c205ca0cc3bc517275c075fc4de4fbea0366c88a1708aec7c406dcc2a3da3,104,JHG30_0f72a08cc30b,weak_validation,-1,included_in_development_residue_labels
SOPPCL__2lnw,soppe_legacy,2lnw,2lnw,A,0b7f6e50c376ea1c418f52050e44ff7b0b30ce8c33fd1dff88200a94f7038316,113,JHG30_7c410db2355b,weak_train,-1,included_in_development_residue_labels
SOPPCL__2lnz,soppe_legacy,2lnz,2lnz,A,0a3ba2cc3eaf9b89247118de3c95d457cb176070cd991046a7d30c0a18987c45,40,JHG30_0c5c07f74691,weak_train,-1,included_in_development_residue_labels
SOPPCL__2lo0,soppe_legacy,2lo0,2lo0,A,78d9ceed5d3edf7daba5361046e2101f644f9acc4bb9f71200745819af7207d6,45,JHG30_cbaed903f8cb,weak_train,-1,included_in_development_residue_labels
SOPPCL__2lo6,soppe_legacy,2lo6,2lo6,A,835b1974547363c0e3cf0e6f388b0917ebb13e7e1b329c3fe4bef25f40b21d26,154,JHG30_1ec352c780a6,weak_train,-1,included_in_development_residue_labels
SOPPCL__2loe,soppe_legacy,2loe,2loe,A,ee044a9568dfd5109c2a5c749cd18932cf4a5e4c81999c136918ce51bc7a4ff4,127,JHG30_df8c9f87cdc2,weak_validation,-1,included_in_development_residue_labels
SOPPCL__2lok,soppe_legacy,2lok,2lok,A,0d1dbf385d5cb46278ac93468ccd438d719d6ad47dd9e4f1c003faa695888507,191,JHG30_8564c45ab12b,weak_train,-1,included_in_development_residue_labels
SOPPCL__2lon,soppe_legacy,2lon,2lon,A,ccea42cf67490e5122475d5e9c10d6a5547d04c123290ea4a2f40f7f0f960891,99,JHG30_2167eece4a5d,weak_train,-1,included_in_development_residue_labels
SOPPCL__2loq,soppe_legacy,2loq,2loq,A,f36340dfa0802b741fda0ab7eb9bee1040b0fbba601810ba494d0261c6f67c97,104,JHG30_6f306823d859,weak_train,-1,included_in_development_residue_labels
SOPPCL__2lor,soppe_legacy,2lor,2lor,A,31a288bc555c86fc2a42644b58ec4792e71c1bd9518afdc93245997c4bf7b81a,108,JHG30_94a72c286e70,weak_train,-1,included_in_development_residue_labels
SOPPCL__2los,soppe_legacy,2los,2los,A,95414094bc41e5ac8af5c6313ef37753130a07cfcd18603a72a0db1fa3711c61,112,JHG30_17bd7daa513b,weak_train,-1,included_in_development_residue_labels
SOPPCL__2lot,soppe_legacy,2lot,2lot,A,8229370155ac45df534cd114ee1588525c738471a4ca767cc0181f1df5e27f6b,64,JHG30_910e5635d4c2,weak_train,-1,included_in_development_residue_labels
SOPPCL__2lox,soppe_legacy,2lox,2lox,A,6d4d7d307e04fa060ae1c0a09fe2ddc68460d3bc5081479dae5bf67db4f6da2e,115,JHG30_a877421d9562,weak_train,-1,included_in_development_residue_labels
SOPPCL__2lp4,soppe_legacy,2lp4,2lp4,A,065966bc654bb74a424a6e1c179d1cc89bf7125ea3078438a6c07d4958e8b7ea,225,JHG30_368859cf48b1,weak_train,-1,included_in_development_residue_labels
SOPPCL__2lpb,soppe_legacy,2lpb,2lpb,A,04edce5c3fc4ec6aa5bdb945238d2f60773acd8d0f6e473b94135e0bccefc11d,81,JHG30_8dba0f748032,weak_train,-1,included_in_development_residue_labels
SOPPCL__2lpd,soppe_legacy,2lpd,2lpd,A,9931d84b2f6d3d0d3cb29da75152aa1095a9990c135361beca980abc2aa94104,95,JHG30_5c157a47c4f1,weak_train,-1,included_in_development_residue_labels
SOPPCL__2lpe,soppe_legacy,2lpe,2lpe,A,1b75a46d05b1cd7e854f31ad2d2a17b8e97ec2eb20cc3ff53263309cbb9bef8f,149,JHG30_ef5ba81afb99,weak_validation,-1,included_in_development_residue_labels
SOPPCL__2lpm,soppe_legacy,2lpm,2lpm,A,07a9510796b8463789b5ddae41a9b30c31283e0fad96b8e082338e5b6b11e018,123,JHG30_09dbf08ab4b8,weak_train,-1,included_in_development_residue_labels
SOPPCL__2lpu,soppe_legacy,2lpu,2lpu,A,f558a43679d10d4b4366beb2a8e0fd017e68124dbf24f7fc43e2842baf84960e,148,JHG30_a115175dbd9a,weak_train,-1,included_in_development_residue_labels
SOPPCL__2lpx,soppe_legacy,2lpx,2lpx,A,527e8901d74f3581de8f3ae07abea1099320ae3f7d9b58671417f6e8f9a0863c,159,JHG30_23cec51a292c,weak_train,-1,included_in_development_residue_labels
SOPPCL__2lq3,soppe_legacy,2lq3,2lq3,A,53aacb03f0fb191af5c3e0ed564927eb3f9ecd8d7f0777d663858a7b08a860d9,130,JHG30_5fdc9a042601,weak_validation,-1,included_in_development_residue_labels
SOPPCL__2lq5,soppe_legacy,2lq5,2lq5,A,f58ca862401ca6ef71b3ab87b720119c969d1f222b24133e49ae7756126a9f9b,113,JHG30_5e3533ff5183,weak_train,-1,included_in_development_residue_labels
SOPPCL__2lq7,soppe_legacy,2lq7,2lq7,A,4a6ef025e54356f66914985d49ea4bcc6ff94fcb6d5bb4a90c4a331ef6a2635a,97,JHG30_6527e0b3d482,weak_train,-1,included_in_development_residue_labels
SOPPCL__2lqg,soppe_legacy,2lqg,2lqg,A,2cf1b360f83077d3f315cfae7334be0ebb25024330e853e5f8ded4132596e744,138,JHG30_65302e48512c,weak_validation,-1,included_in_development_residue_labels
SOPPCL__2lqh,soppe_legacy,2lqh,2lqh,A,55ef050a34ed16487c8b93bfe3280e0a23bc6bbf9a80487c55509e9aa85e39c9,87,JHG30_43ebe6621471,weak_train,-1,included_in_development_residue_labels
SOPPCL__2lql,soppe_legacy,2lql,2lql,A,ca2a68d3d42aab2bc085cff9d747e814507499a2fc4b639221cacde85e680a91,83,JHG30_4ba82abb00d7,weak_train,-1,included_in_development_residue_labels
SOPPCL__2lqm,soppe_legacy,2lqm,2lqm,A,fbf949e8113a4e66f423af3865c0f58cae80fb95349f2af697875dfecd2f5a6f,174,JHG30_34504b333834,weak_train,-1,included_in_development_residue_labels
SOPPCL__2lqt,soppe_legacy,2lqt,2lqt,A,31bfc55694727105d8302175caa649316259a2b1066b5684f307eeebea0a0660,72,JHG30_e8106a67612c,weak_validation,-1,included_in_development_residue_labels
SOPPCL__2lqu,soppe_legacy,2lqu,2lqu,A,d90c623d7847d0076cb2087655f930421984cd5ad2bad45b5c9cc16a875c9bc8,168,JHG30_6bb381f67a65,weak_train,-1,included_in_development_residue_labels
SOPPCL__2lqv,soppe_legacy,2lqv,2lqv,A,619bb7569ef7abe8398fa3c4ed18204dfb4e62fd8279182ef436e8f9e8f0a3ce,99,JHG30_f9d5bc45303f,weak_train,-1,included_in_development_residue_labels
SOPPCL__2lqx,soppe_legacy,2lqx,2lqx,A,eb26e83d39c695974dbb8b3359a5cf227afb29eb2a8dbeb5d580c21f4d8b2c42,41,JHG30_f094e98edb2f,weak_train,-1,included_in_development_residue_labels
SOPPCL__2lr4,soppe_legacy,2lr4,2lr4,A,2a3f32c4e058d86c7069ab3775898e476e27aa8c28063c49a114d9116a1dac44,128,JHG30_92a51e9874e2,weak_validation,-1,included_in_development_residue_labels
SOPPCL__2lra,soppe_legacy,2lra,2lra,A,4724e28705eaaf0d659998f5fef3a456c11b4c6e6722c72b64756309696d6c20,81,JHG30_520f757caefd,weak_train,-1,included_in_development_residue_labels
SOPPCL__2lrd,soppe_legacy,2lrd,2lrd,A,95da67e95d77d2cfa7ad9dc8d49e5ff535be15efe321428f9eac66ba78489706,61,JHG30_8c66ebcb0ad2,weak_train,-1,included_in_development_residue_labels
SOPPCL__2lrm,soppe_legacy,2lrm,2lrm,A,09f4d2f600c5c8169eecfaced5e2085fc92627a3dbe666b109306dc08da67aa1,84,JHG30_e35596465667,weak_train,-1,included_in_development_residue_labels
SOPPCL__2lrn,soppe_legacy,2lrn,2lrn,A,c386d05d29d2349b1c46e1dc0237d1492872c8a049ef73b70e2f4bd72dce3283,152,JHG30_792f3bb3e887,weak_train,-1,included_in_development_residue_labels
SOPPCL__2lru,soppe_legacy,2lru,2lru,A,808b318ff8e3590d0dde7d2e5a9882ba30b83bd3da22c38f8e15aeda3cdf63b6,98,JHG30_dd6461b5fd08,weak_train,-1,included_in_development_residue_labels
SOPPCL__2ls0,soppe_legacy,2ls0,2ls0,1,c68b90a9b328ae871247c1b01f56fbe1ff3b0fb3088ae911d6d410d400c8c62f,128,JHG30_43205ca9e5f1,weak_train,-1,included_in_development_residue_labels
SOPPCL__2ls5,soppe_legacy,2ls5,2ls5,A,719154cd7051e5ad75bf905539145d0910aa052a22cfba3c7e290bcd3dce1cd8,159,JHG30_792f3bb3e887,weak_train,-1,included_in_development_residue_labels
SOPPCL__2ls6,soppe_legacy,2ls6,2ls6,A,17e8f332888d5e01eb5f7e6f1d33057887131a9a1955d723d1c65a4156babae2,164,JHG30_980ea5849ac3,weak_train,-1,included_in_development_residue_labels
SOPPCL__2ls8,soppe_legacy,2ls8,2ls8,A,c5e66b6fd4349b035719b8f8890b64d63f963331f17d9740bff050afde25db04,142,JHG30_cc473dd98c3e,weak_train,-1,included_in_development_residue_labels
SOPPCL__2lsh,soppe_legacy,2lsh,2lsh,A,08b8895bdac8559b295619f8145239b1308ef6946816adf8f349573272db6e96,118,JHG30_6228a06e581c,weak_train,-1,included_in_development_residue_labels
SOPPCL__2lsj,soppe_legacy,2lsj,2lsj,A,11a3bb9af7f2d9e7b5aeef07bf51d119dec91f28a08d020cda676236e9e352bd,97,JHG30_9bc10b44934c,weak_train,-1,included_in_development_residue_labels
SOPPCL__2lsl,soppe_legacy,2lsl,2lsl,A,48d5f74f0eb31517532d31df80188c375d0cf40652f7a2d48b883398474ac097,130,JHG30_ac7cbfd28d42,weak_train,-1,included_in_development_residue_labels
SOPPCL__2lsn,soppe_legacy,2lsn,2lsn,A,57f9f21987ce5477f953060f879c04349acb585aac5d76877e6afd3b8210bd81,165,JHG30_4029f45009ec,weak_train,-1,included_in_development_residue_labels
SOPPCL__2lst,soppe_legacy,2lst,2lst,A,a34852e4923558a8d20b8fd4bc054fb1b87fa808fe9030eb245cc05524f1d288,130,JHG30_5bf20e8a48d6,weak_train,-1,included_in_development_residue_labels
SOPPCL__2lt2,soppe_legacy,2lt2,2lt2,A,7a280177e74deb34f381d15f242412c907239261590d835aaffc6b03a1b285d0,145,JHG30_8e32b0153a9f,weak_train,-1,included_in_development_residue_labels
SOPPCL__2lt7,soppe_legacy,2lt7,2lt7,A,a7d205fc4e47fd2a01a2302c24250f9f81dc606a213f5217dd33c6e2527b05eb,133,JHG30_cd913be7f3f2,weak_train,-1,included_in_development_residue_labels
SOPPCL__2ltj,soppe_legacy,2ltj,2ltj,A,a9e378d3db4194a2e68cc451ec092b25a4ad7b0765d8d514e1eee7ee2167ece6,111,JHG30_2cecddfac3e9,weak_validation,-1,included_in_development_residue_labels
SOPPCL__2ltl,soppe_legacy,2ltl,2ltl,A,ccbc73f701a47543a0fef017f4430d32432b9fe8573e7ad6d75bcca0c7ec84a7,119,JHG30_7e1221bcef22,weak_train,-1,included_in_development_residue_labels
SOPPCL__2ltm,soppe_legacy,2ltm,2ltm,A,8a88c6785025c097ef50cbd50e40d3949178991798a2ac8596c5ecadbdd51d25,107,JHG30_7e1221bcef22,weak_train,-1,included_in_development_residue_labels
SOPPCL__2ltr,soppe_legacy,2ltr,2ltr,A,0ef2567868ab48a4e9694680f6f0c93aefd7e1eb1848c27020926daad93faf3a,105,JHG30_e60988493fc4,weak_train,-1,included_in_development_residue_labels
SOPPCL__2ltu,soppe_legacy,2ltu,2ltu,A,cda0a02ff78abf7f45eac8c7a60f81bd67fae7adb6d2247e26ba7145f6b13940,62,JHG30_7bc3397b4e2d,weak_train,-1,included_in_development_residue_labels
SOPPCL__2lu1,soppe_legacy,2lu1,2lu1,A,3ea85900f4327fdd17f366922fa7dc9684b671cd762d0c0ae549e25b7ec0149d,89,JHG30_8e6209a0e7a1,weak_train,-1,included_in_development_residue_labels
SOPPCL__2lu2,soppe_legacy,2lu2,2lu2,A,14c7b686ecdd5e8b3c283ffe32cccee7ffe5adf0f340ff3228d32c1acdc25236,81,JHG30_779395abed70,weak_train,-1,included_in_development_residue_labels
SOPPCL__2lu3,soppe_legacy,2lu3,2lu3,A,ef080b7ce9eaf4093ecd5b8c5f8124bd4cde979ff6a70d91f9db2a896c21e9f9,105,JHG30_5b4a384a67eb,weak_train,-1,included_in_development_residue_labels
SOPPCL__2lua,soppe_legacy,2lua,2lua,A,0656554b15da71ac2ee3b4e91f8394bba0d2dc14c7a0fdc19cdc96f91e53402b,52,JHG30_840d44227d0e,weak_train,-1,included_in_development_residue_labels
SOPPCL__2luh,soppe_legacy,2luh,2luh,A,1e2fe0ed544c93a03bd94432b34c8f9217a26466a6c1d92598ac9742c501a2ae,167,JHG30_7460fc3d7b49,weak_train,-1,included_in_development_residue_labels
SOPPCL__2lui,soppe_legacy,2lui,2lui,A,b08d79616c66cb4bd0a459c9365912cb65db4e904d03dace0527537484b00647,116,JHG30_ee42fa0346a9,weak_train,-1,included_in_development_residue_labels
SOPPCL__2lul,soppe_legacy,2lul,2lul,A,3331d8e39fd9daa2d1a4c4ab397269f3f341728459dc84208a3081b1910d10ea,164,JHG30_5ca3da0a3ff1,weak_validation,-1,included_in_development_residue_labels
SOPPCL__2luw,soppe_legacy,2luw,2luw,A,bf96f48bc835a594a6a1ab307de5678f1e6749146483ce73575902f7832f0671,101,JHG30_fc63529a27e3,weak_train,-1,included_in_development_residue_labels
SOPPCL__2luy,soppe_legacy,2luy,2luy,A,6d64a42ca1943c54a206ce648906ae573c5d02ada1e17e322c287bc55eb65253,96,JHG30_0552e123e773,weak_train,-1,included_in_development_residue_labels
SOPPCL__2luz,soppe_legacy,2luz,2luz,A,2a6713a0bfe2806d8ab134760fa94b0048860ed6a573b8baa76027a95d28869a,182,JHG30_56484237c344,weak_train,-1,included_in_development_residue_labels
SOPPCL__2lv4,soppe_legacy,2lv4,2lv4,A,9eb89a8f2ea3a73e6821ff079af5cc61ea27aada9fe6086541f072ba0f614484,146,JHG30_66dc0f406cd7,weak_train,-1,included_in_development_residue_labels
SOPPCL__2lv5,soppe_legacy,2lv5,2lv5,A,30e617454e40f44fe058d0017b8b1bc6081ea06ec08f29b22c76aa8af6b72640,108,JHG30_209b5b08734d,weak_train,-1,included_in_development_residue_labels
SOPPCL__2lv9,soppe_legacy,2lv9,2lv9,A,a1cc5636ab2904b153d93bd077fa80ac098a9a51aae072fecbcf5628a25c7c9d,80,JHG30_b3f3096da199,weak_train,-1,included_in_development_residue_labels
SOPPCL__2lvf,soppe_legacy,2lvf,2lvf,A,b55b2958b9d801b7197615ce8419aeab9c626619baeed996d42c5ff716003a5e,114,JHG30_bed5c31c70b8,weak_train,-1,included_in_development_residue_labels
SOPPCL__2lvh,soppe_legacy,2lvh,2lvh,A,1e84733dd9c81bbbd65beff7471dc59c8f91aa473ad9112674525c878da657b9,45,JHG30_d8c0d9d227a1,weak_train,-1,included_in_development_residue_labels
SOPPCL__2lvl,soppe_legacy,2lvl,2lvl,A,216ddbfeabc6ae090e7b7eb74074ff5395f702ba7f4da1031e331b93e4cc6539,128,JHG30_24ad9b3b7256,weak_train,-1,included_in_development_residue_labels
SOPPCL__2lvv,soppe_legacy,2lvv,2lvv,A,3841c06749ad9bc86818ac0107cca487af8b257e724668aed77edf6af74f1d37,220,JHG30_1159a2950454,weak_train,-1,included_in_development_residue_labels
SOPPCL__2lvw,soppe_legacy,2lvw,2lvw,A,2be862067856d4715c176980f96db38f635c7bb000aa1d3b92cf85886ade360e,98,JHG30_20c3c39d8d2c,weak_train,-1,included_in_development_residue_labels
SOPPCL__2lvx,soppe_legacy,2lvx,2lvx,A,4e55fff0bedc181f78bb85865a7108e9758ec634e8af4318f498d4b74ae4511e,94,JHG30_cc8f83943033,weak_validation,-1,included_in_development_residue_labels
SOPPCL__2lw1,soppe_legacy,2lw1,2lw1,A,cfcce8dd3e4c6e542fef4194bad20e79a017710fec2237d1212489beedd0965a,85,JHG30_1c4e037ae51c,weak_train,-1,included_in_development_residue_labels
SOPPCL__2lw3,soppe_legacy,2lw3,2lw3,A,6daa7559efaff4ddcd28cd790d50a5616f34873fce3b51c4b9e45d8b0711de27,90,JHG30_539a1d96299c,weak_train,-1,included_in_development_residue_labels
SOPPCL__2lw7,soppe_legacy,2lw7,2lw7,A,d43a507965b7f4cff3fdb3f134efe39229f37aed78804d3142b7ea555353b44e,170,JHG30_7c5e519ea0ce,weak_train,-1,included_in_development_residue_labels
SOPPCL__2lw8,soppe_legacy,2lw8,2lw8,A,ae4738b2eaa6f81a8487ee45cf30b85379ac1d625909d601ccd1e64a4283c252,183,JHG30_1feb4251b0f0,weak_train,-1,included_in_development_residue_labels
SOPPCL__2lw9,soppe_legacy,2lw9,2lw9,A,a1baa2b28e158f52f77d02ba73f4e099ffedf3350d9b10f6c894a07bd770a1a9,51,JHG30_2e1d1ac76824,weak_train,-1,included_in_development_residue_labels
SOPPCL__2lwd,soppe_legacy,2lwd,2lwd,A,d452981f93ac6f99b663983e8693a35f5db064973141ffda17ad647567038fb3,96,JHG30_e4e14b5b78a7,weak_train,-1,included_in_development_residue_labels
SOPPCL__2lwf,soppe_legacy,2lwf,2lwf,A,71323966abf610933776082e01832de86c44bdb2108959db34ebb290341180bb,119,JHG30_21d98f7ce333,weak_train,-1,included_in_development_residue_labels
SOPPCL__2lwj,soppe_legacy,2lwj,2lwj,A,4ede4cb82aa371973cfa2eb7599c3745cbcd375643bc622642f51ce501de766a,167,JHG30_4531f8e327c8,weak_train,-1,included_in_development_residue_labels
SOPPCL__2lwp,soppe_legacy,2lwp,2lwp,A,5badb8ac8367c883bef5c8525611e1846e51018e2f87b5b1898697523f48017e,97,JHG30_08d95d6ffb81,weak_train,-1,included_in_development_residue_labels
SOPPCL__2lww,soppe_legacy,2lww,2lww,A,8da767615af6ac994fbf94f9c9a3875e7716f15bfe79da919b084f8c59ae3125,100,JHG30_9a772ed4d4bf,weak_train,-1,included_in_development_residue_labels
SOPPCL__2lwx,soppe_legacy,2lwx,2lwx,A,ebefa57c6da92799de21985badaa79bb9636364b578c0175f2d5b7a40d926f69,88,JHG30_73c8f8e93f38,weak_train,-1,included_in_development_residue_labels
SOPPCL__2lwy,soppe_legacy,2lwy,2lwy,A,d63a4822de58dce7fed0aff7564b69f1215941bedc075d3ac31317853bdef821,138,JHG30_a611e466c962,weak_train,-1,included_in_development_residue_labels
SOPPCL__2lxe,soppe_legacy,2lxe,2lxe,A,a4324ad8d06f01a92bde681dbe32419f27170e972fe811e7e6662ef5fe4865e7,109,JHG30_dd186ac40ecf,weak_train,-1,included_in_development_residue_labels
SOPPCL__2lxf,soppe_legacy,2lxf,2lxf,A,5a798dcaa91c34e25a8252eb92bd7956851583fd5117abac944dc98259f22aa6,121,JHG30_9be86be5f6bb,weak_train,-1,included_in_development_residue_labels
SOPPCL__2lxi,soppe_legacy,2lxi,2lxi,A,e6720b382079fc3f593e6599957d061008906e70337b6d329298fb85a78c7ef0,91,JHG30_3f9a5f024172,weak_train,-1,included_in_development_residue_labels
SOPPCL__2lxl,soppe_legacy,2lxl,2lxl,A,741addd8241958cc1671bc8f771a96c19446666eb33dfc573230c43285722fc9,163,JHG30_1e5043149192,weak_train,-1,included_in_development_residue_labels
SOPPCL__2lxn,soppe_legacy,2lxn,2lxn,A,0b394f127141b63cdc9ad7517ad671cf62d0dda8835152169a623eb99e05f273,188,JHG30_8d474b21b29d,weak_train,-1,included_in_development_residue_labels
SOPPCL__2lxr,soppe_legacy,2lxr,2lxr,A,3cbb48b154390e3122d4687066a031fd87876c40c91d10eb1626105e78e3a08a,76,JHG30_4e1f88e7450e,weak_train,-1,included_in_development_residue_labels
SOPPCL__2ly1,soppe_legacy,2ly1,2ly1,A,b2ed50173adbca2fe27eedcbd7204ae70e0e27c1cca765471a5d09e6b1f65d85,180,JHG30_bcc5c5a28464,weak_train,-1,included_in_development_residue_labels
SOPPCL__2ly3,soppe_legacy,2ly3,2ly3,1,d0790d44a7005e739827a18ccc69a405fde812e145926a905a4db9d97c813335,89,JHG30_80e5cca03234,weak_train,-1,included_in_development_residue_labels
SOPPCL__2ly7,soppe_legacy,2ly7,2ly7,A,c7ed03ddf3a476a0926519b81d90c60c18efbac524b369199c1101b3156914c1,139,JHG30_5d517f0b2b27,weak_train,-1,included_in_development_residue_labels
SOPPCL__2lyc,soppe_legacy,2lyc,2lyc,A,d40f93d59507ee37b75294d0bdcf625265b1c402b558a82c8a7f561fcc6ef7ad,130,JHG30_0fa22699e39c,weak_train,-1,included_in_development_residue_labels
SOPPCL__2lyd,soppe_legacy,2lyd,2lyd,A,6d48aee25f5c423b36555e004aff88c8e16fc708632d0b9e3387237d43b6bfb0,134,JHG30_22141468da4e,weak_train,-1,included_in_development_residue_labels
SOPPCL__2lyi,soppe_legacy,2lyi,2lyi,A,3373b4c99924ce651d2676f6cf67e91e97d3940337d72b1c6a5df1ea825cdc3a,167,JHG30_20aa85424cfa,weak_train,-1,included_in_development_residue_labels
SOPPCL__2lyv,soppe_legacy,2lyv,2lyv,A,53744b26ea4813ca8eafa224fac3361a77e304bde4638b6762196efb608f095c,196,JHG30_68a8aabceab4,weak_train,-1,included_in_development_residue_labels
SOPPCL__2lyx,soppe_legacy,2lyx,2lyx,A,da1fa1aa975210b3544cdde58e49924b89f9522f9292768271dca51bc2a7a714,87,JHG30_ffa81bd7aa5d,weak_train,-1,included_in_development_residue_labels
SOPPCL__2lyy,soppe_legacy,2lyy,2lyy,A,4f850a386a6762cc83e3bd1bcf9f5fc7c48578207de0a4e60111b3ad6265a204,96,JHG30_367852c65b18,weak_validation,-1,included_in_development_residue_labels
SOPPCL__2lz0,soppe_legacy,2lz0,2lz0,A,ad2a19d3b85879b42fff93a960154fad97e1cfc29e50cc99f9f1a4495512ad05,100,JHG30_884f4673d277,weak_train,-1,included_in_development_residue_labels
SOPPCL__2lzf,soppe_legacy,2lzf,2lzf,A,13bcae73ad1b5d7e785cc264361c1c05c66378f520f2cc65682dbcf81e9d1354,68,JHG30_b8f5fd226caf,weak_train,-1,included_in_development_residue_labels
SOPPCL__2lzn,soppe_legacy,2lzn,2lzn,A,ff3720c70701c3bb8582f23a9b46802950af15744fd9a804e68bb416db0a05db,143,JHG30_507293de75f9,weak_train,-1,included_in_development_residue_labels
SOPPCL__2lzz,soppe_legacy,2lzz,2lzz,A,9ce2810cbac4d4b826ea01d966981c5428c1a7c17f9935537360bb50689cc7a6,71,JHG30_45198763770a,weak_train,-1,included_in_development_residue_labels
SOPPCL__2m0a,soppe_legacy,2m0a,2m0a,A,4ae62a2b1e6cefb224fc8f9c4d793a1c7a8b560cacdd49829b574527e1199721,114,JHG30_ecdca150ce09,weak_train,-1,included_in_development_residue_labels
SOPPCL__2m0g,soppe_legacy,2m0g,2m0g,A,accf29915df7f0395bfa611703198c7c68dbeefd745c30aff4c2fd50c01b1317,145,JHG30_33b87c4f90c6,weak_train,-1,included_in_development_residue_labels
SOPPCL__2m0m,soppe_legacy,2m0m,2m0m,A,33d5d7ad717d1e439571af4c470244c66405edd28edeee6a7ff5767318abdb7e,107,JHG30_347c7feee9d2,weak_validation,-1,included_in_development_residue_labels
SOPPCL__2m0q,soppe_legacy,2m0q,2m0q,A,2bd7de03f215537cb18e5a86eebcafb24b17cbb087d9805e0ef9debe762f0fa3,123,JHG30_2d35e14773de,weak_train,-1,included_in_development_residue_labels
SOPPCL__2m0r,soppe_legacy,2m0r,2m0r,A,3cdbf86b13d427741c547c2416b9345c1d9af21cb83a40eaf945cd76fa783aa3,104,JHG30_4652dccbc6ab,weak_train,-1,included_in_development_residue_labels
SOPPCL__2m14,soppe_legacy,2m14,2m14,A,6d4d7d307e04fa060ae1c0a09fe2ddc68460d3bc5081479dae5bf67db4f6da2e,115,JHG30_a877421d9562,weak_train,-1,included_in_development_residue_labels
SOPPCL__2m19,soppe_legacy,2m19,2m19,A,d779154ba74276d1f08329b7d90a59f197435ed5365cd89773106bf99dab5e58,106,JHG30_d92d901f2294,weak_train,-1,included_in_development_residue_labels
SOPPCL__2m1b,soppe_legacy,2m1b,2m1b,A,7d79c68cea4872f22b4fc069fad24e7214a788ca9ebb7aef6aefe38a5286f249,116,JHG30_3646c47dac12,weak_train,-1,included_in_development_residue_labels
SOPPCL__2m1l,soppe_legacy,2m1l,2m1l,A,b601a47e87b4516a33c9c2d3d4e0db3716c07ac692d925108fa809763f59a56e,69,JHG30_9c26b72f8304,weak_train,-1,included_in_development_residue_labels
SOPPCL__2m1x,soppe_legacy,2m1x,2m1x,A,10139f7e7b3c0f00945ee4e63f0177cdfefb40e38a6ad4f215f3a4ef6550303d,160,JHG30_09508d8743c0,weak_train,-1,included_in_development_residue_labels
SOPPCL__2m26,soppe_legacy,2m26,2m26,A,ce5d95c0648ce83fd8709f651018bc8acc3912a7c998667aa5b5552946652f48,126,JHG30_118f473cb8fa,weak_validation,-1,included_in_development_residue_labels
SOPPCL__2m2b,soppe_legacy,2m2b,2m2b,A,e15ff97a920d274e33c9b249d53afad9a6d1afa6a9277cfe38526b5b6b78bfd1,131,JHG30_c1b4a9923dcc,weak_train,-1,included_in_development_residue_labels
SOPPCL__2m2d,soppe_legacy,2m2d,2m2d,A,8e412bc36dcee84a7fff76d906d7bcae71f7e44c83d121ad3df4bdc7e39b519e,118,JHG30_fb5c8eff97c2,weak_train,-1,included_in_development_residue_labels
SOPPCL__2m2f,soppe_legacy,2m2f,2m2f,A,3da24abf7495ed1ae6943825374896461df9c4ab3c0e62847f70ee179e6526c2,62,JHG30_b9db695ff28a,weak_train,-1,included_in_development_residue_labels
SOPPCL__2m2j,soppe_legacy,2m2j,2m2j,A,70cd1706d917b9eecf142ee7e0e378554b4d93aef8de8805a11d4805a8a2b25f,71,JHG30_b53afef1b61f,weak_train,-1,included_in_development_residue_labels
SOPPCL__2m2k,soppe_legacy,2m2k,2m2k,A,dc48810cf06f2dc4e5bc6d0d028f3f61c4389622d31c90b8cf6b0132f4399ddd,131,JHG30_3332328d493a,weak_train,-1,included_in_development_residue_labels
SOPPCL__2m32,soppe_legacy,2m32,2m32,A,2c4e612ef4d75135e6ff17285e466075cb570300277624d6834d81182a8d1b70,192,JHG30_ba78940d8912,weak_train,-1,included_in_development_residue_labels
SOPPCL__2m33,soppe_legacy,2m33,2m33,A,5dfbaf7a667c8035bcd632f8a1bfa4ae0e126735f47adff45f18b5ca6ee6ab61,104,JHG30_6ea7df982c05,weak_train,-1,included_in_development_residue_labels
SOPPCL__2m35,soppe_legacy,2m35,2m35,A,f683d4272792b7fe0a1b1f938afac430c4a12bbe9ccfd76ec148756820a754e5,52,JHG30_7b6be7a13877,weak_train,-1,included_in_development_residue_labels
SOPPCL__2m38,soppe_legacy,2m38,2m38,A,13374ccd073f8afa63cb8bef68e45c9882aab6fbd48261d7a9552d580e120a00,135,JHG30_3d390f9d9a9b,weak_train,-1,included_in_development_residue_labels
SOPPCL__2m3d,soppe_legacy,2m3d,2m3d,A,b3f9554c07e3d88264c820b1b4aef1cc894c672fa302eaf84552e3045e857c4c,95,JHG30_d68c5259fbdb,weak_train,-1,included_in_development_residue_labels
SOPPCL__2m3e,soppe_legacy,2m3e,2m3e,A,99cd488cc65dd84b8284b92983fc823822482fcef240b4498ffbff1c5b7264d2,50,JHG30_d18fc044d112,weak_validation,-1,included_in_development_residue_labels
SOPPCL__2m3g,soppe_legacy,2m3g,2m3g,A,dae5d18f4dd128fe20bca0bb8c26cabd7ba5ddee4242cba52ec2263014c741c3,229,JHG30_015ef1019112,weak_train,-1,included_in_development_residue_labels
SOPPCL__2m3l,soppe_legacy,2m3l,2m3l,A,1f4da388731d9b34b19b86c879cba846ae8ba0b5c16b13615e7b3d563b98d977,76,JHG30_b28bce49dbba,weak_train,-1,included_in_development_residue_labels
SOPPCL__2m3v,soppe_legacy,2m3v,2m3v,A,176a4a1f09a4243991792221906d58b7fa4a322f3239341b2e1d8081657a7529,193,JHG30_241c9e766b8d,weak_train,-1,included_in_development_residue_labels
SOPPCL__2m45,soppe_legacy,2m45,2m45,A,fb4e3f910caa381a8fdb624b126a40857fe447ab78bb9cb4d8b2adfa99face58,87,JHG30_b72391e8c599,weak_train,-1,included_in_development_residue_labels
SOPPCL__2m46,soppe_legacy,2m46,2m46,A,8ca4b6f8014e1263587db3f260155eff04a99b05673110656d3e733cd71558ef,118,JHG30_18e13effb89f,weak_train,-1,included_in_development_residue_labels
SOPPCL__2m47,soppe_legacy,2m47,2m47,A,03a9761d1b3622441a1236d718fa07320ce1cbeaaad497f48f629df9f5622ec4,163,JHG30_7ab18bf033f4,weak_train,-1,included_in_development_residue_labels
SOPPCL__2m4e,soppe_legacy,2m4e,2m4e,A,ff110f5d514d66132972fc88131fbe2fd060fbc0762021a96b8535b544bab9b0,86,JHG30_b15f91e3e903,weak_train,-1,included_in_development_residue_labels
SOPPCL__2m4f,soppe_legacy,2m4f,2m4f,A,fec2dbe2157be3618f98c470dd9c55028c8a3293318ce2ab3e9768f40824f265,151,JHG30_fcdaf329dd61,weak_train,-1,included_in_development_residue_labels
SOPPCL__2m4h,soppe_legacy,2m4h,2m4h,A,e7b56b1a9545ca4fe1a995c9319af81033858b86e3e232645d2d53c9c184b131,67,JHG30_b2a76a462327,weak_train,-1,included_in_development_residue_labels
SOPPCL__2m4i,soppe_legacy,2m4i,2m4i,A,5a54168248492b6205146d2b89373ef08b46cfb6ccc30e5adc194ecbcaf22ea5,105,JHG30_3e3b756059f1,weak_train,-1,included_in_development_residue_labels
SOPPCL__2m4k,soppe_legacy,2m4k,2m4k,A,2342513e2377e7f12a6d9bea57394c8e2671e247c88cd145bfcf138730056068,81,JHG30_3e400f9f27f1,weak_train,-1,included_in_development_residue_labels
SOPPCL__2m4l,soppe_legacy,2m4l,2m4l,A,0c1371730bf3ae07c507645bd1a5de59798bafa7749e0d14154ad628b4c586e0,99,JHG30_0cf9b1703db5,weak_train,-1,included_in_development_residue_labels
SOPPCL__2m4v,soppe_legacy,2m4v,2m4v,A,1c52f9a9e1519d1c58794e1bb6d06353ab558042582ae511e4bc3529a03e47b8,80,JHG30_66241190057a,weak_train,-1,included_in_development_residue_labels
SOPPCL__2m52,soppe_legacy,2m52,2m52,A,c35f242271b25bffdf74a4d9f7f921f4bcd356c8033cc8bfe12123f191eaaf56,105,JHG30_a28af85db564,weak_train,-1,included_in_development_residue_labels
SOPPCL__2m5b,soppe_legacy,2m5b,2m5b,A,2b88c1b0f5df94d5daa01b7dae7eba408e48b591140f1a9068d2d8b66622c9fb,169,JHG30_e5fe70cf7add,weak_validation,-1,included_in_development_residue_labels
SOPPCL__2m5h,soppe_legacy,2m5h,2m5h,A,24ed5cbda1def50ea9f877aa35f9efb8723906410f35ae7229d04540c4b96f6d,139,JHG30_754691ccca3d,weak_train,-1,included_in_development_residue_labels
SOPPCL__2m5j,soppe_legacy,2m5j,2m5j,A,8a50dc59e228a8c73ed3ae288000543edbb1db9a797106dbd1694e2c940495e5,107,JHG30_85537efb0741,weak_train,-1,included_in_development_residue_labels
SOPPCL__2m5o,soppe_legacy,2m5o,2m5o,A,c515cd4096f2596b236099c736ad410397ef3032ee772a917dce857fb6b0afd8,97,JHG30_ef70431357e6,weak_train,-1,included_in_development_residue_labels
SOPPCL__2m5s,soppe_legacy,2m5s,2m5s,A,8a289a1d8f8878c1f1dba2ffe3c305448ad9a26c445ec918a5e0f6c748568bfc,124,JHG30_1ef720c3f829,weak_train,-1,included_in_development_residue_labels
SOPPCL__2m5t,soppe_legacy,2m5t,2m5t,A,61953b18c8c402862b954483c4d83fb04710f7cc9ff983d78a60ca6472a55049,142,JHG30_8521af556cef,weak_train,-1,included_in_development_residue_labels
SOPPCL__2m5v,soppe_legacy,2m5v,2m5v,A,a0b5d57146770019d2c7fe986e508c937a489df29f7c8e8d52479a67607f52ca,102,JHG30_1d567accf2da,weak_validation,-1,included_in_development_residue_labels
SOPPCL__2m5y,soppe_legacy,2m5y,2m5y,A,79ce0839d8cb1f793ee3a6f52e326104b1088ab65462a6883f6cc830cd366e3c,122,JHG30_90a95fd25b0a,weak_train,-1,included_in_development_residue_labels
SOPPCL__2m63,soppe_legacy,2m63,2m63,A,89429fc84e6cf8a42d9ecd8d0c0cc1ed7fe814b01460beec6e648f1e4ab0ca49,157,JHG30_c7b678dd5946,weak_train,-1,included_in_development_residue_labels
SOPPCL__2m64,soppe_legacy,2m64,2m64,A,49ceaae1b0636deac9ebdbce29fe76da2d6d9852d89ede9024120980b281906c,231,JHG30_b001fa087105,weak_train,-1,included_in_development_residue_labels
SOPPCL__2m65,soppe_legacy,2m65,2m65,A,6aa4eeb03b251ef8e51bd9264ede0db83370d1d9d9a07f2cb633dc610ac39691,199,JHG30_2a6abc41674b,weak_train,-1,included_in_development_residue_labels
SOPPCL__2m67,soppe_legacy,2m67,2m67,A,8c3b4c82b1acb7969488eeecb4613ce56608296a6eff711c469f5662b155df7a,81,JHG30_a3af2bfa27cc,weak_train,-1,included_in_development_residue_labels
SOPPCL__2m6b,soppe_legacy,2m6b,2m6b,A,7a266fae7328b6dd59c7d45b886c4c2ccbc0f25185f96f43be4edb11a1877be9,150,JHG30_7a4947b3cbdf,weak_train,-1,included_in_development_residue_labels
SOPPCL__2m6k,soppe_legacy,2m6k,2m6k,A,94573c5af1af9cb5c35fb0d7d3247c9a1d5cf8a1a6ab2c35528cc6ab590a5dac,292,JHG30_96ce5a21f277,weak_train,-1,included_in_development_residue_labels
SOPPCL__2m6m,soppe_legacy,2m6m,2m6m,A,5c691506e6160c37312bd87b6d577b588c29238c765c77014f06754bdde6566c,83,JHG30_86bec8f3a168,weak_train,-1,included_in_development_residue_labels
SOPPCL__2m6r,soppe_legacy,2m6r,2m6r,A,4efdbb4a93d5dedb86aad5954d0448591665c999d295285ec94d6b0330471ff9,149,JHG30_13d757c0783c,weak_train,-1,included_in_development_residue_labels
SOPPCL__2m6u,soppe_legacy,2m6u,2m6u,A,c00b5cfc46b11155a23c8d8fa6069bc4e0d0a6501162ab13c77fb28ac31708ef,82,JHG30_c74ea3965a05,weak_train,-1,included_in_development_residue_labels
SOPPCL__2m71,soppe_legacy,2m71,2m71,A,9f9d521a0edc127be08c8975dc1b0434d9112021373dd670255871da96d35796,98,JHG30_e9a5e4dfa0c7,weak_train,-1,included_in_development_residue_labels
SOPPCL__2m72,soppe_legacy,2m72,2m72,A,043d368d7f3d90324da3145cc9d5f139e5d67baf1bd2352337f3f114917fb50c,153,JHG30_792f3bb3e887,weak_train,-1,included_in_development_residue_labels
SOPPCL__2m76,soppe_legacy,2m76,2m76,A,612c42cf5db1828fe40cfd9b70b26453b70a3f68f8c61cde08bf35bc000f27cc,50,JHG30_6c4f68a093b3,weak_train,-1,included_in_development_residue_labels
SOPPCL__2m7a,soppe_legacy,2m7a,2m7a,A,842534cfff5c5d3c5afa6d1d31e2b13663e372cb732243fce67714a96ab67ce6,86,JHG30_057bb51704c9,weak_train,-1,included_in_development_residue_labels
SOPPCL__2m7b,soppe_legacy,2m7b,2m7b,A,a733185eacc953df4e301256ab027ecbee4ff420c2a270e7ee965aa93477514d,77,JHG30_15ca963d14dc,weak_train,-1,included_in_development_residue_labels
SOPPCL__2m7l,soppe_legacy,2m7l,2m7l,A,e0a59360347b7e8bbb29334d30c42a4cc81df5225381c7d7071aaf58a1625697,144,JHG30_20e489a80c52,weak_train,-1,included_in_development_residue_labels
SOPPCL__2m7z,soppe_legacy,2m7z,2m7z,A,7e9b9917307bc4fb6356923f47f10efb5d73dc1ad28ca32d19b046f534890306,81,JHG30_6869c71aef29,weak_train,-1,included_in_development_residue_labels
SOPPCL__2m83,soppe_legacy,2m83,2m83,A,ec1f0cd87137b7e5a0e097cd2e86ce1ab697aa64995574ccb62b484ec7f64fe0,139,JHG30_46113db19c81,weak_train,-1,included_in_development_residue_labels
SOPPCL__2m85,soppe_legacy,2m85,2m85,A,349f8272c3fdcd4ccebcdc90641d3fa368ce2ccc4a55e7a3339a7ff9f73785b4,65,JHG30_05d483e14b6c,weak_train,-1,included_in_development_residue_labels
SOPPCL__2m88,soppe_legacy,2m88,2m88,A,c06f300474c9eace1c8f591bc8c84207071d1994fd818a1726a66ddcf35015cb,185,JHG30_f039344bc761,weak_train,-1,included_in_development_residue_labels
SOPPCL__2m89,soppe_legacy,2m89,2m89,A,22dea0a8fcbcc7ce8a72dc52e31d80e1f2b7034028d7591880da78c2d7c7c1f9,134,JHG30_ba0a1ebf9e48,weak_train,-1,included_in_development_residue_labels
SOPPCL__2m8c,soppe_legacy,2m8c,2m8c,A,85b3f1b31519a8cc631f2456afd82eaac1159286ea7175effe138410b94ef35b,238,JHG30_833bd71c0dda,weak_train,-1,included_in_development_residue_labels
SOPPCL__2m8r,soppe_legacy,2m8r,2m8r,A,46644c3008d6c41cfb5674edfea98634b43de84759fe5a0e1b54a592a251eeef,109,JHG30_c4dc0c6d8bf9,weak_train,-1,included_in_development_residue_labels
SOPPCL__2m94,soppe_legacy,2m94,2m94,A,f94a31b41de6badd4e70ced78a2fc472919d20f9322921203f1d1a51615e4539,139,JHG30_17e1f8b307cd,weak_train,-1,included_in_development_residue_labels
SOPPCL__2m9h,soppe_legacy,2m9h,2m9h,A,a3fb17c082bebbc9ee71269bf310b0f82a62f9c948d55d6c10757fa0c0efdf90,106,JHG30_1b3e879b6888,weak_train,-1,included_in_development_residue_labels
SOPPCL__2m9k,soppe_legacy,2m9k,2m9k,A,49b58163b6292e6aa847a07ef749491805286abd11d99eb3ec0f0c487ee79eaa,93,JHG30_61f1ed12daa4,weak_validation,-1,included_in_development_residue_labels
SOPPCL__2m9m,soppe_legacy,2m9m,2m9m,A,cce882bf77910dc49c8d82917df9fc6b3f0f957e130b2ffdd5bb5e7022031355,139,JHG30_789a3e7ecd7e,weak_train,-1,included_in_development_residue_labels
SOPPCL__2m9p,soppe_legacy,2m9p,2m9p,A,4a3ed6b42c7fee425c5d02db3ec8f30929fc43497ceeb5c4d6935a3b1ccc3765,240,JHG30_0af99c074c1d,weak_train,-1,included_in_development_residue_labels
SOPPCL__2m9u,soppe_legacy,2m9u,2m9u,A,c09beea5d39d166eb5e116269e4da920747fbd655ce85b1c53e5c2814216275b,89,JHG30_1813470a1a20,weak_train,-1,included_in_development_residue_labels
SOPPCL__2m9v,soppe_legacy,2m9v,2m9v,A,c112976c6c080d39ceeddd32959236036b7080d914e5fb2c5eae6545b95c2a14,170,JHG30_12abca2e5c94,weak_train,-1,included_in_development_residue_labels
SOPPCL__2ma3,soppe_legacy,2ma3,2ma3,A,b41d5036d71b6f3e70ce21c409a02e51357b7fb68b0b8ecaeab74f997adfef62,88,JHG30_109c53d2edf4,weak_train,-1,included_in_development_residue_labels
SOPPCL__2mab,soppe_legacy,2mab,2mab,A,d971442674991b0d508b492e6d81b5e714078e767eb1ab5f29b1c6ce0a827ea8,109,JHG30_b6772733f0de,weak_train,-1,included_in_development_residue_labels
SOPPCL__2maf,soppe_legacy,2maf,2maf,A,0b5e22b8ea0a70e02c74d05931a17ce7cd852504dddddec986e781759b5ba357,233,JHG30_6e6e1f3d0f9b,weak_train,-1,included_in_development_residue_labels
SOPPCL__2mah,soppe_legacy,2mah,2mah,A,4e6fa7d8b75e178574d5bcda819ea6aaadfebac226beea07288c23864ddc4426,128,JHG30_2b87e6931f3a,weak_train,-1,included_in_development_residue_labels
SOPPCL__2mao,soppe_legacy,2mao,2mao,A,2e817a98c509d08bcd80f6c24d852f6134dbed27adadd913df2a126b548e9646,106,JHG30_2c2aeb4edc20,weak_train,-1,included_in_development_residue_labels
SOPPCL__2mar,soppe_legacy,2mar,2mar,A,0bbc7ae4a438ffacd64ac6ce8da1469482a5f44060bbfebab96e66ddf5ddea9f,134,JHG30_d4b44712be65,weak_train,-1,included_in_development_residue_labels
SOPPCL__2max,soppe_legacy,2max,2max,A,3bbb9bcc683486f27f42b8013f6ef7def1f231ee85dbbf8e3b500dc46a27b08b,114,JHG30_5328f4ca6a55,weak_train,-1,included_in_development_residue_labels
SOPPCL__2mb9,soppe_legacy,2mb9,2mb9,A,a22350a9a8e7b0408cfa162197a5d1901181d799e9e620be36e89d37640f850f,106,JHG30_09cd825aaca5,weak_train,-1,included_in_development_residue_labels
SOPPCL__2mbg,soppe_legacy,2mbg,2mbg,A,4c490d56ba4ec987532db983c40ce1c43ed3e6cf260640b3afd309e671ad8fad,265,JHG30_900d71403b1f,weak_validation,-1,included_in_development_residue_labels
SOPPCL__2mbl,soppe_legacy,2mbl,2mbl,A,4ef272742b777d0fe26c85f08f7f65a2fe9600a1afbac407c886099ac3cb67e2,120,JHG30_d5e030aa0c38,weak_train,-1,included_in_development_residue_labels
SOPPCL__2mbs,soppe_legacy,2mbs,2mbs,A,80780ca9082032202f15f67d378d496848ebadc81d286631848703ffcb558773,190,JHG30_47a534e8024f,weak_train,-1,included_in_development_residue_labels
SOPPCL__2mbt,soppe_legacy,2mbt,2mbt,A,10c2a4d700d4bd09484656c3e72cb016a0624fe01f10dbabf04ac818c820619c,190,JHG30_47a534e8024f,weak_train,-1,included_in_development_residue_labels
SOPPCL__2mbz,soppe_legacy,2mbz,2mbz,A,967fc9a18c46d76a56d36c278e6fea602a4bdc26926cfd4bf478077d5da6e88f,143,JHG30_ae5dc8fc447a,weak_validation,-1,included_in_development_residue_labels
SOPPCL__2mc2,soppe_legacy,2mc2,2mc2,A,b02ccf59d3c8050869641c261c2e02806b76cd2e1a07cd420fcbbe8f4f9d3a05,206,JHG30_11cc3c8e21de,weak_train,-1,included_in_development_residue_labels
SOPPCL__2mc4,soppe_legacy,2mc4,2mc4,A,03169797c777f6872ea8e0609e0bf3936015a38076c6875cc04c6ac1d50420b3,89,JHG30_a20fed4f8c29,weak_train,-1,included_in_development_residue_labels
SOPPCL__2mc8,soppe_legacy,2mc8,2mc8,A,3fa90aaba451317cb1a378eac0204a2a3ac994c656b03d1d29bc4dd145bc5816,114,JHG30_1830d883f323,weak_train,-1,included_in_development_residue_labels
SOPPCL__2mcd,soppe_legacy,2mcd,2mcd,A,b1ae201cacc9319740a745162a34a46adfd9e5672f8be85f4113e2369eb2a966,98,JHG30_e5184d02e7a9,weak_train,-1,included_in_development_residue_labels
SOPPCL__2mcf,soppe_legacy,2mcf,2mcf,A,ef7871a075185d9daa699608d4f1b790f45c97a026fd237edbdc25b74904ac3c,148,JHG30_327125f49599,weak_train,-1,included_in_development_residue_labels
SOPPCL__2mct,soppe_legacy,2mct,2mct,A,3c35b4c01af5dc2bbe23d0985aaa4dd46a161744350409b20498da2b79e83c5a,102,JHG30_2dd8c87e0edd,weak_validation,-1,included_in_development_residue_labels
SOPPCL__2md0,soppe_legacy,2md0,2md0,A,007c32e838db9826907937c824e0b5e7bddee421e8cc3e5a44923928c5ee48ae,51,JHG30_b172489f0f4f,weak_train,-1,included_in_development_residue_labels
SOPPCL__2mda,soppe_legacy,2mda,2mda,A,7f928ad973b6c26a7827065d4e39408e7d7b4d733f06a145f5bcf2ddfdc9628b,95,JHG30_0947e2bd3faa,weak_train,-1,included_in_development_residue_labels
SOPPCL__2mdf,soppe_legacy,2mdf,2mdf,A,a563d3cb8202d529f0a271cf4af4e204628c4a02507a6ff6087a4fedf68b5a7e,57,JHG30_4dc45c185c0b,weak_train,-1,included_in_development_residue_labels
SOPPCL__2mdp,soppe_legacy,2mdp,2mdp,A,a186fdd071fd85d6b935326c411b3808fa4b4f7878a6fafed6fc0da366b779c0,85,JHG30_63dda6316471,weak_train,-1,included_in_development_residue_labels
SOPPCL__2mdt,soppe_legacy,2mdt,2mdt,A,3cd59bf2be94114be27fd82302d03df9715dbe57ef33e8092c37a188347c34b0,119,JHG30_c573019ed5de,weak_train,-1,included_in_development_residue_labels
SOPPCL__2mek,soppe_legacy,2mek,2mek,A,ef53a75729bd7c576c06ac031ae0b423368b7aa39be6deeacc8b0d24652d60eb,110,JHG30_567625e02239,weak_train,-1,included_in_development_residue_labels
SOPPCL__2mem,soppe_legacy,2mem,2mem,A,93e098ab7b1c56c7c0bd1005d17be23cd0360a927a3fec564016545cf03d571e,119,JHG30_907aab489de6,weak_train,-1,included_in_development_residue_labels
SOPPCL__2mes,soppe_legacy,2mes,2mes,A,01af75fc4399e8676d87829092cfd458201df984843d84689e1a1ffbb0970804,144,JHG30_777fddc4a0b0,quarantine_metadata_only,-1,excluded_quarantine_metadata_only
SOPPCL__2mez,soppe_legacy,2mez,2mez,A,e7a4f2d5bb3bc6cd603fb12dfa8e2e49ac01644fa3b550fd3155ef7ba816af14,102,JHG30_56bb8d26d199,weak_train,-1,included_in_development_residue_labels
SOPPCL__2mf2,soppe_legacy,2mf2,2mf2,A,8b9db74f85fa07e77b0b8ad804f41cd77904657200baefc4dbeb5cbd38561470,132,JHG30_ea7fd87918fd,weak_validation,-1,included_in_development_residue_labels
SOPPCL__2mf4,soppe_legacy,2mf4,2mf4,A,a9a8a3d0e0b5d011fba7488b848119090654959622e7f887bf160638531c0417,85,JHG30_834409b74e56,weak_train,-1,included_in_development_residue_labels
SOPPCL__2mf6,soppe_legacy,2mf6,2mf6,A,a88a6f06afcc448bc925ca2147b7ed9ce040fa2dc245e915495968e03640cb5d,129,JHG30_2e32c4b2310f,weak_train,-1,included_in_development_residue_labels
SOPPCL__2mf7,soppe_legacy,2mf7,2mf7,A,03d14865dcb7c51b34bef552e0968a1cf9876a1e120babc48e9cb0e67ab65d97,127,JHG30_32739487ec59,weak_train,-1,included_in_development_residue_labels
SOPPCL__2mf9,soppe_legacy,2mf9,2mf9,A,d9cb04fe4e421c9af6fdc16bc9356fee35675b21661a2ba43ac916872c1123e1,157,JHG30_771c0237f003,weak_train,-1,included_in_development_residue_labels
SOPPCL__2mfl,soppe_legacy,2mfl,2mfl,A,3ab7ba37858efaba0ab1e7051fc4ee1ce47db36bda8e994e70699740bd93859f,93,JHG30_3c276e3f00ca,weak_train,-1,included_in_development_residue_labels
SOPPCL__2mgs,soppe_legacy,2mgs,2mgs,A,1d30801b30d751b126552d3ecb910008a1bb1799cc2ec1db71ad98be2cc6eb50,71,JHG30_b75c25dc3cdb,weak_train,-1,included_in_development_residue_labels
SOPPCL__2mgx,soppe_legacy,2mgx,2mgx,A,70cb44ce8e34ccb5b15a97d7d54d33e9ce19ff5cf0057f78d14ea28c2333359a,131,JHG30_3af0167babbb,weak_train,-1,included_in_development_residue_labels
SOPPCL__2mgy,soppe_legacy,2mgy,2mgy,A,17066116293e1d1b041d131296e5f230e50abfec8006a0711ae5cb2eed6b5821,169,JHG30_3965f3d6c85b,weak_train,-1,included_in_development_residue_labels
SOPPCL__2mh2,soppe_legacy,2mh2,2mh2,A,b2fc98b82966099948d594ed45b0ec930c7d77906fcb5104bf44f2f0ac4f963c,64,JHG30_5d4fbd3960f4,weak_train,-1,included_in_development_residue_labels
SOPPCL__2mh3,soppe_legacy,2mh3,2mh3,A,d46032e1ace757221289b93d359edaf1d64b40a0b5789bbb5c8ee0a18b7c7f57,70,JHG30_963c9bfdc506,weak_validation,-1,included_in_development_residue_labels
SOPPCL__2mh9,soppe_legacy,2mh9,2mh9,A,1f540bd7b6ad82097b18995144bd01289d5725e58801af6a20590faf619d7712,127,JHG30_0d43a8c04eab,weak_train,-1,included_in_development_residue_labels
SOPPCL__2mhc,soppe_legacy,2mhc,2mhc,A,b6a080ebd6e4e3242ad149a277a2fdce141fd62131a5ff43d37ed5750bf489cc,120,JHG30_ab11b2041e63,weak_train,-1,included_in_development_residue_labels
SOPPCL__2mhd,soppe_legacy,2mhd,2mhd,A,823d566dbd45386d731fa7ab473bacc6432ad2ed76c0d4818b15507f6cf74039,110,JHG30_4c098f909a82,weak_train,-1,included_in_development_residue_labels
SOPPCL__2mhg,soppe_legacy,2mhg,2mhg,A,d95e30aeaa1068283d09d6424d93f7522dad159d2f8185976b873388c622d271,75,JHG30_8915b25b1cb6,weak_train,-1,included_in_development_residue_labels
SOPPCL__2mhj,soppe_legacy,2mhj,2mhj,A,c9f404c65cd1546592f77a3a3b38c4b5aeddcdf185972d4f7a17b35f219e8d77,95,JHG30_e24bfea186c0,weak_train,-1,included_in_development_residue_labels
SOPPCL__2mhk,soppe_legacy,2mhk,2mhk,A,812a80d214efaab0d27faa284e8e89f2b1ea70b21fd0f3dc2c2318519310904a,250,JHG30_ec0658cf2420,weak_train,-1,included_in_development_residue_labels
SOPPCL__2mhp,soppe_legacy,2mhp,2mhp,A,108ac524c18b276a5f8d739d2d2d678912db51e9bf5d701119a475c00c688491,103,JHG30_066479ecdef1,weak_train,-1,included_in_development_residue_labels
SOPPCL__2mi2,soppe_legacy,2mi2,2mi2,A,5a440bacf26f92eac1f550500634c4e4d81e0e5a61c8469d4f1d95a31e4d4ab2,104,JHG30_5de00a2fa2ce,weak_train,-1,included_in_development_residue_labels
SOPPCL__2mi5,soppe_legacy,2mi5,2mi5,A,0c5a87437de4895caa59f340287e64f0d749f6b4d7149d469014f3d99f6731bd,57,JHG30_3d9a81bf3296,weak_train,-1,included_in_development_residue_labels
SOPPCL__2mii,soppe_legacy,2mii,2mii,A,4ed56a6285d4495f405afa141bca0af32a0f910e4f5c3fede34c5f41a09cc42c,197,JHG30_0c1657317cdc,weak_train,-1,included_in_development_residue_labels
SOPPCL__2miz,soppe_legacy,2miz,2miz,A,fe21f9d0f4fbad25a9a9aa0435e92990f9f3e48eab9be3630f51dd83d6893603,156,JHG30_509773853372,weak_train,-1,included_in_development_residue_labels
SOPPCL__2mj6,soppe_legacy,2mj6,2mj6,A,777055fc0f4a93dbac90e0f2779c7a4d543632d67b610bd538fe6982a96eafe7,90,JHG30_bd06d397db19,weak_train,-1,included_in_development_residue_labels
SOPPCL__2mj7,soppe_legacy,2mj7,2mj7,A,d826a74b46fc39ebe8f75fc4c2ec894515648afd4066566ce497e0042351033d,141,JHG30_301b03a2ef95,weak_train,-1,included_in_development_residue_labels
SOPPCL__2mjf,soppe_legacy,2mjf,2mjf,A,fbd6ebf969d9ced0e17e587f83be695a90b508d0e75f2c05c12ae92d298f4481,40,JHG30_5bf562b13272,weak_train,-1,included_in_development_residue_labels
SOPPCL__2mjg,soppe_legacy,2mjg,2mjg,A,e667b7fb34465a476d102b3cd11d473fcced976d8a9411e250d4cd7373f9bfec,46,JHG30_d37d1b44bce8,weak_validation,-1,included_in_development_residue_labels
SOPPCL__2mjh,soppe_legacy,2mjh,2mjh,A,2b867289eb444938d1e2d99f2b18cec89fa5cfeffaf237dd481c63a3b24d888c,142,JHG30_c337026dc0d0,weak_train,-1,included_in_development_residue_labels
SOPPCL__2mjm,soppe_legacy,2mjm,2mjm,A,83dc1a52d26886db15d8fc18cc525aca356d182b8ef151cec6434394578ac75a,101,JHG30_62610133a304,weak_validation,-1,included_in_development_residue_labels
SOPPCL__2mk4,soppe_legacy,2mk4,2mk4,A,d14456690cf7425c17d18cf818571dc495feb6b3ada238afd860dcdf8fc8c35a,130,JHG30_01e86a5588f8,weak_train,-1,included_in_development_residue_labels
SOPPCL__2mk6,soppe_legacy,2mk6,2mk6,A,f09f3db6a7ecc30141664a0d28adc2f4125e7eabe937046bd92f8fc8eb863378,90,JHG30_eb05ee53fa8c,weak_train,-1,included_in_development_residue_labels
SOPPCL__2mkc,soppe_legacy,2mkc,2mkc,A,1095d7b6a7cba58430596a5f11ecbedd441c4ed4e1059c304e7cacb03633d038,118,JHG30_cb59b34d250f,weak_train,-1,included_in_development_residue_labels
SOPPCL__2mke,soppe_legacy,2mke,2mke,A,5f0db677fd409d43100e023ba07dd91c768152bb3e8a190630074e34af3cd07f,61,JHG30_9c933ebf9e50,weak_train,-1,included_in_development_residue_labels
SOPPCL__2mkh,soppe_legacy,2mkh,2mkh,A,458cf741640c6018c8281e2df5bef171c0563fdd43b1cdae4c83f191f3bea77e,212,JHG30_e96335ef1e2b,weak_train,-1,included_in_development_residue_labels
SOPPCL__2mkl,soppe_legacy,2mkl,2mkl,C,015234271815247663a56bc6d63175f4066d4dfe6d90b43d07c18e42618752d5,105,JHG30_c08293d13c92,weak_train,-1,included_in_development_residue_labels
SOPPCL__2mky,soppe_legacy,2mky,2mky,A,05953d179fa9b73e7fec9b46c54779152c3d3950f3a31c9f8ca6462120bae40a,58,JHG30_1eae87eadb87,weak_train,-1,included_in_development_residue_labels
SOPPCL__2ml3,soppe_legacy,2ml3,2ml3,A,cd224c1024a11d275c26b674154def402173aea98b4aedb9b2bd3ba8f63e6b9d,181,JHG30_73004d128112,weak_train,-1,included_in_development_residue_labels
SOPPCL__2ml5,soppe_legacy,2ml5,2ml5,A,08ef4e39dd62343557e91d46bfd9e9655c4358e4f8f3f9eebf6d2ad336602123,155,JHG30_ebfdd531b3d1,weak_train,-1,included_in_development_residue_labels
SOPPCL__2ml8,soppe_legacy,2ml8,2ml8,A,887fb87edb0a164ec2537d13a7434a95ed5b68dc93595032160bf8e0db7c2c4d,183,JHG30_81be8b96563b,weak_train,-1,included_in_development_residue_labels
SOPPCL__2mlg,soppe_legacy,2mlg,2mlg,A,7167e2a9fd356c1c5bcdf9605ac501a4d89707d4f5b9c19cfdddcdefd43424f4,77,JHG30_480edfbba5ff,weak_train,-1,included_in_development_residue_labels
SOPPCL__2mlw,soppe_legacy,2mlw,2mlw,A,94bb5a47796e9c6c989d56128d6ca9d838c9aeae2d1e7b6ccea2dc89587dc85b,203,JHG30_56363b39435d,weak_validation,-1,included_in_development_residue_labels
SOPPCL__2mm2,soppe_legacy,2mm2,2mm2,A,40043fc87706f9891a08d5082f55f0dc48ff2bbdb298cd03a92c42a2578ccba3,65,JHG30_f64cf71badbd,weak_train,-1,included_in_development_residue_labels
SOPPCL__2mmb,soppe_legacy,2mmb,2mmb,A,54f52907b405998f07713586ed5f9ae79490e2ce17435ff6582974a9d168f2e2,107,JHG30_6cca9d7f1095,weak_train,-1,included_in_development_residue_labels
SOPPCL__2mmv,soppe_legacy,2mmv,2mmv,A,92c775582ccf9b2904979ec4dfe0457054149602aacbb1e243ae542b4f0d6620,86,JHG30_7f71ad69834e,weak_train,-1,included_in_development_residue_labels
SOPPCL__2mn2,soppe_legacy,2mn2,2mn2,A,434d3800f2b39833006c0d089efb683ac1cacbeed4e49c74ca81e97f29b29471,122,JHG30_2f7eca662f61,weak_train,-1,included_in_development_residue_labels
SOPPCL__2mn6,soppe_legacy,2mn6,2mn6,B,d1a765f2a63bc60fce6ea6dfe93b2bd2f3f60a998df2a0c7f8bd0ae58028dd07,47,JHG30_77087fe1f20d,weak_train,-1,included_in_development_residue_labels
SOPPCL__2mni,soppe_legacy,2mni,2mni,A,bc86846a35822b0080c6ce79cdb83b3553433402ace9b6f67adec66aeb4d1fe1,92,JHG30_4d7fa45e56db,weak_train,-1,included_in_development_residue_labels
SOPPCL__2mo5,soppe_legacy,2mo5,2mo5,A,3064eda48a5034af2e18d89b7d626e15ea84c628b0c7152a909528e089f6826d,142,JHG30_666768ad6948,quarantine_metadata_only,-1,excluded_quarantine_metadata_only
SOPPCL__2mok,soppe_legacy,2mok,2mok,A,427fcff2b0b86c40785933cb13a4cc6dc6c89f0fbad620f4ff1f06e534fd61d4,176,JHG30_82af5bab364a,weak_train,-1,included_in_development_residue_labels
SOPPCL__2mop,soppe_legacy,2mop,2mop,1,31c170d78a0c6bb49c62230c36be8903b879b390ba3c26ed4324a0b40abe38ac,83,JHG30_2b9c2e79c4f2,quarantine_metadata_only,-1,excluded_quarantine_metadata_only
SOPPCL__2moq,soppe_legacy,2moq,2moq,A,42c176c9292d55b2cc5286a2262b4aaf9eddb1f4125cdc4e7b955796b5037f2e,148,JHG30_a69564939880,weak_train,-1,included_in_development_residue_labels
SOPPCL__2mou,soppe_legacy,2mou,2mou,A,7bacb71b3cb41be012ab44e4f1c81399aaaad0424008bf554682231295822985,220,JHG30_5d235c5f8061,weak_train,-1,included_in_development_residue_labels
SOPPCL__2mp4,soppe_legacy,2mp4,2mp4,A,f63e1a0a1893f5c1941cbd6c4a5a2fb378bde6342fc61aebc216a8485739a606,165,JHG30_8b5a96351dc4,weak_train,-1,included_in_development_residue_labels
SOPPCL__2mpe,soppe_legacy,2mpe,2mpe,A,d82d1655a4f0a805541f1aef3e315f55c5c6ab75e8f1b541124ba4acd798f205,130,JHG30_44e098f9bd2c,weak_train,-1,included_in_development_residue_labels
SOPPCL__2mpf,soppe_legacy,2mpf,2mpf,A,bcf5eff82db2c3bedbc893ecc4f548d33cceda94b86f38ff8a653ed0302018fb,139,JHG30_573225784b6b,weak_train,-1,included_in_development_residue_labels
SOPPCL__2mph,soppe_legacy,2mph,2mph,A,76a6b606c38a0ef88b5366efbf02f32fb26f7acc8be1047042f7f674ad061fa9,224,JHG30_d71e4963e45f,weak_train,-1,included_in_development_residue_labels
SOPPCL__2mpk,soppe_legacy,2mpk,2mpk,A,e70a2d0d6d508d1c5a1f6ecc2b617ea18242faa9855021a6fd64e2cf97c6b200,74,JHG30_64cbd588069a,weak_train,-1,included_in_development_residue_labels
SOPPCL__2mpl,soppe_legacy,2mpl,2mpl,A,ed408b124a026a15c140bad2200c0abd649ab80b2de36f3dc5bfcdccb0a86e35,127,JHG30_eda2df63b73d,weak_train,-1,included_in_development_residue_labels
SOPPCL__2mpn,soppe_legacy,2mpn,2mpn,A,03cc22d272dcdb4eefd0905304da253460946c29832de6d010882fb787ed05c2,68,JHG30_1f7e125526f4,weak_train,-1,included_in_development_residue_labels
SOPPCL__2mpw,soppe_legacy,2mpw,2mpw,A,cb06c55fd8f4dd155a688c4c2f89b44fe7a4c70e51db0db94ad3aa1342ce60b2,115,JHG30_429aba7cab36,weak_train,-1,included_in_development_residue_labels
SOPPCL__2mqa,soppe_legacy,2mqa,2mqa,A,ff173b0b651a3d3e558be000945bbc9cc69f6167835d06048c834e71dc645ff6,125,JHG30_96708423964c,weak_train,-1,included_in_development_residue_labels
SOPPCL__2mqb,soppe_legacy,2mqb,2mqb,A,6a984a8233f5e603bb51f6eee693049ad1c3f3ea4e2b71a0a115dbb0177cf04d,152,JHG30_b8e4d821d37c,weak_train,-1,included_in_development_residue_labels
SOPPCL__2mqc,soppe_legacy,2mqc,2mqc,A,87dc76ee1ef63ff25c5061527b608146132ef2d0344c82d420f9ca6271532683,105,JHG30_211c254a9447,weak_train,-1,included_in_development_residue_labels
SOPPCL__2mqd,soppe_legacy,2mqd,2mqd,A,276d5bc7da9c324b80816396bb9e8ba11d6b59b794f515081b4b977be8162ea3,119,JHG30_e4864fce7ba9,weak_train,-1,included_in_development_residue_labels
SOPPCL__2mqg,soppe_legacy,2mqg,2mqg,A,5f75b66fd14df74fdbca784c243e7fcdb6fbe1b9484e0d87d43481d5881759e2,102,JHG30_c3b61ec891f0,weak_train,-1,included_in_development_residue_labels
SOPPCL__2mql,soppe_legacy,2mql,2mql,A,066f88b07e72749c13cf954c8fb1d22feff0c8ded2470d8fe1426f9b13f538dc,105,JHG30_1c6f3d3684a5,weak_train,-1,included_in_development_residue_labels
SOPPCL__2mqn,soppe_legacy,2mqn,2mqn,A,f591a5a100cc23b880ad5bb9aef2498bb3f6a52d0b11c29d19b5170b7ea9d640,216,JHG30_66ea3aee629a,weak_train,-1,included_in_development_residue_labels
SOPPCL__2mqs,soppe_legacy,2mqs,2mqs,A,2278bc3f7077116e67d626315b83ca9a8a596b77cc37d200ad1f99ee32e318b9,196,JHG30_5035a0beb331,weak_train,-1,included_in_development_residue_labels
SOPPCL__2mr3,soppe_legacy,2mr3,2mr3,A,5c7afef7036971a06a1542a1258a0a57e8eeee7113e1525d25254296f785b0fb,356,JHG30_1191ba7a25c7,weak_train,-1,included_in_development_residue_labels
SOPPCL__2mrm,soppe_legacy,2mrm,2mrm,A,5c7ee4a2b1aca826f7e0f23c94ff45979473adeeb85f6f90681b072051adfe20,107,JHG30_542661af5750,weak_train,-1,included_in_development_residue_labels
SOPPCL__2mrn,soppe_legacy,2mrn,2mrn,A,862eb9b28228b0bc6765adc4a97f2fefca0f7fc3d3e6af671730d2cd605a4c53,67,JHG30_3bee4d580594,weak_train,-1,included_in_development_residue_labels
SOPPCL__2mrp,soppe_legacy,2mrp,2mrp,A,7033aa9f1d5dee2ea92e31524bb7de5130b06ab2aca549c7b99bef7f38d455c6,79,JHG30_f9a78221af1e,weak_train,-1,included_in_development_residue_labels
SOPPCL__2mrw,soppe_legacy,2mrw,2mrw,A,8efeaf3dc50073c79f6d1b87f1fb4c37223fc5b7a88641209c3b6e424c2bc370,40,JHG30_da9689317459,weak_validation,-1,included_in_development_residue_labels
SOPPCL__2ms7,soppe_legacy,2ms7,2ms7,A,44511fed376fba4203d2cddf3bc653cc5897be1095c04f841b76306e6081fcfd,102,JHG30_8d455576fbf2,weak_train,-1,included_in_development_residue_labels
SOPPCL__2msn,soppe_legacy,2msn,2msn,A,a656f6250165672a17dfd61445b42fa972654edf00b720b7341694e39d36c422,208,JHG30_5f854fcde9a2,weak_train,-1,included_in_development_residue_labels
SOPPCL__2msv,soppe_legacy,2msv,2msv,A,b93e5a8df385981c65767a4c0800cc83b062efafdcbda8a0652a3e459ba08dd8,154,JHG30_9cd067d1ab7e,weak_train,-1,included_in_development_residue_labels
SOPPCL__2msx,soppe_legacy,2msx,2msx,A,d9ebc0878e409cc5130b86fe4757c6d39fc3c04c61b74b1b9499633b8f17b191,114,JHG30_fd8078c76a6d,weak_train,-1,included_in_development_residue_labels
SOPPCL__2mt3,soppe_legacy,2mt3,2mt3,A,b2ffc4a0e2185a7ed528129d0d3e6083d71b51fde00cf67962d8a4710dcf0dc4,84,JHG30_7f4ba82a8416,weak_train,-1,included_in_development_residue_labels
SOPPCL__2mtf,soppe_legacy,2mtf,2mtf,A,420712832ea6a9a497a21a04fb117b464f28c440ad4788bbcc56e5ff949bfe57,114,JHG30_3947b84e126e,weak_train,-1,included_in_development_residue_labels
SOPPCL__2mtl,soppe_legacy,2mtl,2mtl,A,8ced9bfc4a03c6819db695172e05f537f476879dbeb02bab60b606d38586744c,88,JHG30_4091ef300034,weak_validation,-1,included_in_development_residue_labels
SOPPCL__2mu0,soppe_legacy,2mu0,2mu0,A,eb845f95a4c4fd073be28d903f1a2cf93a5d4022502f8858b5ac1e9108f8b99b,136,JHG30_c9a6b29c8fe9,weak_train,-1,included_in_development_residue_labels
SOPPCL__2mu3,soppe_legacy,2mu3,2mu3,A,3ad9126b5b5d3a621b1a3728019c219e11b63e7036afd187620516163fe63e32,199,JHG30_8345d9351ea9,weak_train,-1,included_in_development_residue_labels
SOPPCL__2mu4,soppe_legacy,2mu4,2mu4,A,860ef5d822fc9db211419cc3466f4f4017fdc72cc9e71922e5f8befdfe8759e8,114,JHG30_82e16d967d89,weak_train,-1,included_in_development_residue_labels
SOPPCL__2muk,soppe_legacy,2muk,2muk,X,83b193004e93044718704aea96e2b5eea32bfe2635c59039be8c2599d46cc32a,113,JHG30_a9add3b7f9e4,weak_train,-1,included_in_development_residue_labels
SOPPCL__2mut,soppe_legacy,2mut,2mut,A,238acc913024abcb768bf2860fbb24cad07337446b3ccf9947c0c1884b9be4b5,96,JHG30_134f81e9d3d5,weak_train,-1,included_in_development_residue_labels
SOPPCL__2mux,soppe_legacy,2mux,2mux,A,f2be28bd69a09644bb2c3a601ae21fd6e996ffffd51e78bbd67acea6ac9621c0,146,JHG30_b0776975c370,weak_train,-1,included_in_development_residue_labels
SOPPCL__2muy,soppe_legacy,2muy,2muy,A,e0f60f1705caf3bb3d1be5ed54e624bb5a3120453600e63178bc43bc94afe33a,82,JHG30_ad36a3a74964,weak_train,-1,included_in_development_residue_labels
SOPPCL__2mv3,soppe_legacy,2mv3,2mv3,A,ac22a6c03587846242f9a8e3c75d6168b92083d28b7a214d76a5ffdc6157a52c,88,JHG30_5d2815e3daf9,weak_train,-1,included_in_development_residue_labels
SOPPCL__2mvb,soppe_legacy,2mvb,2mvb,A,857a0aca6649379403380fa83d4049c8ed3148309d52259619c424e455febea1,165,JHG30_a3b11e0cea1c,weak_train,-1,included_in_development_residue_labels
SOPPCL__2mvo,soppe_legacy,2mvo,2mvo,A,b299e3f33972881a576672cbf8589273d75c94481a86cedbf153b11d7b53191a,147,JHG30_ed386ac18cd4,weak_train,-1,included_in_development_residue_labels
SOPPCL__2mw1,soppe_legacy,2mw1,2mw1,A,1f4b5340d6c401538bbd82790bff26e4079bb40ae3c1af8e1409ecec39defef8,118,JHG30_8fb7008d8c27,weak_train,-1,included_in_development_residue_labels
SOPPCL__2mw4,soppe_legacy,2mw4,2mw4,A,a5bdd37858f3346218430ddb922cd842d6fe92dbe99d16078da586c596e25456,47,JHG30_4d639d487a79,weak_train,-1,included_in_development_residue_labels
SOPPCL__2mwg,soppe_legacy,2mwg,2mwg,A,0263f62e9dcb031318c8d7ad287d78312f75d389bea0f8af9fe2559996c29eb7,261,JHG30_7314a6aa9512,weak_validation,-1,included_in_development_residue_labels
SOPPCL__2mwh,soppe_legacy,2mwh,2mwh,A,5aa3226d6eefad794223afa155ff7e1c817ad5f84ca93b78382a78e4f5edead4,132,JHG30_8335d30debc6,weak_validation,-1,included_in_development_residue_labels
SOPPCL__2mwi,soppe_legacy,2mwi,2mwi,A,6487db7e11e60b883523656b6bc53283db79b223f805d379d906ef1db2e41cc1,122,JHG30_73503c774d73,weak_train,-1,included_in_development_residue_labels
SOPPCL__2mwm,soppe_legacy,2mwm,2mwm,A,b0664b377eefc56ec9b979c91092dcf9a09c26c07cee6b0bd957ef78a2e5a87a,151,JHG30_6db595e34c13,weak_train,-1,included_in_development_residue_labels
SOPPCL__2mwq,soppe_legacy,2mwq,2mwq,A,e4cde39b466afd719d83ec009f668ac891ba53d84b156164187eb80fc2a76009,149,JHG30_3086e37a7dc0,weak_validation,-1,included_in_development_residue_labels
SOPPCL__2mwr,soppe_legacy,2mwr,2mwr,A,43cf0087edfce73c463993cc3aa532216b4d8474b191d05c9f027c5bd0f1fdea,58,JHG30_94addf34c3cf,weak_validation,-1,included_in_development_residue_labels
SOPPCL__2mx0,soppe_legacy,2mx0,2mx0,A,bd4f191c9f1a6e918f27d52e309904f2fbc44e96f9094f38aeb6b0c6fb9a9d7c,82,JHG30_80912af5a24f,weak_train,-1,included_in_development_residue_labels
SOPPCL__2mx1,soppe_legacy,2mx1,2mx1,A,0b49392f6e9d7496f0b5192650cf6a5d99ea1c0ffef399824b584ba6793a735b,189,JHG30_b81d93b13e88,weak_train,-1,included_in_development_residue_labels
SOPPCL__2mx2,soppe_legacy,2mx2,2mx2,A,7646b036f5efae433cad5a5bdfc4932f46d8097c538f442cbeb37ab851d86b7e,81,JHG30_e05d6b3b73ad,weak_train,-1,included_in_development_residue_labels
SOPPCL__2mx7,soppe_legacy,2mx7,2mx7,A,a17c59b1f0b8d2348d555a543a21868b63d4ee17fcfc0e29840a27705808cf61,112,JHG30_5910c4b92034,weak_train,-1,included_in_development_residue_labels
SOPPCL__2mx8,soppe_legacy,2mx8,2mx8,A,cec861fd7c76f31b12e02098c1677cb62e89716459de28262b3a65ebe56f0992,133,JHG30_4243d3d82882,quarantine_metadata_only,-1,excluded_quarantine_metadata_only
SOPPCL__2mxc,soppe_legacy,2mxc,2mxc,A,cea998b76548438c80e801a29bbb2d239dff226598456e06d3f15d813c347694,172,JHG30_16c1fd7afee2,weak_train,-1,included_in_development_residue_labels
SOPPCL__2mxn,soppe_legacy,2mxn,2mxn,A,c3ff227c246991b93ee86503fe517e30c63dfe025504ddb9fe25165195c79e2c,142,JHG30_413dd76b2ba0,weak_train,-1,included_in_development_residue_labels
SOPPCL__2mxw,soppe_legacy,2mxw,2mxw,A,d197e584a2ef3ee5469c02a397746214c0d9ea7475bb5c71a2d5870e28c0745b,92,JHG30_96c509b5f97a,weak_train,-1,included_in_development_residue_labels
SOPPCL__2mxx,soppe_legacy,2mxx,2mxx,A,f1fadd2e8b1abeee64729558dfd6445d89419cb7a284e1f5f7780dad3aa359bd,179,JHG30_cf37d751bcf2,weak_validation,-1,included_in_development_residue_labels
SOPPCL__2mxz,soppe_legacy,2mxz,2mxz,A,5d4f9106c4001a1b1afd2c147f8523dc3a8a263b04185016ca5561219736a4ff,137,JHG30_c75566b04920,weak_validation,-1,included_in_development_residue_labels
SOPPCL__2my1,soppe_legacy,2my1,2my1,A,a64a3ca06340b1365d03b5e7af985601ab823a9f44f0bb54d9eaffe6e82c1424,159,JHG30_ba108192fc21,weak_train,-1,included_in_development_residue_labels
SOPPCL__2my2,soppe_legacy,2my2,2my2,A,1095d7b6a7cba58430596a5f11ecbedd441c4ed4e1059c304e7cacb03633d038,118,JHG30_cb59b34d250f,weak_train,-1,included_in_development_residue_labels
SOPPCL__2my6,soppe_legacy,2my6,2my6,A,c8b2b1daebff626af5d9457055b028d70d7fb713010b40001d30f354a5de78da,91,JHG30_b0fe78d70d28,weak_train,-1,included_in_development_residue_labels
SOPPCL__2myh,soppe_legacy,2myh,2myh,A,bf60471e2cad18956260ec67ae802ea3dde38746ba41f2ff2b071dba855cac23,41,JHG30_299b9ffa927a,weak_train,-1,included_in_development_residue_labels
SOPPCL__2myi,soppe_legacy,2myi,2myi,A,e25c2e54c66814f3d858a87056a081055532e4e9c92398fa6304b8347f6261fb,259,JHG30_662607056ea7,weak_train,-1,included_in_development_residue_labels
SOPPCL__2myj,soppe_legacy,2myj,2myj,A,4e34ab24b26a1332f46c91d53473560757cd7ce2095bebadda4e3cebe1499a49,79,JHG30_53dd316f82b8,weak_train,-1,included_in_development_residue_labels
SOPPCL__2myv,soppe_legacy,2myv,2myv,A,e38afccfe50642ac03b02f51d3214350e741b7053dcabfd7b56f706a1f8dd958,79,JHG30_25b24a089613,weak_train,-1,included_in_development_residue_labels
SOPPCL__2myx,soppe_legacy,2myx,2myx,A,8f342381d1372a959c8eca53e8237d14015186c981b556d626ac3335d7638293,75,JHG30_3de198c520ec,weak_train,-1,included_in_development_residue_labels
SOPPCL__2mz7,soppe_legacy,2mz7,2mz7,A,5ecdf910b2d0bb7d4db96e0ae642d02a26d30071380573dd32f1f723a3e11a79,46,JHG30_cde1d1c5ec54,weak_train,-1,included_in_development_residue_labels
SOPPCL__2mz8,soppe_legacy,2mz8,2mz8,A,aeb1b2a3a6276bb2aeb604e88222e058a402eb087951b7c983eea78cd655b57b,133,JHG30_10506c09582b,weak_validation,-1,included_in_development_residue_labels
SOPPCL__2mzb,soppe_legacy,2mzb,2mzb,A,d97dc6bf9b20c4e0980cdff7564952f1ed6b13a740c885824141cdae6c596cb3,196,JHG30_bda9232a54b2,weak_validation,-1,included_in_development_residue_labels
SOPPCL__2mzc,soppe_legacy,2mzc,2mzc,A,d8fdcff6a436343cae3322a6cc3d0ecb9005af5d8b5c48a22075ccb32bceb89e,92,JHG30_28ce82817cbb,weak_train,-1,included_in_development_residue_labels
SOPPCL__2mze,soppe_legacy,2mze,2mze,A,c6a0d4a3db5b92fed302ecb25ca0e678791db413f2ad50e2d7a34637d397be05,250,JHG30_80fd09eb3caa,weak_train,-1,included_in_development_residue_labels
SOPPCL__2mzf,soppe_legacy,2mzf,2mzf,A,a80d64cc4903fcf76e3f6452c7d4817e66bf757511f0725dfdfb53e2ac07642e,64,JHG30_23e7c3a6ba74,weak_train,-1,included_in_development_residue_labels
SOPPCL__2mzn,soppe_legacy,2mzn,2mzn,A,92960a07829c6b0d1f3783ce79da88544f85691bd8d8509ec04a6b1a160cbd9e,122,JHG30_ea292b962a50,weak_train,-1,included_in_development_residue_labels
SOPPCL__2mzs,soppe_legacy,2mzs,2mzs,A,424c7cab3e1a50a8300b49a36548b6a8a084d10b506ccf203e7f544bd4c9acca,99,JHG30_9946be658d74,weak_train,-1,included_in_development_residue_labels
SOPPCL__2mzt,soppe_legacy,2mzt,2mzt,A,bf5d0c2d51f3f136eb992c9d5880ee4b81a2ef5979a8ae44bea2e54a9710a14b,100,JHG30_e5a7f63d3052,weak_train,-1,included_in_development_residue_labels
SOPPCL__2mzv,soppe_legacy,2mzv,2mzv,A,75de7f092b7681d53d53f464e7626e8c51a4564eff864bc82f977cb935b91fb0,199,JHG30_d617d1e56d51,weak_validation,-1,included_in_development_residue_labels
SOPPCL__2n00,soppe_legacy,2n00,2n00,A,171dcb1cbe5fb09f7f29730a2868cb9f0c242f5b9b212006d33430b5a64f5f8f,95,JHG30_714164ec406f,weak_train,-1,included_in_development_residue_labels
SOPPCL__2n03,soppe_legacy,2n03,2n03,A,3037b616f78a039e8647a1ef381d32a5dfea71d49cb4c9e013f3326528406bde,215,JHG30_9737a0d60bdd,weak_train,-1,included_in_development_residue_labels
SOPPCL__2n0m,soppe_legacy,2n0m,2n0m,A,feaf107cb9e02588fdd4d5bc4e40b5a6b06967dd03b1242b5ea6f9ffdabddf0f,130,JHG30_7c6daf0fcda2,weak_train,-1,included_in_development_residue_labels
SOPPCL__2n11,soppe_legacy,2n11,2n11,A,9ffe51f87cf5ec97e8f38b781d36a5843a54ccbb7395c64dc3a390fbb012d1f7,74,JHG30_68fdfddfe6bd,weak_train,-1,included_in_development_residue_labels
SOPPCL__2n17,soppe_legacy,2n17,2n17,A,cc8506d869ca13b666772f5eab716aa04a3ca141abc1079929132c246ead3185,56,JHG30_381b0a31212d,weak_train,-1,included_in_development_residue_labels
SOPPCL__2n1b,soppe_legacy,2n1b,2n1b,A,ccbbcb644fc94ada9c6fea150eec2e40cdb7c88ba7bffce8b71d19d8cd3e14f6,216,JHG30_80ed30403023,weak_train,-1,included_in_development_residue_labels
SOPPCL__2n1d,soppe_legacy,2n1d,2n1d,A,a29d8c848d6f4e7e96a32373c290402eb80dc6cd62a564fc8012510bfc680544,54,JHG30_8acc7321a8cd,weak_train,-1,included_in_development_residue_labels
SOPPCL__2n1i,soppe_legacy,2n1i,2n1i,A,030345ff5f52aee191e3f7fde3b8973dba77836cfc3d95ff71b82186721c44fa,176,JHG30_1d12af6820fd,weak_train,-1,included_in_development_residue_labels
SOPPCL__2n1v,soppe_legacy,2n1v,2n1v,A,cde32d1e7e04643f8bd451c4a25f678a6400fa0e60a6bcb61f253d56cdf6dcb8,97,JHG30_01a5df3c1bc6,weak_train,-1,included_in_development_residue_labels
SOPPCL__2n2a,soppe_legacy,2n2a,2n2a,A,04278061cdb421236d101c855c838071589936e6ef9b0e155dd0c95e7d35f5da,58,JHG30_748be8fbc8e2,weak_train,-1,included_in_development_residue_labels
SOPPCL__2n2e,soppe_legacy,2n2e,2n2e,A,5db8476f8cb08c41103a6c3157d5a85f25932229efc4a85c2d0f8cee0eb52bd0,108,JHG30_8b497042e0f0,weak_train,-1,included_in_development_residue_labels
SOPPCL__2n2l,soppe_legacy,2n2l,2n2l,A,4cd70e089bdbb891b48d631020ede439a3295929d2fc01c39800675f08edd7b5,156,JHG30_3daadb1f2e5e,quarantine_metadata_only,-1,excluded_quarantine_metadata_only
SOPPCL__2n2t,soppe_legacy,2n2t,2n2t,A,87b620e723e597e8e5f49d5cf0f7c393081ba2907fb25cab761729bbd47a941f,84,JHG30_5ed90e8dbedf,weak_train,-1,included_in_development_residue_labels
SOPPCL__2n2y,soppe_legacy,2n2y,2n2y,A,8f9d9118d25fd9936bccd780074570f6dc652da8df85465ebf86ace298f7f0ed,92,JHG30_b1c34db02e2f,weak_train,-1,included_in_development_residue_labels
SOPPCL__2n32,soppe_legacy,2n32,2n32,A,f9a0f5ea0a6f6c11943577999ce54ec129031f750ad0895209dd2370a30bb045,109,JHG30_487854a799e3,weak_train,-1,included_in_development_residue_labels
SOPPCL__2n34,soppe_legacy,2n34,2n34,A,4905d2f8afb71d082985457df431fdc06250614f5da1326e337e261640674796,70,JHG30_4f0a27ee7b3d,weak_train,-1,included_in_development_residue_labels
SOPPCL__2n39,soppe_legacy,2n39,2n39,A,f0a6a7608887e83e20381361391a2e204efc43a3eb4375f9b055b2d7b7c2852c,108,JHG30_6156a7f11c06,weak_train,-1,included_in_development_residue_labels
SOPPCL__2n3d,soppe_legacy,2n3d,2n3d,A,d75293e87d08e98afd8f473224f8db88fe5dfb87be840c38defa031a874c169c,103,JHG30_a4d0d92cec1f,weak_train,-1,included_in_development_residue_labels
SOPPCL__2n3o,soppe_legacy,2n3o,2n3o,A,0f33cbfc53f763c4a6e3016f30e5b349327bb6e404add2aff0b6eb48310a4aee,123,JHG30_e478634f4122,weak_train,-1,included_in_development_residue_labels
SOPPCL__2n3t,soppe_legacy,2n3t,2n3t,A,bf1c804077764a2fcd9ef5e41a8119fc2588b8635b56f0feec3a8599f5095f82,131,JHG30_5e8c27e0669c,weak_train,-1,included_in_development_residue_labels
SOPPCL__2n3x,soppe_legacy,2n3x,2n3x,A,e3804b903a61a4ba2b8ce23e84822704c36d447efac3ee8c88a3bcd64b48f2b6,50,JHG30_07a2d60133eb,weak_train,-1,included_in_development_residue_labels
SOPPCL__2n4i,soppe_legacy,2n4i,2n4i,A,263df291fe06c8588941e90fc144079f7e59dd85a229aab07e343678a9358d40,119,JHG30_2c4b57c1dd17,weak_train,-1,included_in_development_residue_labels
SOPPCL__2n4o,soppe_legacy,2n4o,2n4o,A,a290fcc2d497edc36e9492c7e35ccb9b394efa4193bf6ea03dc48c19e80d87a6,95,JHG30_906ee78f48b0,weak_train,-1,included_in_development_residue_labels
SOPPCL__2n4x,soppe_legacy,2n4x,2n4x,A,790a3f41b52858dc10c78f6057a248abd12a432067068a65c5c7461257370d36,192,JHG30_e356be9335a0,weak_validation,-1,included_in_development_residue_labels
SOPPCL__2n51,soppe_legacy,2n51,2n51,A,8ad090fcdbfc3a1ea0c960b66ef0b7754e8d84eedf353b17318be97145d4c58e,133,JHG30_1ff47b64152a,weak_train,-1,included_in_development_residue_labels
SOPPCL__2n52,soppe_legacy,2n52,2n52,A,03ee2b1e838c0af98f222bd28d842383932c705a00fac9b3a7b86e62965748f7,57,JHG30_e00c2435962b,weak_train,-1,included_in_development_residue_labels
SOPPCL__2n56,soppe_legacy,2n56,2n56,A,aa8e2bd62b8f388981402ec7a71c9f3d5ce80e71a829cc75b5bae146c2929bb7,104,JHG30_6d78c77e1771,weak_train,-1,included_in_development_residue_labels
SOPPCL__2n59,soppe_legacy,2n59,2n59,A,91091e84031b6de7db7012b414d4da35dc2c5a7c564cda94bc3e24d1be3f57d7,101,JHG30_92d8d5856e65,weak_train,-1,included_in_development_residue_labels
SOPPCL__2n5d,soppe_legacy,2n5d,2n5d,A,c5cb0bede08ee8a37fafd9a586772406d6a35c5c853cd398cfbd8068d832ff66,84,JHG30_0a3ceec3cf67,weak_train,-1,included_in_development_residue_labels
SOPPCL__2n5f,soppe_legacy,2n5f,2n5f,A,3b6574673f4a0ed72d7bc38e6a492a5bea295cdb145774abd6fc6ff80b5734f5,212,JHG30_ac49e5089614,weak_train,-1,included_in_development_residue_labels
SOPPCL__2n5g,soppe_legacy,2n5g,2n5g,A,74540ca7813d69e848ecba03fab09b4740aa0f7f8f00cc0213db2dcfdb54ea0d,101,JHG30_3f6160e039af,weak_train,-1,included_in_development_residue_labels
SOPPCL__2n5h,soppe_legacy,2n5h,2n5h,A,6b9fd97bb7bb89fc03a50007e56649ddb6b99813de4e6d4c2eb2766f64ae9087,90,JHG30_84b686270c78,weak_train,-1,included_in_development_residue_labels
SOPPCL__2n5l,soppe_legacy,2n5l,2n5l,A,4d164c4a90b2f319398d4948ba60bb0ff7264b779b117a0bff0ccc81bf6c39c5,57,JHG30_7349741c9d1d,weak_train,-1,included_in_development_residue_labels
SOPPCL__2n5m,soppe_legacy,2n5m,2n5m,A,2c33b61711077f321da7c04605f05941d017936b79a66ef67ea15bf180b0a7e1,52,JHG30_f5efbf7831a2,weak_train,-1,included_in_development_residue_labels
SOPPCL__2n5n,soppe_legacy,2n5n,2n5n,A,751dba653750f51bfdfbab561024cf4210696a33069952f4f323f67ff26cfba3,86,JHG30_629f9de1c530,weak_train,-1,included_in_development_residue_labels
SOPPCL__2n6d,soppe_legacy,2n6d,2n6d,A,a065d2a2f6621b7ac9de2311f70a8691a59d04924ce078f05f5c2dfd4d9dafcb,172,JHG30_370df4a5f450,weak_train,-1,included_in_development_residue_labels
SOPPCL__2n6f,soppe_legacy,2n6f,2n6f,A,d4b90f10804c880c8bde67de599f4962f66e7a9e76d825af6499c5b71f496712,136,JHG30_a49c069ceb1f,weak_train,-1,included_in_development_residue_labels
SOPPCL__2n6j,soppe_legacy,2n6j,2n6j,A,b12e9c4bfaa17288e389cb05425d1b8e1bedae63ca5593fbaa3fdb8368afbfd5,195,JHG30_9a91daaf993e,weak_train,-1,included_in_development_residue_labels
SOPPCL__2n6l,soppe_legacy,2n6l,2n6l,A,6be3066e870397fb25328c64e99336cacb284618ef913f4e938ba0e0cad81d61,209,JHG30_8e0b78a67d0c,weak_train,-1,included_in_development_residue_labels
SOPPCL__2n6r,soppe_legacy,2n6r,2n6r,A,e49e49f704ee1117c52d75467081f16443e02f6eb3c14bb9049dc69e120f2e0f,76,JHG30_ce5b48ff05e4,weak_train,-1,included_in_development_residue_labels
SOPPCL__2n72,soppe_legacy,2n72,2n72,A,cb7281670b740820fc372bd998ea1ab56f95992b1828391fa979bd2c50aa13e9,69,JHG30_5c20f3c13bf3,weak_train,-1,included_in_development_residue_labels
SOPPCL__2n73,soppe_legacy,2n73,2n73,A,cb7281670b740820fc372bd998ea1ab56f95992b1828391fa979bd2c50aa13e9,69,JHG30_5c20f3c13bf3,weak_train,-1,included_in_development_residue_labels
SOPPCL__2n77,soppe_legacy,2n77,2n77,A,db998b1b3f1533b58b062b79bb1b857dc6f3bae3cd576671b5ebfe6c742a96b0,73,JHG30_2ef2109b668d,weak_train,-1,included_in_development_residue_labels
SOPPCL__2n7a,soppe_legacy,2n7a,2n7a,A,9579b517ce87206ba3e16c9ec837780d334718aa480979f954433c864bb45dff,145,JHG30_db827f989e6d,weak_train,-1,included_in_development_residue_labels
SOPPCL__2n7d,soppe_legacy,2n7d,2n7d,A,fab193e92e20b68ed299b470301d9582f0d0f94abeab805183b6a2e8810934c0,97,JHG30_fc5049b53808,weak_train,-1,included_in_development_residue_labels
SOPPCL__2n7g,soppe_legacy,2n7g,2n7g,A,24c49cc72ac5c36d3c694b8e80a85e5a0f71278cb0fb3199c23373a8ae454876,131,JHG30_6f7d2def2c94,weak_train,-1,included_in_development_residue_labels
SOPPCL__2n7q,soppe_legacy,2n7q,2n7q,A,e3eb2c966f56cd051825fec81a0ae1540c55ac6d458b5d7eb6bd4aef06998aac,46,JHG30_88927a9957b8,weak_train,-1,included_in_development_residue_labels
SOPPCL__2n80,soppe_legacy,2n80,2n80,A,76ad54cf3e56e13bfd77adec4487822b343aa9e3f8b72d6216c892aa0db6179d,94,JHG30_3c2cd334e37e,weak_train,-1,included_in_development_residue_labels
SOPPCL__2n81,soppe_legacy,2n81,2n81,A,cea61b0a9e0c1f2a545b04b637f35594a58c26dd93795c15d612f589c5f1d315,95,JHG30_13b2e8c24866,weak_validation,-1,included_in_development_residue_labels
SOPPCL__2n84,soppe_legacy,2n84,2n84,A,9422a364513aeb15cf92031ec505f691f13e5b6b2c1e09e02e1afefa722460a8,179,JHG30_6a2829155c96,weak_train,-1,included_in_development_residue_labels
SOPPCL__2n85,soppe_legacy,2n85,2n85,A,364be669b1a3d277d9ee5906a9a77cae0d7471dc7a358eda45a0c6f847277877,41,JHG30_dcf80632db9a,weak_train,-1,included_in_development_residue_labels
SOPPCL__2n86,soppe_legacy,2n86,2n86,A,d28ef46d7687e2d9adc1048c1ae06a50ced84bdc11ca0f86b191b600c9c72071,59,JHG30_ecd73108353f,weak_validation,-1,included_in_development_residue_labels
SOPPCL__2n8a,soppe_legacy,2n8a,2n8a,A,9bf0b954899743397d5998d4c681e2aae72fdc11ccdcbfffc7fd6fd80c60d149,214,JHG30_814845290d1c,weak_train,-1,included_in_development_residue_labels
SOPPCL__2n8l,soppe_legacy,2n8l,2n8l,A,3a437d3de7d3f3941e6f32c2609faa05edce36048f0e81fc25e2cdfeae3bbce9,191,JHG30_47ac69d74fd5,weak_train,-1,included_in_development_residue_labels
SOPPCL__2n8p,soppe_legacy,2n8p,2n8p,A,85d33503598d174b0587f8596450b5c7cf6177088da67f9fe2c4d9e0dcab37e9,53,JHG30_78982e72c420,weak_train,-1,included_in_development_residue_labels
SOPPCL__2n8w,soppe_legacy,2n8w,2n8w,A,b0e7a97cb66df0fed212e9c0d69a7c9d6655139f6259c3fa741628640ab6eb95,104,JHG30_d4ba6562d229,weak_train,-1,included_in_development_residue_labels
SOPPCL__2n8x,soppe_legacy,2n8x,2n8x,A,a53c708e29f733cb8295b5484448b69cbf1de7fd6dc27f75446ad6fee326d207,166,JHG30_916eb3eaa935,weak_train,-1,included_in_development_residue_labels
SOPPCL__2n94,soppe_legacy,2n94,2n94,A,5b29f0929571e016183b8d6e8664955f4a912e3058d2b8cc1d10b4f7b99d90ad,48,JHG30_6fb5d89196f4,weak_validation,-1,included_in_development_residue_labels
SOPPCL__2n9g,soppe_legacy,2n9g,2n9g,A,90d0747192b2eefc5334dd8849defed8f44e836ca597125b45968b98e00f0df9,111,JHG30_b31224f7d79b,weak_train,-1,included_in_development_residue_labels
SOPPCL__2n9p,soppe_legacy,2n9p,2n9p,A,c2bd6c0f66647ac21e2077b4b481e5e1e1448b0c5a2824c6b80813ce5d1ad13a,42,JHG30_c9c265b9739e,weak_validation,-1,included_in_development_residue_labels
SOPPCL__2n9u,soppe_legacy,2n9u,2n9u,A,cd6829e514d02033460ff3d3bef635486c9958167c89f3daff6d45b54aace313,129,JHG30_09dbf08ab4b8,weak_train,-1,included_in_development_residue_labels
SOPPCL__2na1,soppe_legacy,2na1,2na1,A,8933c151958917c46c74b5c5986c6a9f040f1e9996ff57e03376e3316e6cb10f,145,JHG30_ffe6f0da2145,weak_train,-1,included_in_development_residue_labels
SOPPCL__2na4,soppe_legacy,2na4,2na4,A,7a5ad4271c9ec1f1ded9a1c0d20ace5f73519f2a8ce2d2180c68b35e7c1bfad4,108,JHG30_28267dc3eba3,weak_train,-1,included_in_development_residue_labels
SOPPCL__2nan,soppe_legacy,2nan,2nan,A,55bcf0dac44bdf1c706dc2d4c7190a20e3cd09f7ddd8ca62ad638393c2e09169,140,JHG30_bf8f3aa699aa,weak_train,-1,included_in_development_residue_labels
SOPPCL__2nas,soppe_legacy,2nas,2nas,A,12a041a9bb793b75216e02274c188389239465c4f8a20fa70406051b493a3e0f,110,JHG30_b078ee064b22,weak_train,-1,included_in_development_residue_labels
SOPPCL__2naz,soppe_legacy,2naz,2naz,A,0851b75fc568e2c3b336cfc0ad45bbdb34d5a369eb39688129158a7b705da200,109,JHG30_94b02a119f75,weak_train,-1,included_in_development_residue_labels
SOPPCL__2nb1,soppe_legacy,2nb1,2nb1,A,6e836042122a447c9a7ba5427899d9d1d3353d5f61da53c3d4927640957f6ea4,60,JHG30_c005885c76e5,weak_train,-1,included_in_development_residue_labels
SOPPCL__2nbb,soppe_legacy,2nbb,2nbb,A,dabd1b6d21cd8ad6b3980ae146b0f97d96f2d52cfbdc75b4fbba5ef34d34bbe3,118,JHG30_dc171b23871e,weak_train,-1,included_in_development_residue_labels
SOPPCL__2nbg,soppe_legacy,2nbg,2nbg,A,7cc8b8a9f728f29ae281918bb4429429ba50a065714ce1a2e78d1a328c8c5fa7,125,JHG30_fc201e9d82b6,weak_train,-1,included_in_development_residue_labels
SOPPCL__2nbh,soppe_legacy,2nbh,2nbh,A,c8fb976ffd2734c4d68fd834b9af9deb25bf65547a72a2c667d17a02a89088a0,107,JHG30_6def5b356bc4,weak_validation,-1,included_in_development_residue_labels
SOPPCL__2nbm,soppe_legacy,2nbm,2nbm,A,416d608345e8621a2032fa17078bbac47cd7332a2a0afd9a9014636465c907b1,111,JHG30_8185483fe97e,weak_train,-1,included_in_development_residue_labels
SOPPCL__2nbo,soppe_legacy,2nbo,2nbo,A,4eb2f3d1e6d08cdca5a8be229b7797d31576280fef920f04d82baf72ea3f19f0,127,JHG30_32c888c26853,weak_train,-1,included_in_development_residue_labels
SOPPCL__2nbu,soppe_legacy,2nbu,2nbu,A,ed0f08eadb59c31194a2e4ebb5a5552cb8bb2a4ff4b32865fb55bd38eb94fd9b,78,JHG30_e89f8424f753,weak_train,-1,included_in_development_residue_labels
SOPPCL__2nc8,soppe_legacy,2nc8,2nc8,A,26b7cf6e60f48e33f99c210d88bf744c3be313aa1b5f56bcf82a305d1e68fcc5,171,JHG30_e95e49c1fc7d,weak_train,-1,included_in_development_residue_labels
SOPPCL__2nc9,soppe_legacy,2nc9,2nc9,A,fbcf6e2d4b006942d56a593ac1fedf3f361285b0202c8385bb33bf9d4582494d,131,JHG30_d1fd249afe29,weak_train,-1,included_in_development_residue_labels
SOPPCL__2nca,soppe_legacy,2nca,2nca,A,e01a97706e1ce666ee2779713dfa8630a81efa83434955983573ac78cf635597,126,JHG30_70728f8a3717,weak_train,-1,included_in_development_residue_labels
SOPPCL__2ncg,soppe_legacy,2ncg,2ncg,A,bf7d5b520c30ca81aec5d6cd58fd0fdb7fa8f7f260cdfbedbbdc2d0cb2729894,118,JHG30_ee2f46d31e6e,weak_train,-1,included_in_development_residue_labels
SOPPCL__2nch,soppe_legacy,2nch,2nch,A,c42eab3f74aa1bfd859c596e6d40afed64231f4ae525ddceeecb08bc0f25383c,87,JHG30_cbc1d9f9942e,weak_train,-1,included_in_development_residue_labels
SOPPCL__2ncj,soppe_legacy,2ncj,2ncj,A,0ee9724b3b339020bdf5a8396b585870dc2029297e0adc4b6e2b88ea75dcce4a,171,JHG30_58727c0354db,weak_train,-1,included_in_development_residue_labels
SOPPCL__2ncl,soppe_legacy,2ncl,2ncl,A,962de76b0593382f38c0281eb9d506046ff39e2cef34d828dd57a1f3b3a0da82,81,JHG30_5a0c8b49e7b2,weak_train,-1,included_in_development_residue_labels
SOPPCL__2ncn,soppe_legacy,2ncn,2ncn,A,df07344b912f2e16aa4c8300088602de718e57c0ec789033f43d8b17e391c507,128,JHG30_1e10bf9ea64a,weak_train,-1,included_in_development_residue_labels
SOPPCL__2nd9,soppe_legacy,2nd9,2nd9,A,1ec0d2da3b9d7275a884c797e789db7ebec45e8f7bb7eafedbb4f2b2fd3b6d8c,135,JHG30_58b6797175d9,weak_train,-1,included_in_development_residue_labels
SOPPCL__2ndf,soppe_legacy,2ndf,2ndf,A,ff5b69229fa0a3bbe066d6b7aea717f1c2f80ab3732d34d6d1e888ca196bafd8,141,JHG30_251f93ef04b0,weak_train,-1,included_in_development_residue_labels
SOPPCL__2ndh,soppe_legacy,2ndh,2ndh,A,f22aee17ab1a018841722ba2fe61031346fda3a7460e2beb3b209153da31507d,143,JHG30_127829a1dca4,weak_train,-1,included_in_development_residue_labels
SOPPCL__2ndi,soppe_legacy,2ndi,2ndi,A,67655bc3607315d13a9af5f4f0914f5c3ca332d9f8d35be5eb4ecf0ba21b4203,46,JHG30_bb1fbb5ad5c8,weak_train,-1,included_in_development_residue_labels
SOPPCL__2ndj,soppe_legacy,2ndj,2ndj,A,62f590d51e0f535e3c67d1f91950ebb0ad4b723e49d5f35b72f1aa859764b857,103,JHG30_6386806ebbba,weak_train,-1,included_in_development_residue_labels
SOPPCL__2ndp,soppe_legacy,2ndp,2ndp,A,1b14712687c5d9412f498bbf842f9d4e63e7389c4c7e9cdc6163dbb074b6b180,99,JHG30_47ccdcfcd0e3,weak_train,-1,included_in_development_residue_labels
SOPPCL__2nef,soppe_legacy,2nef,2nef,A,bbdcdf3a15d7107941957ff001cb101127c7d7cf1bfa6b547b2f3f06978efb5d,136,JHG30_7c8ef33c37c5,weak_train,-1,included_in_development_residue_labels
SOPPCL__2nmb,soppe_legacy,2nmb,2nmb,A,0419615a04404c07dcdfd1d5f488d851b7354a79af81d93ec35634de7a058806,147,JHG30_aac236baf14c,weak_train,-1,included_in_development_residue_labels
SOPPCL__2nnz,soppe_legacy,2nnz,2nnz,A,d9e159bca20d2a1646bc9045cc3203ec34b59ea3b88fcbb2a194ec15affcf250,131,JHG30_f4871168c882,weak_train,-1,included_in_development_residue_labels
SOPPCL__2noc,soppe_legacy,2noc,2noc,A,0a1eaea7b558ec168c77060d92f74565db996a2ce27b4bbc02fcfda904d48fce,99,JHG30_76fa722c2eb8,weak_train,-1,included_in_development_residue_labels
SOPPCL__2npu,soppe_legacy,2npu,2npu,A,5aee54b0bc6ea399531cbce2b100ec51ef9cfea40b60cfd14021cdde1ed6c9b2,101,JHG30_fd56ac894fe2,weak_train,-1,included_in_development_residue_labels
SOPPCL__2ns5,soppe_legacy,2ns5,2ns5,A,3e62715b558f77cb2c7a77a361b473b8c198abd35720c7bdc17189eb5a8e7bb9,85,JHG30_d1577dfb1254,weak_train,-1,included_in_development_residue_labels
SOPPCL__2nxu,soppe_legacy,2nxu,2nxu,A,9a14dffbb66b0b50fae1c86ca032521d6c83ba27d4af20d40a6e529c588cb838,134,JHG30_8cc0d4221c40,weak_validation,-1,included_in_development_residue_labels
SOPPCL__2o4e,soppe_legacy,2o4e,2o4e,A,7d2d577a9491c0a651b0b6dc435a1eedd05d2f5e4edff7c43d03c2e8d96a6454,165,JHG30_cacff5c72fc4,weak_train,-1,included_in_development_residue_labels
SOPPCL__2od1,soppe_legacy,2od1,2od1,A,7f483dbe154b5a3dfad673a0d56eba6f637e04011fe8df5d9a040fa813272838,50,JHG30_3264bb4614b5,weak_train,-1,included_in_development_residue_labels
SOPPCL__2odx,soppe_legacy,2odx,2odx,A,69fe795a1bcd22dff7142e5e27d131e72442a39a187615ec7e0f1abbdc487d6f,54,JHG30_2f3324362d08,weak_train,-1,included_in_development_residue_labels
SOPPCL__2ofq,soppe_legacy,2ofq,2ofq,A,72f7c9493f7cce233abb580a3b2fde12c0df4592f9dfe2441eb0063af47d4e45,95,JHG30_752f5fd8057e,weak_train,-1,included_in_development_residue_labels
SOPPCL__2oq3,soppe_legacy,2oq3,2oq3,A,879f0add29f5f5003c541a466c564c0ea57568a61490bc06d7001ffd1e8c58c0,147,JHG30_17d3efff0b4e,weak_train,-1,included_in_development_residue_labels
SOPPCL__2oqp,soppe_legacy,2oqp,2oqp,A,735119d4932e3d8c7b66b5af4cafda72d287591288f384f0ba7f9e2497670b66,134,JHG30_4873b1710109,weak_train,-1,included_in_development_residue_labels
SOPPCL__2ot2,soppe_legacy,2ot2,2ot2,A,6c012c70112408855c9e41f30ce6a74e1ea927d2e84f11477af3fef780a53b2e,90,JHG30_6165bf73b60c,weak_train,-1,included_in_development_residue_labels
SOPPCL__2otr,soppe_legacy,2otr,2otr,A,405c067918414493dbc4e5c4d90df54789d268ba2084313dde25e75376e31ac7,90,JHG30_068b752ca36f,weak_validation,-1,included_in_development_residue_labels
SOPPCL__2out,soppe_legacy,2out,2out,A,ed5f6be1bf6f1e22dcf195a5074c259b5ccb43d701af0587fc2b6a6dd0eff41d,131,JHG30_b8445f26b5cd,weak_train,-1,included_in_development_residue_labels
SOPPCL__2ov6,soppe_legacy,2ov6,2ov6,A,48ce10262179d373ff6c366fb36ca969542a8645a227ff998d03a5740d6e9f77,101,JHG30_11146b1862e9,weak_train,-1,included_in_development_residue_labels
SOPPCL__2p01,soppe_legacy,2p01,2p01,A,8af859401bcc45b51518a5d6d97bc625530e3058ac1732658a84847efb4eca2a,323,JHG30_b347fb8d00ad,weak_train,-1,included_in_development_residue_labels
SOPPCL__2p3m,soppe_legacy,2p3m,2p3m,A,0ed0eb9fc3ff3f4674798bfd8f8505b25545698b16eb92d9aa3dbe35d9613881,136,JHG30_5f159c26cfb7,weak_train,-1,included_in_development_residue_labels
SOPPCL__2p80,soppe_legacy,2p80,2p80,A,8162bcfefeaa63f288c8a4d5886e86ed0e923f2e9317d1a07bcf07a16cbb3908,335,JHG30_32f9fb4335da,weak_train,-1,included_in_development_residue_labels
SOPPCL__2pfu,soppe_legacy,2pfu,2pfu,A,8cd5894beef5a17cf0cc1decdc83a6feb6a469d98ca01fb3393fdc0dedc444a8,99,JHG30_2ea32b7a2241,weak_train,-1,included_in_development_residue_labels
SOPPCL__2phe,soppe_legacy,2phe,2phe,A,4cbc14515764f01b46c07e77d406c73300003edb2e3f98e25f8ba75cd5c4ccf3,66,JHG30_a8527672b74e,weak_train,-1,included_in_development_residue_labels
SOPPCL__2png,soppe_legacy,2png,2png,A,b6adf021978d8749905ae1439789738c003252962430d6a6ecc98ac82c8d799e,89,JHG30_a6abdb5da353,weak_train,-1,included_in_development_residue_labels
SOPPCL__2pp4,soppe_legacy,2pp4,2pp4,A,a7cca9ac7aa0d9d3db8ec0c32bf658844683b327549e517c0a047bb33b47b0be,107,JHG30_9dcc4dd9fe57,weak_train,-1,included_in_development_residue_labels
SOPPCL__2prf,soppe_legacy,2prf,2prf,A,49185858211716c6acaf09c1eceb7e938dafff80f25a4202d9580e84794a3f3e,125,JHG30_f640e86c0c07,weak_train,-1,included_in_development_residue_labels
SOPPCL__2ptl,soppe_legacy,2ptl,2ptl,A,19b85ae2edd17e23e14c521171ce0108afd7c04d34a2a0c02e6d68f61b3d6d1d,78,JHG30_6c995679c664,weak_validation,-1,included_in_development_residue_labels
SOPPCL__2px9,soppe_legacy,2px9,2px9,A,30fa4aa272a90c557515f91c509216300a5c136d645f9e94bc58244c12d8295f,217,JHG30_a9b87430ba55,weak_train,-1,included_in_development_residue_labels
SOPPCL__2pxg,soppe_legacy,2pxg,2pxg,A,3cd5e3751ced990d7ac154a44192b11833aab498f874055ba172210fb467be37,118,JHG30_feb376ed7f5f,weak_train,-1,included_in_development_residue_labels
SOPPCL__2rlo,soppe_legacy,2rlo,2rlo,A,eff90a38b93cb0caf7c290385252838f12254816fbc53cffc3c963b0b9668e5f,128,JHG30_be9807a29fd6,weak_train,-1,included_in_development_residue_labels
SOPPCL__2rlp,soppe_legacy,2rlp,2rlp,A,0e4230920d912e8827f9c417928ee86bdc6d5bc39bdaf4efc711ae34713055c8,123,JHG30_392b5f8cd0ac,weak_train,-1,included_in_development_residue_labels
SOPPCL__2rm4,soppe_legacy,2rm4,2rm4,A,9ba56d11496ac0a722028ad4d3b61ff6369ff15b4b9ab08cf707fae9453a8a8a,103,JHG30_7e2bdf635a9f,weak_train,-1,included_in_development_residue_labels
SOPPCL__2rm5,soppe_legacy,2rm5,2rm5,A,460ea36984ce04e5eebe0ef2f34a4ac89828ea422eabb80c8d3caa384ee1c10f,167,JHG30_fe112ea40d1d,weak_train,-1,included_in_development_residue_labels
SOPPCL__2rmj,soppe_legacy,2rmj,2rmj,A,fdbed77afe55881b12e6d9301b8c977b3f1a1809e3c1c5cb9956aad7fb122b67,134,JHG30_2aeedd3748ab,weak_train,-1,included_in_development_residue_labels
SOPPCL__2rmn,soppe_legacy,2rmn,2rmn,A,c4ee20db02a83d84b56a1cc70056e29bd2d09b50bfea9bf2d37b8781c498a039,233,JHG30_7ebc1c5f26a7,weak_train,-1,included_in_development_residue_labels
SOPPCL__2rms,soppe_legacy,2rms,2rms,A,46d05447c2cfdbb6acc33c7993aac47c6c7c23400db5ab9e3d1742baec6c0856,71,JHG30_5792b49459d2,weak_train,-1,included_in_development_residue_labels
SOPPCL__2rn4,soppe_legacy,2rn4,2rn4,A,e0cc26d5e47dd381c33e66fca69e341796ae9611596f656425f3842082afdfed,106,JHG30_cab06bd44db5,weak_train,-1,included_in_development_residue_labels
SOPPCL__2rn7,soppe_legacy,2rn7,2rn7,A,f3929b63e4c27e7909d359379f802185008bf53986588f6b726039cf6348ef84,108,JHG30_e30e65618b0c,weak_train,-1,included_in_development_residue_labels
SOPPCL__2rnj,soppe_legacy,2rnj,2rnj,A,619090673fc541962d7252dd299e9d82bc305bccd2611de6cb5bec9185aaad06,67,JHG30_15791813ac0b,weak_train,-1,included_in_development_residue_labels
SOPPCL__2rnn,soppe_legacy,2rnn,2rnn,A,2f0db472d4fe20db7c10e536d67e93347b30704deba9921fb20c677d142b75f0,114,JHG30_08f62f99ba18,weak_train,-1,included_in_development_residue_labels
SOPPCL__2rnz,soppe_legacy,2rnz,2rnz,A,7df60675976063401b2f438ba832693b229999393600fb7298930d2dd68b0c36,94,JHG30_68c516cd94f9,weak_train,-1,included_in_development_residue_labels
SOPPCL__2ro1,soppe_legacy,2ro1,2ro1,A,3d445eda3ce3fc258dafd4f2851b1bdf998f6e481c353812dac326c988456243,189,JHG30_b0ba38bfbf85,weak_train,-1,included_in_development_residue_labels
SOPPCL__2roh,soppe_legacy,2roh,2roh,A,2451a62fe140dc40b846c1e8db90741ccc15aee1422a46bdba7167a5f220a6ca,122,JHG30_a9375a6ac022,weak_validation,-1,included_in_development_residue_labels
SOPPCL__2rop,soppe_legacy,2rop,2rop,A,6f22d1b936c9c826b3e666f3f406bcb8f28256b916e2353d88c42dc2a1438e13,142,JHG30_8cd35b3d6986,weak_train,-1,included_in_development_residue_labels
SOPPCL__2roq,soppe_legacy,2roq,2roq,A,0d7afa322ee2f216888b61331d9106ee8a1385532c5cf11c8344e1a9f3285f01,343,JHG30_6834e52978cf,weak_train,-1,included_in_development_residue_labels
SOPPCL__2rov,soppe_legacy,2rov,2rov,A,8a3d427b112b62b19aaa4d7015aded7666803a3e3d4c5d0bf7bd4eaacefc8a0e,117,JHG30_e5550176b559,weak_train,-1,included_in_development_residue_labels
SOPPCL__2row,soppe_legacy,2row,2row,A,6bb2f501bbc395a59a44f7135795785d7c5473b36f607fb7907bb654db675d5e,84,JHG30_49bbfc2c1417,weak_train,-1,included_in_development_residue_labels
SOPPCL__2rp5,soppe_legacy,2rp5,2rp5,A,cb187907874ee599d75e1e2107e2286113496a1702945b2e785a029c787f4f66,117,JHG30_4d07cf80f00b,weak_train,-1,included_in_development_residue_labels
SOPPCL__2rpb,soppe_legacy,2rpb,2rpb,A,7816a9a1daccdf32c3dfa5b3f2cf16b77d73537d3df337286a003fc506a279de,113,JHG30_dda988a23146,weak_train,-1,included_in_development_residue_labels
SOPPCL__2rpc,soppe_legacy,2rpc,2rpc,A,ca1b4e5c5f4a985a25300f4050bd3297970922c5b95036065dc588aca19f31d1,155,JHG30_299aa9cf35a6,weak_train,-1,included_in_development_residue_labels
SOPPCL__2rpr,soppe_legacy,2rpr,2rpr,A,48537a72ffb8f2e99bf7b878752742cdc2654a39ba4d6ff7cdac3134dea1370c,87,JHG30_9fb869fc802c,weak_train,-1,included_in_development_residue_labels
SOPPCL__2rq1,soppe_legacy,2rq1,2rq1,A,0ebf0e830830de15901319b6cbbed683735f54b99fc7a17c239cfcd35ff37126,109,JHG30_635aa64c8ea2,weak_train,-1,included_in_development_residue_labels
SOPPCL__2rq5,soppe_legacy,2rq5,2rq5,A,2aad3e39abb59e67af07cac2d76465d24a9eefbd53f694e9b259a70722f0a66b,121,JHG30_da8d982d7cce,weak_train,-1,included_in_development_residue_labels
SOPPCL__2rq6,soppe_legacy,2rq6,2rq6,A,f60c5574c7ea70a6e82668bd4ea26549bf4bb827b9559e1ecc26a9c028d46683,138,JHG30_915d218ab939,weak_validation,-1,included_in_development_residue_labels
SOPPCL__2rqa,soppe_legacy,2rqa,2rqa,A,01561ac2b3347738376ff34614cb572b68b83defdec0bc13120cd1b9ee694c3d,137,JHG30_aedf49b7f004,weak_validation,-1,included_in_development_residue_labels
SOPPCL__2rqf,soppe_legacy,2rqf,2rqf,A,7a9186d4600ddb90a239555fe523bcde13d038e478181c479d2357ff3f296e94,227,JHG30_3a4a786e121f,weak_validation,-1,included_in_development_residue_labels
SOPPCL__2rqp,soppe_legacy,2rqp,2rqp,A,ce7cfba8d9f9ba3d82d65230c0813f1e9b9c052f623c82933859639221d98e60,88,JHG30_00f705bbdd0c,weak_train,-1,included_in_development_residue_labels
SOPPCL__2rqr,soppe_legacy,2rqr,2rqr,A,18eea57abd4b0ea7e1ab035eb05c57e79cba79b156204ad11a1668e9cdef7268,119,JHG30_5fed214665e5,weak_train,-1,included_in_development_residue_labels
SOPPCL__2rqx,soppe_legacy,2rqx,2rqx,A,167646de0fd4d8b106dd28f56fd7224d2986a32e882b6791ebf5326d818eb137,81,JHG30_45ed11311c5f,weak_train,-1,included_in_development_residue_labels
SOPPCL__2rqy,soppe_legacy,2rqy,2rqy,A,6f4bb151fc1fedc1d0d9578ab42736535f1ed2786bf68aed20809bf25f6853c4,171,JHG30_b296b5959494,weak_train,-1,included_in_development_residue_labels
SOPPCL__2rr3,soppe_legacy,2rr3,2rr3,A,f42fe24ee545560c1068b988b98d31dc5bfbda3f3a90f1211196f0b964d3983a,128,JHG30_9c875809fc64,weak_train,-1,included_in_development_residue_labels
SOPPCL__2rr7,soppe_legacy,2rr7,2rr7,A,d0d7d2a509b562779200a072539ce46f220bfebd53546d10c8d9abea2a9ea557,155,JHG30_6984ab63a1fa,weak_validation,-1,included_in_development_residue_labels
SOPPCL__2rr8,soppe_legacy,2rr8,2rr8,A,789644523ad9a8063d60d34e12e4a0b6084bf61551e3c5ea97f5cda7e1020a30,190,JHG30_081e1f91ec6d,weak_train,-1,included_in_development_residue_labels
SOPPCL__2rrd,soppe_legacy,2rrd,2rrd,A,2570c77eb34728e27ec631fc939c3ae9368c3feb80281fbe680661d2904180ac,101,JHG30_8975b1cda879,weak_train,-1,included_in_development_residue_labels
SOPPCL__2rre,soppe_legacy,2rre,2rre,A,15f3aa6d9e9711ddfd042cdc71ce00adb439ab0d284c8f58da2b122c7ec46d25,74,JHG30_0446fefb6c8a,weak_train,-1,included_in_development_residue_labels
SOPPCL__2rrf,soppe_legacy,2rrf,2rrf,A,e5153db57ef8f9f1f723cd4fa10c3248146fe943ed032b8f9246d824aad5a9d0,141,JHG30_94c994b7f8d2,weak_train,-1,included_in_development_residue_labels
SOPPCL__2rrl,soppe_legacy,2rrl,2rrl,A,81b917962ce039a1e9421bba9e7777219411b6f9a9bf537bc36291ef73b3460b,169,JHG30_21762a72878a,weak_train,-1,included_in_development_residue_labels
SOPPCL__2rrn,soppe_legacy,2rrn,2rrn,A,ae08d8d5e061861b1783b6a97c9ba56a0c11ae12826cfa9b7a9fd1d092240c0e,92,JHG30_3088540d041c,weak_train,-1,included_in_development_residue_labels
SOPPCL__2rsm,soppe_legacy,2rsm,2rsm,A,5309fc277ca9963249d6a433c8ad5feb653d7f002eb4eed66066c09e0d1dc15b,115,JHG30_653d696e34e4,weak_train,-1,included_in_development_residue_labels
SOPPCL__2rst,soppe_legacy,2rst,2rst,A,9b30affd47e4baa6d6dc3d5df39f00ff7991b6a26d3eeb9abd74762f3d7fdaaa,132,JHG30_1103329a1343,weak_train,-1,included_in_development_residue_labels
SOPPCL__2rsx,soppe_legacy,2rsx,2rsx,A,5dabd45d62413591901a39fb5a75f2cb5f9ac0cdc77243071137d7af17c0acc1,159,JHG30_ea51e86ead6d,weak_train,-1,included_in_development_residue_labels
SOPPCL__2rt5,soppe_legacy,2rt5,2rt5,A,a350d067f5599e5d7d26a767b1a9f64dcc7a0a0eff82f14bf5e1da6c153ac9d6,169,JHG30_477b38db1f8c,weak_validation,-1,included_in_development_residue_labels
SOPPCL__2rts,soppe_legacy,2rts,2rts,A,ced560930355e925178b126a6a53337d0fc249136160f2be1899af55908d3605,73,JHG30_3d233cbb62df,weak_train,-1,included_in_development_residue_labels
SOPPCL__2ru1,soppe_legacy,2ru1,2ru1,A,78f99642a7357fc066bb1beb4b84de1d51853fb504bc95219d4cb2b85f55a526,70,JHG30_081ea9ded5cc,weak_train,-1,included_in_development_residue_labels
SOPPCL__2ru8,soppe_legacy,2ru8,2ru8,A,8622aa7861cedf8bce5fa882eb0105bec9d3124c0be735ce18619ec11ceb2d9e,92,JHG30_704ac39f4d8b,weak_train,-1,included_in_development_residue_labels
SOPPCL__2ruh,soppe_legacy,2ruh,2ruh,A,f8a4c742c26eea2a034a49a22f2ed534d981818c2e63ba3eeb74db61b3dc27d2,131,JHG30_0efbd43be955,weak_train,-1,included_in_development_residue_labels
SOPPCL__2rup,soppe_legacy,2rup,2rup,A,8c981d000cb69b4ec65807888e9562df11e55a607de351b2364636c9c3f3097d,58,JHG30_7474515a7377,weak_train,-1,included_in_development_residue_labels
SOPPCL__2rv8,soppe_legacy,2rv8,2rv8,A,a722d70cdb04d83f13854807cc0de2c5d08bf056893037e5b00cf2e91eb22f53,128,JHG30_6cb74839544e,weak_train,-1,included_in_development_residue_labels
SOPPCL__2rva,soppe_legacy,2rva,2rva,A,2c7a01a7bb259c4dd7938c9de4b4c67d32ad49a419a487931fd5e61ce76310e5,131,JHG30_1a667106437e,weak_train,-1,included_in_development_residue_labels
SOPPCL__2rvl,soppe_legacy,2rvl,2rvl,A,394301ef139279ca703c61b7e4b7c4aff1a7d642ae0f50c243d4ce593571193e,83,JHG30_03bda1e93a2b,weak_train,-1,included_in_development_residue_labels
SOPPCL__2tmp,soppe_legacy,2tmp,2tmp,A,92e120c4903193fe618eb2f97ddda49be4dc423c6371fbb9e8018c47a517b4cc,127,JHG30_f5f59a868b81,quarantine_metadata_only,-1,excluded_quarantine_metadata_only
SOPPCL__2u1a,soppe_legacy,2u1a,2u1a,A,58c856de57ab36ade9b3f7d70f131a69588bd1ff829977266acb2b480db2bf5b,88,JHG30_61f1ed12daa4,weak_validation,-1,included_in_development_residue_labels
SOPPCL__2v1n,soppe_legacy,2v1n,2v1n,A,072513406a7d09c76e9bd783267467204a935fb427bafe13dd3189b3f9a1d1bf,111,JHG30_69ecc2e33c88,weak_train,-1,included_in_development_residue_labels
SOPPCL__2v6z,soppe_legacy,2v6z,2v6z,M,c32cfaac7e3fc88a75f9e0b895a9648a3a3e7c90eb1ca1d2a337a975d15e3df4,75,JHG30_52c8589fbe60,weak_validation,-1,included_in_development_residue_labels
SOPPCL__2v9h,soppe_legacy,2v9h,2v9h,A,a25a15b300496e9a36fa3b5f7279e950ad87a08e05b612385f38abf7e9197e72,154,JHG30_74aed4b6fa99,weak_train,-1,included_in_development_residue_labels
SOPPCL__2vkc,soppe_legacy,2vkc,2vkc,A,cf9f718730d3b151ca8f9232790b8838df5021f58d8bd7dc73bc97a7d9daa5b7,105,JHG30_01c33acc9032,weak_train,-1,included_in_development_residue_labels
SOPPCL__2vrg,soppe_legacy,2vrg,2vrg,A,47e937da0ee4b2272271c556479d55789c9b93ea65d64dcfe20caeda1f66bd74,80,JHG30_f40bd925f7b6,weak_train,-1,included_in_development_residue_labels
SOPPCL__2w0n,soppe_legacy,2w0n,2w0n,A,7aaae08d022cc006d1a4865fea963c78abc0ddfd5954c75395cffe7d3ef46198,118,JHG30_9517b8e479ab,weak_train,-1,included_in_development_residue_labels
SOPPCL__2w0t,soppe_legacy,2w0t,2w0t,A,309473ec539608c4a31f4c9647f5eaaca310332977a0f9f1136020837abc8852,43,JHG30_33d3002b4d6d,weak_train,-1,included_in_development_residue_labels
SOPPCL__2wbr,soppe_legacy,2wbr,2wbr,A,89c27dedbaadb0d5092a4ee7f34c2dba1a2c2777281d51984251e3acbef2af10,89,JHG30_6dad7e7202a0,weak_train,-1,included_in_development_residue_labels
SOPPCL__2wc2,soppe_legacy,2wc2,2wc2,A,d49f2c033c522b0c3cb4a2904256d3158c7adbbe0bc5211083c3cd22ee4cea14,209,JHG30_65364f1b3143,weak_train,-1,included_in_development_residue_labels
SOPPCL__2wcy,soppe_legacy,2wcy,2wcy,A,46f8cf888f52f7b14686deff04f040dd58edc273c1a6fa764f68a6fde92a363e,155,JHG30_f05f6e735a42,weak_train,-1,included_in_development_residue_labels
SOPPCL__2wgn,soppe_legacy,2wgn,2wgn,B,b43bb66108a74bb4722fefc61adf33039fe73017a1882a2ad35ffbc1aed599c2,132,JHG30_dd186ac40ecf,weak_train,-1,included_in_development_residue_labels
SOPPCL__2wgo,soppe_legacy,2wgo,2wgo,A,d6e9eb44463bf77f1b97ba721c43a3dd702aabc9a074a5020aa880b441d5b7af,98,JHG30_2eea3e2a6c02,weak_train,-1,included_in_development_residue_labels
SOPPCL__2x43,soppe_legacy,2x43,2x43,S,836bda2b63c7cac4e0d5d98c268d9f3a50166c60007bb010f76cccb8743de7e2,67,JHG30_668c25452dc5,weak_train,-1,included_in_development_residue_labels
SOPPCL__2x8n,soppe_legacy,2x8n,2x8n,A,119d6f1df40cf509ad889413711749bd5cbd864e23c7423e090f162273d33802,109,JHG30_41fd51dfda5c,weak_train,-1,included_in_development_residue_labels
SOPPCL__2xc7,soppe_legacy,2xc7,2xc7,A,f5f645db8190affdf3728f6a6c31f9624e5890d01901b229eebce45fb7895328,104,JHG30_d5645d0c5225,weak_train,-1,included_in_development_residue_labels
SOPPCL__2xfm,soppe_legacy,2xfm,2xfm,A,dad8246c9c0d4c89614f0a07d8bc64c58042c5cb5c6174b648e0be24ee7b01cf,120,JHG30_7cf427b79562,weak_train,-1,included_in_development_residue_labels
SOPPCL__2xk0,soppe_legacy,2xk0,2xk0,A,7319c73fc1d678961d5d4c001250b1227dd96f37147f33caf809125808fd9254,69,JHG30_073c4389b7d1,weak_train,-1,included_in_development_residue_labels
SOPPCL__2xv9,soppe_legacy,2xv9,2xv9,A,61669e0874aa7f2c52b8528a43c053c5ab830a797cdf62eedf899ce64552591b,134,JHG30_50d88bb3b9ee,weak_validation,-1,included_in_development_residue_labels
SOPPCL__2xxs,soppe_legacy,2xxs,2xxs,A,e9335be7b46a8e0c86a71ace59dfdcf24a92afce9e3e4fe58c2d5291e1aea710,107,JHG30_403d25afe9a9,weak_train,-1,included_in_development_residue_labels
SOPPCL__2yqf,soppe_legacy,2yqf,2yqf,A,554218b88b05c8195eb346d8f6cd7dda0fcf8cff49f814c6ba812ec185a5ac88,111,JHG30_b17e5aa0ec79,weak_train,-1,included_in_development_residue_labels
SOPPCL__2yqm,soppe_legacy,2yqm,2yqm,A,1b92888242196c3d31c3bbae40551981cd4960f4a8fbcb1e1889a3157c492443,89,JHG30_c287bcc07a01,weak_train,-1,included_in_development_residue_labels
SOPPCL__2yqr,soppe_legacy,2yqr,2yqr,A,532d1939b81dcd7cce3be79e38a68073a79e4919900dfd86f124ad790aa287de,119,JHG30_5a389f0f275f,weak_train,-1,included_in_development_residue_labels
SOPPCL__2yra,soppe_legacy,2yra,2yra,A,109a5eec4c9d131c6c7afd938df7fe4f1faf767bb9ad32cda3e5fcf72f9047da,74,JHG30_56482cf171d8,weak_train,-1,included_in_development_residue_labels
SOPPCL__2yrb,soppe_legacy,2yrb,2yrb,A,0f53114b04bb75c48fbb96d9432c1c4c70d47e0f01f899b4d017e96579ece9fb,156,JHG30_48294f59ea0c,weak_train,-1,included_in_development_residue_labels
SOPPCL__2yre,soppe_legacy,2yre,2yre,A,2b2508b7cce50a648a3ba7e997b9e86d8f1efb8e3fd7c8ba79e56dcef1c22b20,100,JHG30_ead4a5a585a1,weak_train,-1,included_in_development_residue_labels
SOPPCL__2yrn,soppe_legacy,2yrn,2yrn,A,c14ef62dcf33d22b2e9584317f2019acdf757e90bb4e2c60bc3b6ee403993a07,129,JHG30_8ea5e8ffaf8a,weak_train,-1,included_in_development_residue_labels
SOPPCL__2yrp,soppe_legacy,2yrp,2yrp,A,1340cfb815333e7bfc0551e959fbbb484c647491f0f16f060fb58a49d695089e,114,JHG30_601ee8ae0efe,weak_train,-1,included_in_development_residue_labels
SOPPCL__2yrq,soppe_legacy,2yrq,2yrq,A,3ed40774bbb6da0d6e7daae8bca127ef67b1d350f17d4e556a619fb8f69abf37,173,JHG30_7349ccaa56e1,weak_train,-1,included_in_development_residue_labels
SOPPCL__2ys4,soppe_legacy,2ys4,2ys4,A,0330100353b95ad252c8b27348123d38c30aa0d501d4e6f6459f776ab4b858b6,122,JHG30_af5afe249227,weak_train,-1,included_in_development_residue_labels
SOPPCL__2ysd,soppe_legacy,2ysd,2ysd,A,1589ac9dd551f8ea4c9ff969ed9e25afa56c32c3e02e607abbe2c9833dba1b31,57,JHG30_5d217546a986,weak_train,-1,included_in_development_residue_labels
SOPPCL__2ysr,soppe_legacy,2ysr,2ysr,A,485c39dc576c6ff25b40cd3bb32f989865158582ca32e1148c467edbf1aac5f4,105,JHG30_28a7cd30c13d,weak_train,-1,included_in_development_residue_labels
SOPPCL__2ysz,soppe_legacy,2ysz,2ysz,A,11b479f4ddea4811bd26b92213e92d4b9a414605c3ddfd9cd135b92df358e4cd,185,JHG30_96950438bc55,weak_train,-1,included_in_development_residue_labels
SOPPCL__2yt5,soppe_legacy,2yt5,2yt5,A,cc0d3f2652b5815795731d120444946493e8e900c0e6b6799b1570291e14c27d,66,JHG30_1a536b3940ee,weak_train,-1,included_in_development_residue_labels
SOPPCL__2ytu,soppe_legacy,2ytu,2ytu,A,70dad02677aacc9de8e762de36bf0b7fc2a49ba713f4564e638f2e66fd589f73,128,JHG30_5f31ae2e1820,weak_train,-1,included_in_development_residue_labels
SOPPCL__2yu3,soppe_legacy,2yu3,2yu3,A,adf5391c51fe02133d591ea814fe29125e50b7e272a40f679cdddddc5cd52e5c,95,JHG30_359942bb5501,weak_train,-1,included_in_development_residue_labels
SOPPCL__2yub,soppe_legacy,2yub,2yub,A,552eeed8be5d09da23475af33d06e18a330dbc1fca6fe7276a725f41d37e1fa3,118,JHG30_4fa65e8e4627,weak_train,-1,included_in_development_residue_labels
SOPPCL__2yud,soppe_legacy,2yud,2yud,A,e0196b9f17b0e53089e32680da10c9afde247454d9dbacbd0c0e815c3aa9f4e0,180,JHG30_44ae91df9dc0,weak_train,-1,included_in_development_residue_labels
SOPPCL__2yuf,soppe_legacy,2yuf,2yuf,A,83d07a23c1958e555a5de190dcf244345a72072e59d2da42bb5de082fda44ffd,142,JHG30_65629fd14f25,weak_train,-1,included_in_development_residue_labels
SOPPCL__2yug,soppe_legacy,2yug,2yug,A,a10f2d9d829621a234ec18e2a5caa88f7e03efb1ac8f6f766fe47e96e9b9f31d,155,JHG30_f29467cc060f,weak_train,-1,included_in_development_residue_labels
SOPPCL__2yuh,soppe_legacy,2yuh,2yuh,A,e4964c33d52fb18caa5c0784f5725a068fb86acb8810e8c58992ef63d6b8b3b0,179,JHG30_8c20d3eb10bf,weak_train,-1,included_in_development_residue_labels
SOPPCL__2yui,soppe_legacy,2yui,2yui,A,c94f188e8f017f4957ad21cda7f99f01c29399c894cf23468b3079b952a0bc00,182,JHG30_d74900ed28e5,weak_validation,-1,included_in_development_residue_labels
SOPPCL__2yuk,soppe_legacy,2yuk,2yuk,A,7621f13654e46f1527bd1d272354d8b5632ed0197ca2d8c3eb0ef572076f49d7,90,JHG30_62826ebf81df,weak_train,-1,included_in_development_residue_labels
SOPPCL__2yuw,soppe_legacy,2yuw,2yuw,A,74bab2d874d436bc649f505304a0e4e30f65449200f15410e16a6a86407e77d6,110,JHG30_55198b9d1b28,weak_train,-1,included_in_development_residue_labels
SOPPCL__2yux,soppe_legacy,2yux,2yux,A,0740d128dfb638d7f3a88efd321c9809823f23de9454453326fcb3a1d301ed0d,120,JHG30_2259487fca59,weak_validation,-1,included_in_development_residue_labels
SOPPCL__2yw5,soppe_legacy,2yw5,2yw5,A,a7b55f09ed3a9ba9af132858eba447ace0164f516611046e7d86394d5a6b06b8,138,JHG30_1bc6ca0e86fb,weak_train,-1,included_in_development_residue_labels
SOPPCL__2yz0,soppe_legacy,2yz0,2yz0,A,c1f2274fad6ee1042e89958b74f1669b444047c43cf159ef0c8ec4ce18085d43,138,JHG30_2e40aab66084,weak_train,-1,included_in_development_residue_labels
SOPPCL__2z4f,soppe_legacy,2z4f,2z4f,A,5f2f80b5e7f9b654f9efe0dca6d78e5ffd877bdbf7c7f0a70f9f59ec8fe7764f,161,JHG30_8c0bfa9775bb,weak_train,-1,included_in_development_residue_labels
SOPPCL__3crd,soppe_legacy,3crd,3crd,A,3e18a7d889c22394f2cc6b3149b656acfaa1ab4f148c7677d85fd21a8b28daf1,100,JHG30_4379fa743b43,weak_train,-1,included_in_development_residue_labels
SOPPCL__3msp,soppe_legacy,3msp,3msp,A,f7b3f015765eff9c9e27703e084a6b41216668602cf2940991143f4a159cf76d,126,JHG30_9545afe983e1,weak_train,-1,included_in_development_residue_labels
SOPPCL__3ncm,soppe_legacy,3ncm,3ncm,A,8f230a14891f17040e10c27a4c61ef545db3aa8277dbab58f47988a20957974c,92,JHG30_3c6587608264,weak_train,-1,included_in_development_residue_labels
SOPPCL__3zbe,soppe_legacy,3zbe,3zbe,A,6b8e8753833a9c3431f993b2d455774b18f17b6112ee47e1180cf1a1ffd3dd68,71,JHG30_0deabfcc99d2,weak_train,-1,included_in_development_residue_labels
SOPPCL__3zd0,soppe_legacy,3zd0,3zd0,A,11717feda7b4b605d5f87cdf266869441fd3dadc728b83c6b074b856076dfec0,85,JHG30_bed98fa0639b,weak_train,-1,included_in_development_residue_labels
SOPPCL__3zg4,soppe_legacy,3zg4,3zg4,A,1d40f4702d30fffd1f24ebe697a8d6bb520c631336fe402e50e85006a803ae86,129,JHG30_ef2896a71c9a,weak_validation,-1,included_in_development_residue_labels
SOPPCL__3zj2,soppe_legacy,3zj2,3zj2,A,07929c71cfa2135d0f3de4baa2727afea85cd0d460d3e4a4819028453fb7ff69,71,JHG30_aa1a76550f41,weak_train,-1,included_in_development_residue_labels
SOPPCL__3zpd,soppe_legacy,3zpd,3zpd,A,afa444e521d860a2c0969a88afb48cd5cc3fb163e251a7302cb62b2800574e40,158,JHG30_d19225eaf860,weak_train,-1,included_in_development_residue_labels
SOPPCL__3zpm,soppe_legacy,3zpm,3zpm,A,e407195d03a279be6bc1aefaca2dae5447d4b402c82ffbf67179c81b1d509e2a,211,JHG30_b462cab4689d,weak_train,-1,included_in_development_residue_labels
SOPPCL__3zua,soppe_legacy,3zua,3zua,A,8350d3cc993218fac87eaa9d02a2d8be245b6a2bea99c7b062f1f0ecf2cdb05a,142,JHG30_68436b918d6b,weak_train,-1,included_in_development_residue_labels
SOPPCL__4a53,soppe_legacy,4a53,4a53,A,55beea2c15f33290f125e2c2e657cdda0a16112995663fa10348ea37abcbf36d,125,JHG30_58e57c7b8dde,weak_validation,-1,included_in_development_residue_labels
SOPPCL__4a5v,soppe_legacy,4a5v,4a5v,A,51e3c553ee1174f4cb1644acb49bb26a03c0f2bfcb3ba446d56f6e230e316df2,161,JHG30_2c5c11221837,weak_train,-1,included_in_development_residue_labels
SOPPCL__4aka,soppe_legacy,4aka,4aka,A,f0d45d2ecbc9d69f55af91fa1c731a1f79e8059a24c5c06de24afb7a512576bb,106,JHG30_9fb3d18b8978,weak_train,-1,included_in_development_residue_labels
SOPPCL__4aqz,soppe_legacy,4aqz,4aqz,A,6f4ae7191a79b80876e6a5062c8a5d67b3321835db15fe7a472cc1d72575a68a,138,JHG30_65408d1be95c,weak_train,-1,included_in_development_residue_labels
SOPPCL__4ar0,soppe_legacy,4ar0,4ar0,A,f3f06dcd3864077a880c23692d1231d696c0127e05c12a7b5847eb7fead1333c,128,JHG30_ea7a8f8e02a3,weak_train,-1,included_in_development_residue_labels
SOPPCL__4asv,soppe_legacy,4asv,4asv,A,507d1ec798af30e58eea33021d147af756552980d900380d248ecf4924bc5b48,79,JHG30_3b9cbd7f7aba,weak_train,-1,included_in_development_residue_labels
SOPPCL__4b6u,soppe_legacy,4b6u,4b6u,A,ffdf4575caa04f38e23086d42d0690e5824dd2d069a79e86a2fe7cf9df650b42,207,JHG30_775d126191a5,weak_train,-1,included_in_development_residue_labels
SOPPCL__4ba8,soppe_legacy,4ba8,4ba8,A,2e42b2f95a27e7a18c78037d1dcc4a256ba89036a13263d0e1c18810b39ef753,102,JHG30_6bf15f2004c7,weak_validation,-1,included_in_development_residue_labels
SOPPCL__4beh,soppe_legacy,4beh,4beh,A,7f2445dfc796573c91651a564a83aac7627bb4ec0ea4c907802ef7cf9489984f,114,JHG30_aff51e6448a6,weak_train,-1,included_in_development_residue_labels
SOPPCL__4bwh,soppe_legacy,4bwh,4bwh,A,68b09fa80045b6b9eaf5ea49ef01958d8a338adae9929bc2d5e291ee1b991d04,88,JHG30_c22e23e90589,weak_train,-1,included_in_development_residue_labels
SOPPCL__4ca9,soppe_legacy,4ca9,4ca9,A,73da042c9e1fd8b60447a7dfaeeb380b2ba613926f5d5fb43d38365e2431e7c7,98,JHG30_977c204232fc,weak_train,-1,included_in_development_residue_labels
SOPPCL__4cpg,soppe_legacy,4cpg,4cpg,A,113bc2a21eb88de3879ab0a51b12f424a7f4178799b9f9408360a004e6be0c22,69,JHG30_c52f5d90eda6,weak_train,-1,included_in_development_residue_labels
SOPPCL__4crp,soppe_legacy,4crp,4crp,A,5454deba0cb68f6d877dd3fb0535ae81b9615a165aa614726773eb6abd8629d5,107,JHG30_ddee298488af,weak_train,-1,included_in_development_residue_labels
SOPPCL__4csq,soppe_legacy,4csq,4csq,A,4541268221b5a4c66922fec77a97773e2c641e1d15aaf6df889605aa70289b41,113,JHG30_c0033f2b205a,weak_train,-1,included_in_development_residue_labels
SOPPCL__4cyk,soppe_legacy,4cyk,4cyk,A,45b7ecd4084f12bb238ec416135fbe4d4912e421e3d80aee5dd2aa26d22d451d,41,JHG30_0e651ec76b60,weak_validation,-1,included_in_development_residue_labels
SOPPCL__4d7x,soppe_legacy,4d7x,4d7x,A,1eacf5af4fdaa6452ec2ac050ae65fd43a2805d0671c632d5950a85cb60b3756,86,JHG30_8b8dbd728497,weak_train,-1,included_in_development_residue_labels
SOPPCL__4uei,soppe_legacy,4uei,4uei,A,853e0cf61e49f30263ac5bf5c73ecdd87dd75cca36668b0c305aa4b6d2ffe4ad,127,JHG30_015e97827342,weak_train,-1,included_in_development_residue_labels
SOPPCL__4uet,soppe_legacy,4uet,4uet,A,e60a5603548f367a50bffd574f26108001a87343d74470f5d96e191662751320,170,JHG30_665e4e623945,weak_train,-1,included_in_development_residue_labels
SOPPCL__4uzm,soppe_legacy,4uzm,4uzm,A,4d29a092bc1b8f986d9d4098445d20c6117b8426632282795244fb3ec3ffe248,119,JHG30_15f6773621de,weak_train,-1,included_in_development_residue_labels
SOPPCL__4v10,soppe_legacy,4v10,4v10,A,740f7797296374858b58839ef6bc8d40e63fc5c87891b52a2d89e932f00d797e,231,JHG30_c816498a93c8,weak_train,-1,included_in_development_residue_labels
SOPPCL__5a3g,soppe_legacy,5a3g,5a3g,A,a08982adbab395f305192626ae73dd3501cdd08f90a8999bab5c5129e4febbbe,171,JHG30_36c5eadde3d7,weak_train,-1,included_in_development_residue_labels
SOPPCL__5a4g,soppe_legacy,5a4g,5a4g,A,ffae7b039ecb89f6b2416661ad6749b0065055509e6411304b43b47370c3bc0b,180,JHG30_fce2c1db538c,weak_validation,-1,included_in_development_residue_labels
SOPPCL__5abk,soppe_legacy,5abk,5abk,A,df0e8ced90029e9d1b6f8cda0b8f87eacb592e739f22a4a7fbbf7dc2d7b38820,84,JHG30_106b2abc8678,weak_train,-1,included_in_development_residue_labels
SOPPCL__5agq,soppe_legacy,5agq,5agq,A,a4bc3e77721081be571e8f9a86f5807a88739ffa466796f3749c0ef1d3156e70,109,JHG30_d140dd484fc4,weak_train,-1,included_in_development_residue_labels
SOPPCL__5aiw,soppe_legacy,5aiw,5aiw,A,4740efefa6470183300483f48eb4b531c13cc24b44325978635e5d28f483286a,128,JHG30_ef2b300a5ec5,weak_train,-1,included_in_development_residue_labels
SOPPCL__5aj1,soppe_legacy,5aj1,5aj1,A,6c353d274f0d131a976b072e3cbd31278e1e226f3448df622e1638c07281f1a1,114,JHG30_a88d6d7e6ba7,weak_train,-1,included_in_development_residue_labels
SOPPCL__5b7j,soppe_legacy,5b7j,5b7j,A,6a91256f7d929454f84e2f2a63688e209f48c77b269ee78153955c95e2175106,111,JHG30_0b36f1aa52bd,weak_train,-1,included_in_development_residue_labels
SOPPCL__5b88,soppe_legacy,5b88,5b88,A,c2a7470e8a2384057164e5c08891f14c2421cd618403d516054aa4281deeb9e1,85,JHG30_939e9014756f,weak_train,-1,included_in_development_residue_labels
SOPPCL__5frf,soppe_legacy,5frf,5frf,A,1ca9ccc41b2df022474272d4e7858d608ae6208cccae1a0cbc57ded73268122d,108,JHG30_2fbee0fc65a4,weak_train,-1,included_in_development_residue_labels
SOPPCL__5frg,soppe_legacy,5frg,5frg,A,c0d13fc5dc3af041c1a4189504bf272c3ef1bade19846baf9255b65e5a30ce13,104,JHG30_fec4bd6603ea,weak_validation,-1,included_in_development_residue_labels
SOPPCL__5gcn,soppe_legacy,5gcn,5gcn,A,4ec7464e9323f778b0eafb781c979a2b7cee61e1019b1149143b5d3002e481c1,166,JHG30_947c607ba637,weak_train,-1,included_in_development_residue_labels
SOPPCL__5go0,soppe_legacy,5go0,5go0,A,d41ed4edd5befaed3e8ee3f1ec92ffc0fc52d5ddbe44e1bd8f1dedc54453a8b7,78,JHG30_bf545f42956a,quarantine_metadata_only,-1,excluded_quarantine_metadata_only
SOPPCL__5gqs,soppe_legacy,5gqs,5gqs,A,962cf0c60b0eb2e2fefad9f7d11f64030414ac8263bcce7c2914d8a49a073227,92,JHG30_55bef0e0a1e0,weak_train,-1,included_in_development_residue_labels
SOPPCL__5h3m,soppe_legacy,5h3m,5h3m,A,03525298d4d8503630b125eadfa785825cb331357aebd39dbef6450fe2da4114,133,JHG30_8b1c53c68035,weak_train,-1,included_in_development_residue_labels
SOPPCL__5h7u,soppe_legacy,5h7u,5h7u,A,d90b2e8eaee0dee2a8b0d9d72b2685778447e1075cf6f8312a2607f810c9b63f,128,JHG30_9e8e162c7560,weak_train,-1,included_in_development_residue_labels
SOPPCL__5hou,soppe_legacy,5hou,5hou,A,80b111265c8bb5ca9a29288080233dd4f632acca6c70d316608a8238fc320e9f,171,JHG30_677c5aa33dcd,weak_train,-1,included_in_development_residue_labels
SOPPCL__5huz,soppe_legacy,5huz,5huz,A,faf55e1162bd98930668681c1e41458b04ca4fceef7fee7a05c220e3f95ee322,44,JHG30_4e35d52b6d86,weak_train,-1,included_in_development_residue_labels
SOPPCL__5i65,soppe_legacy,5i65,5i65,A,908360ec07f0cbfb3d7d4ebf3b160dce65e08b3a110e8dbd18ef37e8f404655b,150,JHG30_507f1f50738a,weak_train,-1,included_in_development_residue_labels
SOPPCL__5iaz,soppe_legacy,5iaz,5iaz,A,9d5d871288d0c96c8a51930da19978499c0574270bb856a507b74dc50a8d530f,118,JHG30_a578c5454eac,weak_train,-1,included_in_development_residue_labels
SOPPCL__5id3,soppe_legacy,5id3,5id3,A,17e625ac105165dff47bcc36e2a4cf63f9fa314a9947bc12ac1bad09bc1e752e,153,JHG30_32878123edf2,weak_validation,-1,included_in_development_residue_labels
SOPPCL__5ij4,soppe_legacy,5ij4,5ij4,A,1190bcf544ffbc836e37a4f08533bb78d9fe63d6a734ee5d241188c4dec4f55c,49,JHG30_125faae3ae03,weak_train,-1,included_in_development_residue_labels
SOPPCL__5im8,soppe_legacy,5im8,5im8,A,94548dfef2e904517865eb980fa6af1dbbdaafce4d6f121eb975c21857e0434f,60,JHG30_f9ba43a3368e,weak_train,-1,included_in_development_residue_labels
SOPPCL__5ird,soppe_legacy,5ird,5ird,A,eab1db8a4a417f911eab3f31dac8bbd477c34a29b628c8d7ec681f9cfe0040c3,119,JHG30_64b8533f2a14,weak_train,-1,included_in_development_residue_labels
SOPPCL__5isn,soppe_legacy,5isn,5isn,A,547eff60ac69e7efe7ae5c0fb206930cf44c39daa7226449ee51c74051e6f39e,160,JHG30_3f35fb0d4b81,weak_train,-1,included_in_development_residue_labels
SOPPCL__5ix9,soppe_legacy,5ix9,5ix9,A,85e72763785f47b0a8d8535ea15f570dc92ea5fad1ce9190551d0b58dab38aa2,76,JHG30_66c06589bd3e,weak_train,-1,included_in_development_residue_labels
SOPPCL__5izb,soppe_legacy,5izb,5izb,A,96444bce48060383ff4ce21a9ff83eb434a48b21f5000bcbe4419c2ba511fe92,89,JHG30_9d89b80d89f5,weak_train,-1,included_in_development_residue_labels
SOPPCL__5j8t,soppe_legacy,5j8t,5j8t,A,1a635115de2fa82233de97a32ee120116e2ad64fa5068b37bd2f995db567a8eb,47,JHG30_493e3471353d,weak_train,-1,included_in_development_residue_labels
SOPPCL__5jpw,soppe_legacy,5jpw,5jpw,A,458dbd24854feeeb0c486e737a769ee2286b5db6050003e46f5897ac2e14748f,143,JHG30_addab8cada6f,weak_validation,-1,included_in_development_residue_labels
SOPPCL__5js7,soppe_legacy,5js7,5js7,A,3308522ec64b1e0ba9b539e4b0bf6efb3ae576078e40f9bae054d728c057d87b,323,JHG30_3603d735723f,weak_validation,-1,included_in_development_residue_labels
SOPPCL__5jtk,soppe_legacy,5jtk,5jtk,A,61126b44df719168d12a8e8ae54475be9c7b2e6a1f85f036a9088c3e0a639a6b,94,JHG30_196335ac1a7a,weak_train,-1,included_in_development_residue_labels
SOPPCL__5jtl,soppe_legacy,5jtl,5jtl,A,01953426362341c0f57cfe1d723ab172d1c5241115f4a5b27009a2c1830b15d9,155,JHG30_a2e7941e86fd,weak_validation,-1,included_in_development_residue_labels
SOPPCL__5jwj,soppe_legacy,5jwj,5jwj,A,ecaf6ec7b1bd1426a88318d9af9cc774397816fe514eeeba87c6e648ca086f9b,162,JHG30_2cc415ff23f8,weak_train,-1,included_in_development_residue_labels
SOPPCL__5jyt,soppe_legacy,5jyt,5jyt,A,3a006ea5aeeb86e18396d0b99a304998b4f41a73c6880cabc1d92a43eb196ae8,106,JHG30_ef9ab4c9f804,weak_train,-1,included_in_development_residue_labels
SOPPCL__5jyu,soppe_legacy,5jyu,5jyu,A,6e7793fbe03d2b7d3fd355a5193320f412fcfaae408c9d824c0883b93da50c71,117,JHG30_ad365717d912,weak_train,-1,included_in_development_residue_labels
SOPPCL__5jzr,soppe_legacy,5jzr,5jzr,A,4e9d1e2b2c5a204fcc583f8ed46902624cf3c222f633341e03edfbf2c5756236,131,JHG30_613d0a7a2729,weak_train,-1,included_in_development_residue_labels
SOPPCL__5k57,soppe_legacy,5k57,5k57,A,dd8ce017a831b40e622208b5f57aef2f770ae0a66ae133493baa5da658985f3d,98,JHG30_8429c1bb2879,weak_train,-1,included_in_development_residue_labels
SOPPCL__5k6p,soppe_legacy,5k6p,5k6p,A,7bfa0ab2b7978ebac2bedd46af7e425183a6a932d9417c5ba9bb17cd3f0a2624,137,JHG30_fdf01f119496,weak_train,-1,included_in_development_residue_labels
SOPPCL__5kes,soppe_legacy,5kes,5kes,A,b7bf2ca464388cad549484cabfaeee6d64438d0498b37672e16a3887be1337a6,116,JHG30_4b52bd6a9ae9,weak_train,-1,included_in_development_residue_labels
SOPPCL__5kgq,soppe_legacy,5kgq,5kgq,A,8990c39c91fc544088f9156c7afe7e3bba67c3c4662416d6cba856bb796ae3fc,112,JHG30_93fc5b254475,weak_train,-1,included_in_development_residue_labels
SOPPCL__5kgz,soppe_legacy,5kgz,5kgz,A,bf31df59a1ca87cabd2e2ec4323ea70348dfdb355acb10e7dcbd6878352f58e0,44,JHG30_4e519702ea23,weak_train,-1,included_in_development_residue_labels
SOPPCL__5knw,soppe_legacy,5knw,5knw,A,a8369b5e4b3138af04210dbe0da2bbafce7cf169fbbe94a4b41045619da77056,125,JHG30_620672f4a157,weak_train,-1,included_in_development_residue_labels
SOPPCL__5kqj,soppe_legacy,5kqj,5kqj,A,f586e877a49012a0bb7d032c4424248167640a08b06e6650e74dd87342bc06f0,185,JHG30_8bb7c58b2de5,weak_validation,-1,included_in_development_residue_labels
SOPPCL__5krw,soppe_legacy,5krw,5krw,A,734b9bebd2e7bb7d0e7fb349c64b43e18b6c938afde301bcd5af9db7e4bf4c7c,155,JHG30_dd2cc6958e92,weak_train,-1,included_in_development_residue_labels
SOPPCL__5ktf,soppe_legacy,5ktf,5ktf,A,a27cc2779c575487e27e01fc4873676c8afca05b5a124a354ad9108e493f2b7d,73,JHG30_803071d3ae7a,weak_train,-1,included_in_development_residue_labels
SOPPCL__5kzo,soppe_legacy,5kzo,5kzo,A,7e5f3ae1ad58fefc81885179fb7e6857d171de770728c2491e4a0ee79b31f54b,51,JHG30_46be0f4e0bbc,weak_train,-1,included_in_development_residue_labels
SOPPCL__5l85,soppe_legacy,5l85,5l85,A,635682919733c4cc1e71f195612b9639fae8f93ffb796d7f2a8f538d6b102a74,75,JHG30_8eacd447cee5,weak_validation,-1,included_in_development_residue_labels
SOPPCL__5lfi,soppe_legacy,5lfi,5lfi,A,812485154ea228c2aabe87b14f0ef7b5d07413fa013c6d1c9d765e05eb405132,117,JHG30_13e9a712c7a1,weak_train,-1,included_in_development_residue_labels
SOPPCL__5lg9,soppe_legacy,5lg9,5lg9,A,f807872ce9ea3e3720be1ac643971d9f15b73142dc86b20cc857b13ee2507422,156,JHG30_7c850f056448,weak_train,-1,included_in_development_residue_labels
SOPPCL__5lgf,soppe_legacy,5lgf,5lgf,A,3d2e18e320b093f4cd32c2709ed1fb7c9c919ffefee3db095f6a2f019c40b232,159,JHG30_d6350d7ecb72,weak_train,-1,included_in_development_residue_labels
SOPPCL__5lnf,soppe_legacy,5lnf,5lnf,A,ac1212aaf0c03931af8d14a112cb363d06c40ffce109ba910be4140c7c7441ef,139,JHG30_e08acfbaf07e,weak_train,-1,included_in_development_residue_labels
SOPPCL__5lsd,soppe_legacy,5lsd,5lsd,A,ee20646a325eddd564f75abe2ca38a68e90bdf7855f083b7383cc57424ed8159,118,JHG30_7f1e2cbbb94b,weak_train,-1,included_in_development_residue_labels
SOPPCL__5lw4,soppe_legacy,5lw4,5lw4,A,99cd19f883db6bc9dc479b008f50bc64a2a1bc8da8b34b142dbeffecbae6ae29,172,JHG30_365ddea984d4,weak_train,-1,included_in_development_residue_labels
SOPPCL__5m0a,soppe_legacy,5m0a,5m0a,A,e835b18536bf2e4ab4a34ef81308c81db485a9296aaaaa797549f4c5cd063c43,86,JHG30_76e15a1a28b2,weak_train,-1,included_in_development_residue_labels
SOPPCL__5m1h,soppe_legacy,5m1h,5m1h,A,3bce378ac22273fbaf70103169fdc65ea156f79a653b3a27e0471ceb44a19541,180,JHG30_4950011b3632,weak_train,-1,included_in_development_residue_labels
SOPPCL__5m1u,soppe_legacy,5m1u,5m1u,A,d2134e658dce4f6eb14b063be109dbdf186c31cdc679ec040a41b257d8ede9ef,127,JHG30_c3d6d33ec89d,weak_train,-1,included_in_development_residue_labels
SOPPCL__5m9z,soppe_legacy,5m9z,5m9z,A,e2282cb18d0fc954e618db80e9ecb169ca1d78fc3ddd044848ee7b7db52dd1aa,56,JHG30_12871e174298,weak_train,-1,included_in_development_residue_labels
SOPPCL__5mcs,soppe_legacy,5mcs,5mcs,A,a9a0f97ca7b050fb77d14892711faaefefa1b4ffcb8e06bf85fcb017b14a71eb,80,JHG30_54d266d2c0d0,weak_train,-1,included_in_development_residue_labels
SOPPCL__5ml1,soppe_legacy,5ml1,5ml1,A,fe31c6db1e17ab484e9e4952534439e3cacbc06adcdd9636051092fdf7a966b2,102,JHG30_86b524d6b5b5,weak_train,-1,included_in_development_residue_labels
SOPPCL__5mnw,soppe_legacy,5mnw,5mnw,A,de0c032d23cdec336a63cf4c1e9ae821436c3b19c6ac40beae02d4cb89b6328f,194,JHG30_c6c9112c1a33,weak_train,-1,included_in_development_residue_labels
SOPPCL__5mrg,soppe_legacy,5mrg,5mrg,A,4c1ede67b49d518662aa8d692977b2797020cf94ebd73f14d5aba07e8c9f1923,114,JHG30_79c3c99cce0b,weak_train,-1,included_in_development_residue_labels
SOPPCL__5ms9,soppe_legacy,5ms9,5ms9,A,b45d623cb34e6020be15bda5b077baf8ecdb98abb6399b86167cbf83015241bc,177,JHG30_ee83415c34de,weak_train,-1,included_in_development_residue_labels
SOPPCL__5mwv,soppe_legacy,5mwv,5mwv,A,a4e20b136d660becead49987b837f6c6eff9c3fcf7cc99fb1fb356a74f228e6b,281,JHG30_86af5d7da459,weak_train,-1,included_in_development_residue_labels
SOPPCL__5n6r,soppe_legacy,5n6r,5n6r,A,b4b5fcc4fdd5978f1baecef471e4bd38ba01bc3ae5928a7c74e63fe381d25ad2,218,JHG30_3b5817d3234c,weak_train,-1,included_in_development_residue_labels
SOPPCL__5n7y,soppe_legacy,5n7y,5n7y,A,28bef13436398771bca9f93eeb57cc0aaeb19e6ef66e310582b7e8166621dfa5,49,JHG30_b1d568221b63,weak_validation,-1,included_in_development_residue_labels
SOPPCL__5n9q,soppe_legacy,5n9q,5n9q,A,f99f71fc4ce7989f098ae599e8a38dcbfc7666a9d80c626b30398aecbb6e7ffd,128,JHG30_203dcdd6ac9e,weak_train,-1,included_in_development_residue_labels
SOPPCL__5n9v,soppe_legacy,5n9v,5n9v,A,a51266565e8d4b5f20fa3eabff18f014f718cdae8cf09157e2757c6a05eafef6,81,JHG30_f1d55524dc6b,weak_train,-1,included_in_development_residue_labels
SOPPCL__5nb9,soppe_legacy,5nb9,5nb9,A,8a75419e123da7aebd91363915c024344993378ff10d955133ac932702dc6a0d,133,JHG30_66e2d3e9ab00,weak_train,-1,included_in_development_residue_labels
SOPPCL__5nf8,soppe_legacy,5nf8,5nf8,A,d27584b0b17f87423ad7b0181448efcf6658b206db31e08755a5411e9290164d,159,JHG30_2974929f0407,weak_train,-1,included_in_development_residue_labels
SOPPCL__5nhq,soppe_legacy,5nhq,5nhq,A,b5db54c8b7b88a39c819607c4ff9e1004c10f5e287a02f106745d1ba8d3e9137,71,JHG30_88f98a401098,weak_train,-1,included_in_development_residue_labels
SOPPCL__5nmy,soppe_legacy,5nmy,5nmy,A,9c016a1cfca6c302b803672426dc4dfe36af0e441e687f555ade472d36e1ce98,245,JHG30_cedfc10c164c,weak_train,-1,included_in_development_residue_labels
SOPPCL__5nr5,soppe_legacy,5nr5,5nr5,A,3a136f3bdb3329ddd5bc74c2eb756970e944cfd05e309ad84210e67248b46e73,113,JHG30_77661297c6bb,weak_train,-1,included_in_development_residue_labels
SOPPCL__5nwm,soppe_legacy,5nwm,5nwm,A,3dce9a7f6712f8cf5fa6a74692130b208a300cf15e8d7db216948cd4cce476f9,132,JHG30_5f9c6cb2d0e5,weak_train,-1,included_in_development_residue_labels
SOPPCL__5o2p,soppe_legacy,5o2p,5o2p,A,b137131ea8199a7c3b680eb01defbd108f7b2e864d53702dc0fabd0bfee31185,100,JHG30_f828674e1d39,weak_validation,-1,included_in_development_residue_labels
SOPPCL__5o2y,soppe_legacy,5o2y,5o2y,A,56559271bd461f891362e582bb05a17c3188d9f5eed56611a23671fc445b72b7,116,JHG30_eaf6c81d67db,weak_train,-1,included_in_development_residue_labels
SOPPCL__5o57,soppe_legacy,5o57,5o57,A,6fa3e6def501cdb2d7e4620a8fc3ce02915557d9541e1a95df0b44e9239e6f52,95,JHG30_1ec39f0670d8,weak_train,-1,included_in_development_residue_labels
SOPPCL__5o7j,soppe_legacy,5o7j,5o7j,A,830533cd3f3eea7dbd1819c53dbe66c4c71b2f313a79146a59a3f86b64851701,150,JHG30_b5001cac7ba8,weak_train,-1,included_in_development_residue_labels
SOPPCL__5o9b,soppe_legacy,5o9b,5o9b,A,ad20b6f02970446a408df7a549345aead6a48c6d2d12e83a623a2e0c2f38ebf0,68,JHG30_7ef416a1ce29,weak_train,-1,included_in_development_residue_labels
SOPPCL__5obn,soppe_legacy,5obn,5obn,A,12111ff7578ee2449a691ba08a4ec723549e169d4316ba0d3482a5eed9259ef7,136,JHG30_0fe2caeb6532,weak_train,-1,included_in_development_residue_labels
SOPPCL__5odd,soppe_legacy,5odd,5odd,A,06002ce9da5011e3f2f372febe208b6480300f314b056d9f156e647ada703274,92,JHG30_4f946038b79f,weak_train,-1,included_in_development_residue_labels
SOPPCL__5oeo,soppe_legacy,5oeo,5oeo,A,048ce7d616b089a6c9c2456119a03e6bb9adb61af63f1f6c910ece88569dcfe3,150,JHG30_777fddc4a0b0,quarantine_metadata_only,-1,excluded_quarantine_metadata_only
SOPPCL__5ogu,soppe_legacy,5ogu,5ogu,A,9433bb841b84ecca281c9afa59fa80bc7fd0dea71abce56b94a5e88e68f8e3b9,95,JHG30_c83fbf164850,weak_train,-1,included_in_development_residue_labels
SOPPCL__5oqk,soppe_legacy,5oqk,5oqk,A,419ddeaf7bca8e8705e3f56c9afa68eba6bb226d83b2112a16983e394af41f7f,147,JHG30_2dec595621cd,weak_train,-1,included_in_development_residue_labels
SOPPCL__5oqs,soppe_legacy,5oqs,5oqs,A,1ae4b6b3730a3098abf4cad72c2fca10bea340ab36a30f783db37d61dd956f77,57,JHG30_74460eff6ce7,weak_train,-1,included_in_development_residue_labels
SOPPCL__5oun,soppe_legacy,5oun,5oun,A,b2c1efab3dd10d06464ce81409ff7a833ca103f600d33de5d866734ea500c19e,107,JHG30_9cb6cb986e6b,weak_train,-1,included_in_development_residue_labels
SOPPCL__5ovm,soppe_legacy,5ovm,5ovm,A,d7dec509283aafaca737685ce89640a91c0c9874f12042a705ed8bb54964c237,82,JHG30_146636e78b02,weak_train,-1,included_in_development_residue_labels
SOPPCL__5sxy,soppe_legacy,5sxy,5sxy,A,08bd272f5b8bb1bfdb756e67b5eace39392cbf4cf67ce063cf78512503bb605c,94,JHG30_974a7540931d,weak_train,-1,included_in_development_residue_labels
SOPPCL__5syq,soppe_legacy,5syq,5syq,A,b259f3b72eb9a108377b34249ed2dbb6e6567851f5b5a22243510092d2f5c37c,86,JHG30_0c2605853855,weak_validation,-1,included_in_development_residue_labels
SOPPCL__5t17,soppe_legacy,5t17,5t17,A,32aad0ea27678a5fae7fe35a77210c9aed167951b9a6ddbc4b9ca526c2c49de8,85,JHG30_c34c9ce3d77d,weak_train,-1,included_in_development_residue_labels
SOPPCL__5t1o,soppe_legacy,5t1o,5t1o,A,32aad0ea27678a5fae7fe35a77210c9aed167951b9a6ddbc4b9ca526c2c49de8,85,JHG30_c34c9ce3d77d,weak_train,-1,included_in_development_residue_labels
SOPPCL__5t3y,soppe_legacy,5t3y,5t3y,A,6e7d9a5974a77e9416d817ddbc95587979651a5f40faa988b210c3ee986fae25,125,JHG30_b8e7e7870371,weak_train,-1,included_in_development_residue_labels
SOPPCL__5t42,soppe_legacy,5t42,5t42,A,13d72341ffef5a47b2202f63e75241762d3cb99d92812d0a02eff723c1206609,47,JHG30_121c591382dc,weak_train,-1,included_in_development_residue_labels
SOPPCL__5t43,soppe_legacy,5t43,5t43,A,96cf606740d53c5c2b2177f2c27234780f6d6f993197d59c77d1caf7ded13e86,158,JHG30_7b1eab55d135,weak_train,-1,included_in_development_residue_labels
SOPPCL__5t82,soppe_legacy,5t82,5t82,A,c12e198db147df99243e19d80c97deca431cec99174831149ab15a1f67d6ec6b,90,JHG30_1d4b0a768887,weak_train,-1,included_in_development_residue_labels
SOPPCL__5tm0,soppe_legacy,5tm0,5tm0,A,5a85ff49095e74867e71119eeb994a5c9a53f925f67bf4778daea26503a01844,108,JHG30_3b110e7750ba,quarantine_metadata_only,-1,excluded_quarantine_metadata_only
SOPPCL__5tvz,soppe_legacy,5tvz,5tvz,A,6bde02d3f5dbd8b739362a47848dde804b033a3108ba0b0909571a6def4959b9,103,JHG30_891ba611fc97,weak_train,-1,included_in_development_residue_labels
SOPPCL__5u3h,soppe_legacy,5u3h,5u3h,A,dcbc1cc313591cda5bd996a873c8729fbb0b2567a2f90cd10cda3d6910302552,111,JHG30_01908a67a47f,weak_train,-1,included_in_development_residue_labels
SOPPCL__5uj5,soppe_legacy,5uj5,5uj5,A,278c5ea8aadc9b70af8b8200778905dab11a102eec059c3b5b590cf1ac8672ab,132,JHG30_4abb44111604,weak_train,-1,included_in_development_residue_labels
SOPPCL__5uke,soppe_legacy,5uke,5uke,A,0b55d46591d76f6fadfdca3343f0d9b7af8f665e1dd01022739a03a4f059be4f,124,JHG30_e9b720748e13,weak_validation,-1,included_in_development_residue_labels
SOPPCL__5utg,soppe_legacy,5utg,5utg,A,cf3a6ffc4c7c836b7738823282be6b938c4fe50053658ccaad34890d726a8a5b,134,JHG30_04ba0078f173,weak_train,-1,included_in_development_residue_labels
SOPPCL__5vey,soppe_legacy,5vey,5vey,A,5f86de1d85321aa336d1af53a595253ac725463c23eaa4e19039d4175dc146d6,186,JHG30_4ad1aec874ae,weak_train,-1,included_in_development_residue_labels
SOPPCL__5vfk,soppe_legacy,5vfk,5vfk,A,b39003cbd517395143aa954fbe569f7fe5fd12e2c51227369b2ef2398fad1d2f,146,JHG30_994678e8d7b2,weak_train,-1,included_in_development_residue_labels
SOPPCL__5vkv,soppe_legacy,5vkv,5vkv,A,567c4c1e20e77768a1f9b3a6a3c501b3e24b206eb40cda1a451f10a5bef1ee27,224,JHG30_a7e8328b7580,weak_validation,-1,included_in_development_residue_labels
SOPPCL__5vto,soppe_legacy,5vto,5vto,A,e2bd853e93e88f80deb25226c702cbfbb2d761ab8488bbeeaa17fc1e00bb08c3,163,JHG30_2b8423b031bf,weak_train,-1,included_in_development_residue_labels
SOPPCL__5vzm,soppe_legacy,5vzm,5vzm,A,233b4b0b8c4616095bc3249f9375fc345d32af7deaef07117d0383c51d6f19aa,76,JHG30_bf545f42956a,quarantine_metadata_only,-1,excluded_quarantine_metadata_only
SOPPCL__5w3n,soppe_legacy,5w3n,5w3n,A,a432d4f31beaf7c6a5e8f670326de468cd78ada2ba0138c65856ed069557d65e,61,JHG30_ecdafce66285,weak_train,-1,included_in_development_residue_labels
SOPPCL__5wah,soppe_legacy,5wah,5wah,A,b449d62f3288297ab01f799f5762f88287a82fbe705cd390e15c22aaef20a46a,99,JHG30_9db3522657f2,weak_validation,-1,included_in_development_residue_labels
SOPPCL__5wlp,soppe_legacy,5wlp,5wlp,A,40f9781ab661f544a48e1996d282f60a6c7a422072c6365c2decf797f93decdb,145,JHG30_c3d6b6820bd3,weak_train,-1,included_in_development_residue_labels
SOPPCL__5woe,soppe_legacy,5woe,5woe,A,39d5ad00f6af78ebfdecfb136d62498a7964dd04cfdf0e73c6d2fd9b7fe5b269,125,JHG30_1e524d473c4b,weak_train,-1,included_in_development_residue_labels
SOPPCL__5wot,soppe_legacy,5wot,5wot,A,73da70cdd0517bb456400d49a7ba9e42e6864a3c01e83aed51fc3a3fdec240e0,198,JHG30_efb2fffc1058,weak_train,-1,included_in_development_residue_labels
SOPPCL__5wox,soppe_legacy,5wox,5wox,A,25f5f8a2f1698547b633c5b4646d37ab9bf8233f117a50ce6297787489441671,145,JHG30_2d4702712398,weak_train,-1,included_in_development_residue_labels
SOPPCL__5wqz,soppe_legacy,5wqz,5wqz,A,d725c9545c874c6712cafb5c9a0ad970716d62450196f108d4afe9ef14c4efcf,124,JHG30_99f681c52988,weak_train,-1,included_in_development_residue_labels
SOPPCL__5wyo,soppe_legacy,5wyo,5wyo,A,73821b803055832230dc7bf13fc53f24642a0f7be867633bf9a5f5953811a4bd,89,JHG30_edbe33fb0185,weak_train,-1,included_in_development_residue_labels
SOPPCL__5x29,soppe_legacy,5x29,5x29,A,f53b0d518c61b539106516089b7bb30622ba2618539b8dc8e9a32b5ca197eeba,58,JHG30_0a2849be7c52,weak_validation,-1,included_in_development_residue_labels
SOPPCL__5x5s,soppe_legacy,5x5s,5x5s,A,d76ba6401180ce2c842e4d1fd913d5e1fd09a8ab9524d1ce8de522b5d90ee32e,149,JHG30_fc2a792d61e0,weak_train,-1,included_in_development_residue_labels
SOPPCL__5x9x,soppe_legacy,5x9x,5x9x,A,86740ac18d8706fec63341e4ce167cff39b04b420ad66872986ec00f188f6656,44,JHG30_d91d295dbe25,weak_train,-1,included_in_development_residue_labels
SOPPCL__5xjk,soppe_legacy,5xjk,5xjk,A,eb685e66b80b77609ed5f7f3d9d3b2566cafeb8318778916d260741563e2a1e8,65,JHG30_8bb9eaf46282,weak_train,-1,included_in_development_residue_labels
SOPPCL__5xme,soppe_legacy,5xme,5xme,A,f89e6632f5467a865a38906c780e3c321b6da58f017717a22afd3945e01ef11b,114,JHG30_3fa63017d1f0,weak_train,-1,included_in_development_residue_labels
SOPPCL__5xn4,soppe_legacy,5xn4,5xn4,X,86740b51441fbb7aa34956797b166824f67ed01a306a214c4f2d6618e92a451e,87,JHG30_213537a843f1,weak_train,-1,included_in_development_residue_labels
SOPPCL__5xyl,soppe_legacy,5xyl,5xyl,A,c635bfe220025687db0ac9efc3e94874e8c6b9a38133d31887631ad979ae0993,163,JHG30_bcbd4d65b455,weak_train,-1,included_in_development_residue_labels
SOPPCL__5y08,soppe_legacy,5y08,5y08,A,c25a3f7a2086aab8492b8de1a572012f09927176d93dcbff8ae123dc634f6361,205,JHG30_61717e799547,weak_validation,-1,included_in_development_residue_labels
SOPPCL__5y0u,soppe_legacy,5y0u,5y0u,A,63cd336652502c334b45a35e5a6924037acda44920f0460106481728973069d0,109,JHG30_570372748f73,weak_train,-1,included_in_development_residue_labels
SOPPCL__5y4b,soppe_legacy,5y4b,5y4b,A,8289f55b96cad9d672d4b7f4f0033030c7d62f4c02a051d38beea3827bc5c817,93,JHG30_985f745dcfe3,weak_train,-1,included_in_development_residue_labels
SOPPCL__5y70,soppe_legacy,5y70,5y70,A,de7a0014dbc1f0e9bc40748545026745836c358c086b0a4372d5209c15fe41e9,92,JHG30_e59dfcea9ed8,weak_train,-1,included_in_development_residue_labels
SOPPCL__5y7l,soppe_legacy,5y7l,5y7l,A,1a8a9ac35208daf61c8b6750975945d8c581700d29ea62ae10649b398150bce3,122,JHG30_fd9961bac917,weak_train,-1,included_in_development_residue_labels
SOPPCL__5yfg,soppe_legacy,5yfg,5yfg,A,1015b52b8ae7e0871a25f2bacd25f4dfbb2922980a8e3f3e4e21002e18ac61ca,186,JHG30_e35eec82384e,weak_train,-1,included_in_development_residue_labels
SOPPCL__5yi4,soppe_legacy,5yi4,5yi4,A,ec63160835ba6c6854ad1ea7569442e89dab4a4348fa4c94df5dbf5ba17f2ad8,145,JHG30_d368fbaadbf5,weak_train,-1,included_in_development_residue_labels
SOPPCL__5yoz,soppe_legacy,5yoz,5yoz,A,66d2d7186fcf4cceed6c75b2232244225ef47fd6f65b7f0bca79bb1f5a7a5081,175,JHG30_c1b93e94c26c,weak_train,-1,included_in_development_residue_labels
SOPPCL__5yq3,soppe_legacy,5yq3,5yq3,A,85a8250cee0d9a0c79440b45e5d976b82a886af0cdbb23c696cdc87df7b97bc8,162,JHG30_857b9f62b7a2,weak_train,-1,included_in_development_residue_labels
SOPPCL__5yz9,soppe_legacy,5yz9,5yz9,A,92e5d4213b106908c41cb325b841ffb8402e33639b0321914fc2922d2305efb7,99,JHG30_c2421368b7cb,weak_train,-1,included_in_development_residue_labels
SOPPCL__5z4f,soppe_legacy,5z4f,5z4f,A,c273b189a813d89b955b82a7913aea83f20f5a4592a8af5fe29b01e12698e52d,154,JHG30_2deff34abf95,weak_train,-1,included_in_development_residue_labels
SOPPCL__5z8q,soppe_legacy,5z8q,5z8q,A,b9bbe8019970c3853a5abc08ec3e44c2799add56fbd8245aa2568a72a7954c95,101,JHG30_35dd97b3b2c5,weak_train,-1,included_in_development_residue_labels
SOPPCL__5zmb,soppe_legacy,5zmb,5zmb,A,7a4d9b86ed67c2c8980d080cb8b88480d3bb6f9172ec2bd22fc9454ae06f5714,81,JHG30_d0d26b332481,weak_train,-1,included_in_development_residue_labels
SOPPCL__5zmr,soppe_legacy,5zmr,5zmr,A,4448b1b3b40d8cf01f5ff26c36a381f10c43672b3009a4c96ec42c81b1bcf7ee,136,JHG30_0732f0815aff,weak_train,-1,included_in_development_residue_labels
SOPPCL__5zpv,soppe_legacy,5zpv,5zpv,A,2071735d0770155cf125dd24f045cbe51b9af940c9baa1dc4f1ffe1be9ca2585,106,JHG30_de4598aa5164,weak_train,-1,included_in_development_residue_labels
SOPPCL__5zuz,soppe_legacy,5zuz,5zuz,A,ebad4a2f2fbc29465255d4dd3e240c533054f4413c6f97d22434a8a592d73658,103,JHG30_957595be6e46,weak_train,-1,included_in_development_residue_labels
SOPPCL__6a4c,soppe_legacy,6a4c,6a4c,A,3c44db09069823cf915e9cbd30a2afe80f50d814763db83182de93b392ad279c,215,JHG30_93f39d83d44a,weak_train,-1,included_in_development_residue_labels
SOPPCL__6aly,soppe_legacy,6aly,6aly,A,5b76924caf6aeb3aee89e6eac3732682eee33590abdd05cccab2bec9ee381c41,92,JHG30_77b1a655f893,weak_train,-1,included_in_development_residue_labels
SOPPCL__6b3n,soppe_legacy,6b3n,6b3n,A,abfbc7a075425c61ec0f8af00ee154752c7ceef4a86f67f42b208e975abc7b10,100,JHG30_6aa24cc35dd4,weak_train,-1,included_in_development_residue_labels
SOPPCL__6ba3,soppe_legacy,6ba3,6ba3,A,3ac53525e40e881ee15822a47ff79602a7c8ce0adbdab50f9ac5e1f87226126f,74,JHG30_ce5b48ff05e4,weak_train,-1,included_in_development_residue_labels
SOPPCL__6bhn,soppe_legacy,6bhn,6bhn,A,6dc11bfe39bf112af4179b185aba9ed0dd70b49f2d414f74f131dfd521290826,156,JHG30_124d9b235d4b,weak_train,-1,included_in_development_residue_labels
SOPPCL__6bi6,soppe_legacy,6bi6,6bi6,A,52d642a482b35c879c23882e5caa29dbf8e15d258241ab39096714e361ac3e87,113,JHG30_68161745196b,weak_train,-1,included_in_development_residue_labels
SOPPCL__6bqi,soppe_legacy,6bqi,6bqi,A,df0a03147c7d0e3e7e3b837b89791ca6fd0a1e661161ec46d7686f2d197c4c22,258,JHG30_09a1faa02426,weak_train,-1,included_in_development_residue_labels
SOPPCL__6bqs,soppe_legacy,6bqs,6bqs,A,753b2e781d1853191a1ebc025ef63a20b840f15e04cb34103f2f414c852a61f1,201,JHG30_9ab090d07342,weak_train,-1,included_in_development_residue_labels
SOPPCL__6bv7,soppe_legacy,6bv7,6bv7,A,83fde9fa174227e4647a3d22638cf1d1b866452519887bbec5f946804701bd87,57,JHG30_1dba176e8995,weak_train,-1,included_in_development_residue_labels
SOPPCL__6byv,soppe_legacy,6byv,6byv,A,599dcdae7755239a2eed75fdb878061dc3b8f0408b28d0e7c033579a0332d562,121,JHG30_2836fdb95491,weak_train,-1,included_in_development_residue_labels
SOPPCL__6bzl,soppe_legacy,6bzl,6bzl,A,81197ebb5ea98bc6d8fdac4c7e23724bd854d9fe8c9b31308eac43d9c15fdda9,77,JHG30_a11f005356a4,weak_train,-1,included_in_development_residue_labels
SOPPCL__6c44,soppe_legacy,6c44,6c44,A,79ecfc5b8dfd5bba4afc0a65b30a1aed7bc211ce63a5c52e7111ad32b0508b34,70,JHG30_b3485115e416,weak_train,-1,included_in_development_residue_labels
SOPPCL__6cgh,soppe_legacy,6cgh,6cgh,A,4dd0c76a0f9c6fdd1b85d21d7cd23d0674fb81228ea047dcb714368bbf5f28ae,89,JHG30_f21e0df084d7,weak_train,-1,included_in_development_residue_labels
SOPPCL__6cjd,soppe_legacy,6cjd,6cjd,A,d133bfefdc6ddbc4fac678d4d2cbab94e73bdf6f1fd3ae89d7104945d5712b9e,128,JHG30_9bf7b1a20ed8,weak_train,-1,included_in_development_residue_labels
SOPPCL__6cjz,soppe_legacy,6cjz,6cjz,A,f6ce58e109afe4e1cf684d4a9640ded8b348eb543b2a590fd0845331c2612d0f,105,JHG30_723598b77e67,weak_train,-1,included_in_development_residue_labels
SOPPCL__6ckq,soppe_legacy,6ckq,6ckq,A,9c1c307447faef7d547d91208f079ce96cfba0aefa60358a422e631fd651830f,149,JHG30_0b1b14864cde,weak_train,-1,included_in_development_residue_labels
SOPPCL__6ckv,soppe_legacy,6ckv,6ckv,A,0b54a1faab403c060688ed536954c230e350a5511302fcc7ac09370c4112a4e0,156,JHG30_5e539674bd26,weak_train,-1,included_in_development_residue_labels
SOPPCL__6cmy,soppe_legacy,6cmy,6cmy,A,2beeefabf2b9dfdb03431ff67aa5cdd9e8eb604ef47a3e146d3274eeb8575101,182,JHG30_d7b5eeb9c657,weak_train,-1,included_in_development_residue_labels
SOPPCL__6cuc,soppe_legacy,6cuc,6cuc,A,ce2cd7df50d637bb9b19f81ddbeffb90f29e1c7b027615e2efab7b76ea76f0da,78,JHG30_b5b139a3c9ca,weak_train,-1,included_in_development_residue_labels
SOPPCL__6cui,soppe_legacy,6cui,6cui,A,a58ab6dac199835d6f0072d0bc2851b73a6a4de7f0b09233599a1c90dbf056fb,132,JHG30_570f50443a6a,weak_train,-1,included_in_development_residue_labels
SOPPCL__6cws,soppe_legacy,6cws,6cws,A,d5851b0b575067fe77cc3d16bdf2b9d96af07cb0ec42215e3172a1fd6eaa49c3,108,JHG30_6a08c1ac8b6e,weak_train,-1,included_in_development_residue_labels
SOPPCL__6czt,soppe_legacy,6czt,6czt,A,3ce1f5b94bd6d21f99b3d4f1d4a9f8062cec638ffbb82cf2c396954be5ed5199,82,JHG30_943ad364fc6c,weak_train,-1,included_in_development_residue_labels
SOPPCL__6d53,soppe_legacy,6d53,6d53,C,3e5f5adb68d89e33cc1d33998f054ca217f23fe1a8b6f3fe5dc762ecdf3c4685,94,JHG30_5f554103a133,weak_train,-1,included_in_development_residue_labels
SOPPCL__6dl4,soppe_legacy,6dl4,6dl4,A,9c982b998fc013a6685418a6ad55d12db3f296fab072d2a06e30dbc701f8fd3b,119,JHG30_891e805878eb,weak_train,-1,included_in_development_residue_labels
SOPPCL__6dmp,soppe_legacy,6dmp,6dmp,A,18d04fb70451a5d86760f67073089bfec4125d366622c3663ac73f84e13e5303,77,JHG30_e3d72e050d41,weak_train,-1,included_in_development_residue_labels
SOPPCL__6drf,soppe_legacy,6drf,6drf,A,6a77c83c4113b5bfc1d421f42cabe22b9f23021528c1eef420f9b440d67b585e,143,JHG30_70d0f4e32062,weak_train,-1,included_in_development_residue_labels
SOPPCL__6e3c,soppe_legacy,6e3c,6e3c,C,b6293fab822db9690e01386061bdcda8e37d0b8109f14c237d79bf63cd17fa3c,134,JHG30_f9fd62ee750b,weak_train,-1,included_in_development_residue_labels
SOPPCL__6e4j,soppe_legacy,6e4j,6e4j,A,74a445802c43d072cd9e955795daa0aa57d6ddb822007c5620a392028aeafa2b,72,JHG30_6854b90d2084,weak_validation,-1,included_in_development_residue_labels
SOPPCL__6ehz,soppe_legacy,6ehz,6ehz,A,c81d657b276ebbaff7471edf5105034d16dd2082707413edacdca38f29c0ca0e,98,JHG30_a8c6622e692f,weak_validation,-1,included_in_development_residue_labels
SOPPCL__6eka,soppe_legacy,6eka,6eka,A,c2de4a6ee9bb73f44fc198409a6fb004d521a2f678cba41083bc0ffd964ead5b,53,JHG30_46c2fd359ba9,weak_train,-1,included_in_development_residue_labels
SOPPCL__6emr,soppe_legacy,6emr,6emr,A,e59c77c4b94a46e83c6d949d82be9c431afc6f103e0b1151552a89dea1bac1ef,206,JHG30_546a97c4cae1,weak_train,-1,included_in_development_residue_labels
SOPPCL__6eqy,soppe_legacy,6eqy,6eqy,A,7afd43799485422071fbf2150c243baa43ee0e899f9314574d1a3424ceda5465,115,JHG30_ef4db3d2eb2c,weak_train,-1,included_in_development_residue_labels
SOPPCL__6er0,soppe_legacy,6er0,6er0,A,cad60330cdb19281ad944d4e2dbc3059bb6ee3420c521b94e313d44f0adbcc57,114,JHG30_f99472c24a54,weak_train,-1,included_in_development_residue_labels
SOPPCL__6es6,soppe_legacy,6es6,6es6,A,b2c351db2d3d29d87ed29e1d4a909a3c7ec11974eeb574099d6fdd894bbd3580,45,JHG30_be427c0d39be,weak_train,-1,included_in_development_residue_labels
SOPPCL__6evi,soppe_legacy,6evi,6evi,A,f2dd6c25eea8f75922497fb11f06441b7ba62c8ebb208e6b871f14f71af04e28,70,JHG30_07753e6b0f1c,weak_train,-1,included_in_development_residue_labels
SOPPCL__6ewv,soppe_legacy,6ewv,6ewv,A,db6ed93d8d63a47cd487986276c02e4abf4de94aeb4a101d81df673223163a85,99,JHG30_b837a42dd644,weak_train,-1,included_in_development_residue_labels
SOPPCL__6ez4,soppe_legacy,6ez4,6ez4,A,d84785aa7cf5313616995df90e848e53cb55d6a681d5b1929ec464e0b59d23f4,135,JHG30_b2325072119e,weak_train,-1,included_in_development_residue_labels
SOPPCL__6f2x,soppe_legacy,6f2x,6f2x,A,f53cadfaee3e4649923e037726637290b9bc371151dfef92adab7c0833d1f071,216,JHG30_45aec00f0163,weak_train,-1,included_in_development_residue_labels
SOPPCL__6f8e,soppe_legacy,6f8e,6f8e,A,12ddf32f23866d642e63f92102d92f056751fdec748815afe8f3e7559720f816,121,JHG30_8fc2ccf1f269,weak_train,-1,included_in_development_residue_labels
SOPPCL__6f99,soppe_legacy,6f99,6f99,A,4a14e49283a09dded1af67a6c350600e71f598b0af739a1dd445f05d9be5b8a6,162,JHG30_51acb1da1a23,weak_train,-1,included_in_development_residue_labels
SOPPCL__6feg,soppe_legacy,6feg,6feg,A,e35de083d9324fb703ab3ce84624aca9a5f36104e06e518103e09f8cb28e05a6,115,JHG30_938f57903485,weak_train,-1,included_in_development_residue_labels
SOPPCL__6ffq,soppe_legacy,6ffq,6ffq,A,70971585756e49c1cc01d4205f462fd6e02e719f2a8f8ea21285b46526f39d7f,86,JHG30_0cef91691805,weak_train,-1,included_in_development_residue_labels
SOPPCL__6fw4,soppe_legacy,6fw4,6fw4,A,fd257ad901ec223bd4f325ee614d98aa0fe650d6d8a28ad68462ccc7aa3972b6,101,JHG30_a2775d1ec21b,weak_train,-1,included_in_development_residue_labels
SOPPCL__6fwn,soppe_legacy,6fwn,6fwn,A,15d6de41370351bac360585a4c7810d5f7a59b41045138b526cd91d8bbb3834c,85,JHG30_a835c600c448,weak_train,-1,included_in_development_residue_labels
SOPPCL__6fzk,soppe_legacy,6fzk,6fzk,A,22f051642b6ddd3f2c5c3c00f957dceb566b2562bb478ff404e9e88b8fad25fa,114,JHG30_dd186ac40ecf,weak_train,-1,included_in_development_residue_labels
SOPPCL__6g03,soppe_legacy,6g03,6g03,A,e24e8e0a5272b994126638699bf058268f3ea78197f39f8c51af7ec540350c37,156,JHG30_63d7d29224f8,weak_train,-1,included_in_development_residue_labels
SOPPCL__6g5s,soppe_legacy,6g5s,6g5s,A,fb4a31dcd5c12902c8ea130699c804763141dbf7ec8038897fba23596f475b2e,146,JHG30_fce63a848578,weak_validation,-1,included_in_development_residue_labels
SOPPCL__6g7g,soppe_legacy,6g7g,6g7g,A,b2348e77d624ffd5fd485fa418f4b09d25fff896528d603da212f8968ffcb0ad,115,JHG30_830798ae5915,weak_validation,-1,included_in_development_residue_labels
SOPPCL__6gcj,soppe_legacy,6gcj,6gcj,A,f6dc5ad9c48c8ef53dacddd0e5ef87b71343ba3aeeedda71b9446d411658dd80,121,JHG30_eda2eff46d1c,weak_train,-1,included_in_development_residue_labels
SOPPCL__6gd5,soppe_legacy,6gd5,6gd5,A,4e2de8b78e0391da7e2d19e812d33df482fd93a24d65b6b90e82fdcc01d6cc12,117,JHG30_b826ec53bd7c,weak_train,-1,included_in_development_residue_labels
SOPPCL__6gms,soppe_legacy,6gms,6gms,A,61738e0d75edee4a031786261df0522357af4c6c9f7255b5ac75079e0720b491,132,JHG30_1fdfc5b9be2f,weak_train,-1,included_in_development_residue_labels
SOPPCL__6gse,soppe_legacy,6gse,6gse,A,a78634a4b30b43b49699f487700931fce255c4954859b31621f0e7e9f69e64ee,159,JHG30_0d1f70b0c64c,weak_train,-1,included_in_development_residue_labels
SOPPCL__6gt7,soppe_legacy,6gt7,6gt7,A,cdd91b206406885feb6fc8cbc826a88d709c611773eb6f4f4afd6d581321ebba,115,JHG30_71e928db11ab,weak_train,-1,included_in_development_residue_labels
SOPPCL__6gwm,soppe_legacy,6gwm,6gwm,A,7ed965b8f122b6023e370f7530478d5b96a62640bfca0fec3bacbff77bd3972a,125,JHG30_92f0e0aeccf4,weak_train,-1,included_in_development_residue_labels
SOPPCL__6h0i,soppe_legacy,6h0i,6h0i,A,51e5834c36f287ad872ea7f3d144189c385d5be416e7cf28f303963470d575f3,75,JHG30_f1bdc17c0528,weak_train,-1,included_in_development_residue_labels
SOPPCL__6h0j,soppe_legacy,6h0j,6h0j,A,9df5267a9d95f4fb7d052e7c8e4c5203b1c6d3ded4fe9a5776769cb988de6636,100,JHG30_a14d3b4291a6,weak_train,-1,included_in_development_residue_labels
SOPPCL__6h5h,soppe_legacy,6h5h,6h5h,A,8bdd6804f658418b0f147b4f5e3c002cf02e922b0da48944229c5b5b24efc2d5,71,JHG30_6a47869e5013,weak_train,-1,included_in_development_residue_labels
SOPPCL__6hd2,soppe_legacy,6hd2,6hd2,A,e6a24c903c1ef211037c64a6835a8a484f48b17be1cae50d6998913f21acf7d4,260,JHG30_64e5a1aacfb0,weak_train,-1,included_in_development_residue_labels
SOPPCL__6hj7,soppe_legacy,6hj7,6hj7,A,3d4eedd80a930ded14540c905f7a6431ecaf7ea0cdd397d19dfd904a210a0447,102,JHG30_3c2cd334e37e,weak_train,-1,included_in_development_residue_labels
SOPPCL__6hpi,soppe_legacy,6hpi,6hpi,A,af3552547426e9cc6e77ccf7009b64c2c0c67fcad676ea6cdf46f3d2b634f9ed,158,JHG30_978689a0f930,weak_train,-1,included_in_development_residue_labels
SOPPCL__6i2o,soppe_legacy,6i2o,6i2o,A,e4f8f0f225d0488f231532e9a49fca620ca15edb93a517c703a2308309f8467b,113,JHG30_34934d7cfa27,weak_train,-1,included_in_development_residue_labels
SOPPCL__6i3r,soppe_legacy,6i3r,6i3r,A,e85e5308fbd2e4f8313c5871b0ae0d4ef57e5a739d49c0264ac87772727f7834,259,JHG30_fdf780a5fa07,weak_train,-1,included_in_development_residue_labels
SOPPCL__6i57,soppe_legacy,6i57,6i57,A,c51b0275ba2a6e8457b06e5fc2b884621baeeff1699edeea39459ab2899912cf,125,JHG30_5099d2fbcfe0,weak_train,-1,included_in_development_residue_labels
SOPPCL__6i9b,soppe_legacy,6i9b,6i9b,A,6b0d9401a13ae6db826492380e6740780801dcf25f42ccd80ee31e2b567ca0a8,177,JHG30_6467bf0dab0d,weak_train,-1,included_in_development_residue_labels
SOPPCL__6i9f,soppe_legacy,6i9f,6i9f,A,32a44856631420e77c374a9836250947a5dc99feaa88c8bb6e942ecf4c88fc87,155,JHG30_1a92aa4fd7f9,weak_train,-1,included_in_development_residue_labels
SOPPCL__6ib6,soppe_legacy,6ib6,6ib6,A,1dcaf5efe853816439758cbf9067b5758362b1db56330022f278e26899172407,96,JHG30_ca4701dc1508,weak_train,-1,included_in_development_residue_labels
SOPPCL__6iwj,soppe_legacy,6iwj,6iwj,A,fa1fb76cef9239bfa8e9bba6938ae562561cce19defbaf32f8f4374ca19cd92d,79,JHG30_dd28e9a3fc5b,weak_validation,-1,included_in_development_residue_labels
SOPPCL__6izg,soppe_legacy,6izg,6izg,A,8d35477b6123cda9d3df81b6f63ca9228ab9521262e2687e908aca4ed38f2db5,95,JHG30_745907ae0141,weak_train,-1,included_in_development_residue_labels
SOPPCL__6j2y,soppe_legacy,6j2y,6j2y,A,5affeb4f78f56981b7226c3b5650c27d961e6e049dcfa30246541015a36f7f08,188,JHG30_975fd12c2132,weak_train,-1,included_in_development_residue_labels
SOPPCL__6j3l,soppe_legacy,6j3l,6j3l,A,94cfc1c6adc60adb2ffc31cb10fc6f7fbb8dc49aac3451971b202586614c5b0a,83,JHG30_b6c723687e21,weak_train,-1,included_in_development_residue_labels
SOPPCL__6jpp,soppe_legacy,6jpp,6jpp,A,d287a00082b825ec738b4f6f16e3285eac07b2386c0567a97dea7c71b7c68d98,114,JHG30_49ae4f0ea042,weak_validation,-1,included_in_development_residue_labels
SOPPCL__6k7w,soppe_legacy,6k7w,6k7w,A,e40b80f7f69f24c6a5e14aeafb9b224129bec723a53fff2198326c1bf9ca28e0,92,JHG30_ec296b80314d,weak_train,-1,included_in_development_residue_labels
SOPPCL__6kcz,soppe_legacy,6kcz,6kcz,A,9078842ff4db2e71ee675617a9bfa1ee5cd26304b206284d051f1e6688764342,99,JHG30_cc5e95b3c645,weak_train,-1,included_in_development_residue_labels
SOPPCL__6kg8,soppe_legacy,6kg8,6kg8,A,ffcd3b440b0bad9573dc32776b6b52668a40f333c9299acbe2f4aa3ad4fa95e8,155,JHG30_c7480a71261c,weak_train,-1,included_in_development_residue_labels
SOPPCL__6kjn,soppe_legacy,6kjn,6kjn,A,1f1820a9a9bc0c91f419ee9dd9789835427b8ce65bfeaad2675ead52654ff85e,141,JHG30_6e29a9812ac3,weak_train,-1,included_in_development_residue_labels
SOPPCL__6kqv,soppe_legacy,6kqv,6kqv,A,4d47965efde65ce832bf8131e52634e1f5d1e9163300906277c760745b43ade4,88,JHG30_7a493bce55d1,weak_train,-1,included_in_development_residue_labels
SOPPCL__6kr8,soppe_legacy,6kr8,6kr8,A,3760b6962ff3b894de92b0809242bb393184c754984478e3b78595da71e4ab34,312,JHG30_e5d2e71f62b0,weak_train,-1,included_in_development_residue_labels
SOPPCL__6kvg,soppe_legacy,6kvg,6kvg,A,3a34ce2e18bae8bc290ed2f166b8ff86df30a76b87898b73d79d2f081a21412a,256,JHG30_bef58438495c,weak_train,-1,included_in_development_residue_labels
SOPPCL__6l87,soppe_legacy,6l87,6l87,A,dbcf01a07e0ef6f9adc8442b7411f145ea403824ae1871aa234282f4485a4944,229,JHG30_0803e90bfbf0,weak_train,-1,included_in_development_residue_labels
SOPPCL__6lag,soppe_legacy,6lag,6lag,A,0a58057f6270f917a2edb24b629ea52195f1d7cb1f181361e5043e542ada5b55,135,JHG30_a9735168565c,weak_train,-1,included_in_development_residue_labels
SOPPCL__6lci,soppe_legacy,6lci,6lci,A,9fa125db334f1aa57932a998072c636f2549c4d4c375d1ab70d088268ec040fa,162,JHG30_47b5cc60fce0,weak_train,-1,included_in_development_residue_labels
SOPPCL__6lek,soppe_legacy,6lek,6lek,A,82ce4fbff3007a6e8ce21972b917b0ff60f4d9ddd290bdaadcc7e245d538aeba,185,JHG30_2a8c629a6942,weak_train,-1,included_in_development_residue_labels
SOPPCL__6lkf,soppe_legacy,6lkf,6lkf,A,5f7fc2bcf0060efed768219f9a2b2381b0e27a70d841d33e05f77d7d9dacfc45,140,JHG30_1e4f2fe6008e,weak_train,-1,included_in_development_residue_labels
SOPPCL__6llq,soppe_legacy,6llq,6llq,A,35c8e6d11e124973ba04731e749a62e622d69bdc30f80154602dfc83c9216a70,98,JHG30_a867b2aa7340,weak_train,-1,included_in_development_residue_labels
SOPPCL__6lmr,soppe_legacy,6lmr,6lmr,A,02c998059a525c1c2114b065d770396a69a0b9bb676793dfdc956f8bf20b4867,90,JHG30_bdbfd279daec,weak_train,-1,included_in_development_residue_labels
SOPPCL__6lqz,soppe_legacy,6lqz,6lqz,A,cf5ef98f048114111167aac7b3e9be213c6bf84d796317406d04f0c9a542850e,71,JHG30_344bacf6fe37,weak_train,-1,included_in_development_residue_labels
SOPPCL__6lul,soppe_legacy,6lul,6lul,B,5c94e3aad45170e02487620bc8e097b4297880c0da9c238f9385e546b95752fb,224,JHG30_ebdf910cea4e,weak_train,-1,included_in_development_residue_labels
SOPPCL__6lxg,soppe_legacy,6lxg,6lxg,A,b185d4ae89b412812c1a0e6315b1e215ce9db617656bccdb6d0166a7e87a0cd0,79,JHG30_ce9a44b75279,weak_train,-1,included_in_development_residue_labels
SOPPCL__6lzp,soppe_legacy,6lzp,6lzp,A,492dd2b3d98361956468faf7462e829d3ed0d72e1414c993a03deef9d8f76837,88,JHG30_18fe1f7be506,weak_train,-1,included_in_development_residue_labels
SOPPCL__6m3a,soppe_legacy,6m3a,6m3a,A,92f01faefb9d33ea36c16314c0dd1ae2c1e2b2878d5c6c32c2d42b5aa55006ca,105,JHG30_1330f0c27bd0,weak_train,-1,included_in_development_residue_labels
SOPPCL__6m6f,soppe_legacy,6m6f,6m6f,A,7a66950f61af8b2a74634505124dd01cd39ef13f4c3aa470a9536581e86c4da8,129,JHG30_2f14d1db4b56,weak_train,-1,included_in_development_residue_labels
SOPPCL__6m6o,soppe_legacy,6m6o,6m6o,A,237fa03795201cb9357181914d8fdd61782aa04776d92b4e58d77a6b4f6627ea,185,JHG30_1ef9c5360f48,weak_train,-1,included_in_development_residue_labels
SOPPCL__6mf8,soppe_legacy,6mf8,6mf8,A,9a937e735e5d24a727dae49d39bec74c70d41ad9636ddef55d7972b02b1436e5,46,JHG30_eda0ffdc5c3a,weak_train,-1,included_in_development_residue_labels
SOPPCL__6mie,soppe_legacy,6mie,6mie,A,638d0eba7277472d4fc31be70b53fecb7266022b1dc4d7c2075ec559e17629be,150,JHG30_c5c85a8729e5,weak_train,-1,included_in_development_residue_labels
SOPPCL__6mk7,soppe_legacy,6mk7,6mk7,A,b47c1276975bfa95f48a4f34170e8a98e044e0530f91d7b7cfcf699066a994b3,110,JHG30_63b20b63d88d,weak_train,-1,included_in_development_residue_labels
SOPPCL__6mpp,soppe_legacy,6mpp,6mpp,A,116f0a8690139a8e22e5590168ef102e778710bf55deb43d010e90dda3a74ce1,274,JHG30_169b6bfdd071,weak_train,-1,included_in_development_residue_labels
SOPPCL__6mwm,soppe_legacy,6mwm,6mwm,A,602c147a9e452c546a0a4b3879bd5a31f997a7bdcc359da7a3b050b091a966da,81,JHG30_58e04c8e749d,weak_train,-1,included_in_development_residue_labels
SOPPCL__6n13,soppe_legacy,6n13,6n13,B,0b5b0a53f99eb11d61cb4a89cd2b8f206d199e82f11a8cda68bdb0f40c18627d,322,JHG30_6b09488528c2,weak_train,-1,included_in_development_residue_labels
SOPPCL__6n2m,soppe_legacy,6n2m,6n2m,A,e85796a3faf0635abff329bc9f6680470e391222ff02f16f442aa82ee0024705,142,JHG30_0f2a0a6bbd9f,weak_train,-1,included_in_development_residue_labels
SOPPCL__6nan,soppe_legacy,6nan,6nan,A,404f4c2ba1ee45c5c33109bbee186dbca1e3259da60559a66d7a9a0251822141,118,JHG30_bcd370019208,weak_train,-1,included_in_development_residue_labels
SOPPCL__6nbn,soppe_legacy,6nbn,6nbn,A,59a6e2808a9ae9623016121aa2ec21e590abc9758e771c7234d73580308f2315,123,JHG30_e5c149d9eb16,weak_validation,-1,included_in_development_residue_labels
SOPPCL__6ne8,soppe_legacy,6ne8,6ne8,A,ec9ec262fbdccb68ab9a075c968bb940355c0b43859de69b057ffebc8be33bd6,145,JHG30_344e41917bf8,weak_validation,-1,included_in_development_residue_labels
SOPPCL__6nfw,soppe_legacy,6nfw,6nfw,A,e5e869f365b7f4d55bc074e3ccb1254d1053d75938be8dba904430fc55d369af,151,JHG30_f5b569a11f9d,weak_train,-1,included_in_development_residue_labels
SOPPCL__6nl3,soppe_legacy,6nl3,6nl3,A,f914367ea7f599d90bc6df59165f6f0b19a031a10a90a9d1203336cc341faa4a,79,JHG30_b6d18cd2937b,weak_train,-1,included_in_development_residue_labels
SOPPCL__6nu0,soppe_legacy,6nu0,6nu0,A,ffa02a48fc5c7d7d579e14d159e6e3a0887e7d70426894d8781bf67f6eee34a8,119,JHG30_3676671c0e1c,weak_train,-1,included_in_development_residue_labels
SOPPCL__6nu4,soppe_legacy,6nu4,6nu4,A,746cb2846fe8ceaac0d0f1785bb222358d1644b029eb5680d30a07367c404d0b,56,JHG30_49979300892a,weak_train,-1,included_in_development_residue_labels
SOPPCL__6nui,soppe_legacy,6nui,6nui,A,c3d87a84147b4df0539781b9cbb9253e60d4a941c9cea47d07e238acc90768f5,198,JHG30_ac2697868989,weak_validation,-1,included_in_development_residue_labels
SOPPCL__6nx4,soppe_legacy,6nx4,6nx4,A,86905a822919f5f9bd04fc3756137a716045ecd6ca0256f3aed5c43e0412c84d,167,JHG30_e814b03728de,weak_validation,-1,included_in_development_residue_labels
SOPPCL__6nz2,soppe_legacy,6nz2,6nz2,A,1911a4cd93c7b2a87c331bdca0ab8fbcd1248eda7f7d7cf2ec1bad02f2fcf1ca,188,JHG30_76c1163c34ab,weak_train,-1,included_in_development_residue_labels
SOPPCL__6nzl,soppe_legacy,6nzl,6nzl,A,b4aaab9e3caaaa167aca6057b3ba864fa4adfbd4cc9a3a302645b3afe2e90005,78,JHG30_9bd2d3fecbcf,weak_train,-1,included_in_development_residue_labels
SOPPCL__6o0c,soppe_legacy,6o0c,6o0c,A,9a7bc6ca94e878c40cb3301fb45563972278548ffabb8d03d13720811e796aff,96,JHG30_573c25c309fa,weak_train,-1,included_in_development_residue_labels
SOPPCL__6o1q,soppe_legacy,6o1q,6o1q,A,5ec3bd1731fd5f8b146ddcce51475c2136d4e4daee52210c3e4b813fc15218ce,119,JHG30_bbe12b418c79,weak_train,-1,included_in_development_residue_labels
SOPPCL__6o6w,soppe_legacy,6o6w,6o6w,A,af809aff3f5675db5144ba5fd852de9803edfc50df83f8a505932170d7bb7e63,147,JHG30_abec74e8b35b,weak_train,-1,included_in_development_residue_labels
SOPPCL__6ob1,soppe_legacy,6ob1,6ob1,A,938710bf73438da5ef23efccdb8dd13f34856104865186a6199380c3fc430b50,75,JHG30_bf545f42956a,quarantine_metadata_only,-1,excluded_quarantine_metadata_only
SOPPCL__6obi,soppe_legacy,6obi,6obi,A,b7c1a2d6ea4f82cc7dcc114f8e56a56f4a4f3a1f2e85b7db94e2371a504ade2a,68,JHG30_23d51ab4cfab,weak_train,-1,included_in_development_residue_labels
SOPPCL__6obk,soppe_legacy,6obk,6obk,A,b018252af00f4d286f3570319b31669365f7e2bc51a3aa8c27a3d2511be32732,43,JHG30_3b99140d7588,weak_train,-1,included_in_development_residue_labels
SOPPCL__6ocv,soppe_legacy,6ocv,6ocv,A,2c94e9e48bd578c2230f83f97730c1c5f40f90cb21f96906dcc5e3a372754bfa,190,JHG30_e9c36ece3d57,weak_train,-1,included_in_development_residue_labels
SOPPCL__6osw,soppe_legacy,6osw,6osw,A,787c1dd76d4d68479c64c0605c3eddc07eb44243736a3104857860b65e10242c,54,JHG30_1106d74d5b7c,weak_train,-1,included_in_development_residue_labels
SOPPCL__6owr,soppe_legacy,6owr,6owr,A,073cd3b614c826423b3cd52d57bba2ea83764e3b3e1045d03e4390927ee38fa3,60,JHG30_5185f08b868f,weak_train,-1,included_in_development_residue_labels
SOPPCL__6poj,soppe_legacy,6poj,6poj,A,488fc7c2d53723749ac84ffd84c5d0bec21d9eb520e8ea2208c6b6d405b22f7e,292,JHG30_1c05a00f0524,weak_train,-1,included_in_development_residue_labels
SOPPCL__6pqt,soppe_legacy,6pqt,6pqt,A,aba17ff87d31a9ab93e02a4d9552db5e3e5cc51a4e8e8ffc86e2f6d8ac573ed6,92,JHG30_19d9b15bd14a,weak_train,-1,included_in_development_residue_labels
SOPPCL__6psi,soppe_legacy,6psi,6psi,A,352522497f241d12a8515c604c77d5e0e7290c3f4cd6b33bc297002666428abf,280,JHG30_6d5dfb74f913,weak_train,-1,included_in_development_residue_labels
SOPPCL__6q44,soppe_legacy,6q44,6q44,A,8fac6da186ce4cfe429d970ba98abf81be124c1fc71414fbfaefc90b6e17e23b,178,JHG30_18524b4b4192,weak_train,-1,included_in_development_residue_labels
SOPPCL__6q6e,soppe_legacy,6q6e,6q6e,A,ca27b112d5e3a3e2f442fca20f30a91d1f981bd424d1613da97e95240805985a,221,JHG30_c51a58be4f05,weak_train,-1,included_in_development_residue_labels
SOPPCL__6qam,soppe_legacy,6qam,6qam,A,3f86d1c27c00b61b147436e10d723f6836e844761780d1e03c29ef8952816d4d,211,JHG30_396a44894115,weak_train,-1,included_in_development_residue_labels
SOPPCL__6qay,soppe_legacy,6qay,6qay,A,b42fbce964922760dc92f8ed9ae6e580a162fbf4b7e37ab54737675f08066975,118,JHG30_96dc93a5f1f9,weak_train,-1,included_in_development_residue_labels
SOPPCL__6qbi,soppe_legacy,6qbi,6qbi,A,27841be8740b55b9d450965fa8379ccdb3cd28c9a1c46f628645067e71c65a72,102,JHG30_6fa9eeb08174,weak_train,-1,included_in_development_residue_labels
SOPPCL__6qbz,soppe_legacy,6qbz,6qbz,A,3bd42726f31818c6e94d6757a9ad5633fdf66378b4a46840e2e550b1e211b4b3,110,JHG30_e54ad70e7a6d,weak_train,-1,included_in_development_residue_labels
SOPPCL__6qeu,soppe_legacy,6qeu,6qeu,A,58acc1ddc6e8afd41a756551fe7fbdf03844a09cb5b5af6f70ddf9a437578964,82,JHG30_3a05661e7351,weak_train,-1,included_in_development_residue_labels
SOPPCL__6qjb,soppe_legacy,6qjb,6qjb,A,742782bf5433fdcaf27b7e4dcccf61f20f26dbaa395e723122e33cb1dbd970c6,40,JHG30_f42b5636eb2f,weak_train,-1,included_in_development_residue_labels
SOPPCL__6qkq,soppe_legacy,6qkq,6qkq,A,9350c88dbdd42ca3b154d3ecf5cd9512b089e04f242ea7652978751717b7baf0,48,JHG30_d2790f59293b,weak_validation,-1,included_in_development_residue_labels
SOPPCL__6qs0,soppe_legacy,6qs0,6qs0,A,ce62b239a9c76f448af8f4e763434605ca816dc5a34f05322e11da9462941d65,122,JHG30_171280d7303f,weak_train,-1,included_in_development_residue_labels
SOPPCL__6r0j,soppe_legacy,6r0j,6r0j,A,1fb577e82198a28d6b2d7ff3a15d84bccf236aa2b5f168d8ceebd9a88a84fba6,185,JHG30_022feb47fae3,weak_train,-1,included_in_development_residue_labels
SOPPCL__6rfm,soppe_legacy,6rfm,6rfm,A,8a7a0e8e673d74dd05e1e00c37b4367265a405eb99401d9e36d8f6054ae6df76,80,JHG30_7b7954441ee9,weak_train,-1,included_in_development_residue_labels
SOPPCL__6rh5,soppe_legacy,6rh5,6rh5,A,d6e7954cba8a337b9e3919c044fed1a3c4530dd5e96e451145c333127ac7961c,138,JHG30_9e16a2e373a9,weak_train,-1,included_in_development_residue_labels
SOPPCL__6rk3,soppe_legacy,6rk3,6rk3,A,f5f4467bc06e0bdfc66cfb25e3e4aef3666bd0e024920c25417e49bfdfb8e69c,185,JHG30_aac11fa02efa,weak_train,-1,included_in_development_residue_labels
SOPPCL__6rpv,soppe_legacy,6rpv,6rpv,A,60b0c6bb6b0cf82dfb9b712d6e36640ddd14805361d4dcab342ad465ff729b28,120,JHG30_4b68319c2790,weak_train,-1,included_in_development_residue_labels
SOPPCL__6rwg,soppe_legacy,6rwg,6rwg,A,ea205fe3b1359584bac202d791970fdf77b284440b905755aaab5556c07dfd37,157,JHG30_3e67e133e1d5,weak_train,-1,included_in_development_residue_labels
SOPPCL__6sap,soppe_legacy,6sap,6sap,A,3c02e07580bd2d392b5c35e1b60a2da642b7466273b0eedf984307a1c496ada3,119,JHG30_33d660d71d6c,weak_train,-1,included_in_development_residue_labels
SOPPCL__6sgo,soppe_legacy,6sgo,6sgo,A,858c8085f6e3f8bb632422ff8e625bf3d86e3d64e7b573242c91fafd3fd16701,136,JHG30_61fd7757c8e5,weak_train,-1,included_in_development_residue_labels
SOPPCL__6sjx,soppe_legacy,6sjx,6sjx,A,8da7e2b7d8369e79bd5c5dc451c4ddd7912502ebed165a919627a59fb46b55f7,182,JHG30_7deea878dcf1,weak_train,-1,included_in_development_residue_labels
SOPPCL__6sly,soppe_legacy,6sly,6sly,A,71726033e3ff7cb98ff2e31b410c477c5bcfb82798da53f701b03095f0ac5cf4,107,JHG30_d6aa2406e4a1,weak_train,-1,included_in_development_residue_labels
SOPPCL__6snj,soppe_legacy,6snj,6snj,A,cb84229a5f4a6b170bccd907a7ee93054ac5b0f0d598db5576b06c9f562fda85,131,JHG30_340c992b5917,weak_train,-1,included_in_development_residue_labels
SOPPCL__6szc,soppe_legacy,6szc,6szc,A,9c843dfe85683babf68c1377a4a81183c76ef179cf4d306934fb167e0faa22d8,78,JHG30_32da009b9dbc,weak_train,-1,included_in_development_residue_labels
SOPPCL__6t33,soppe_legacy,6t33,6t33,A,16b9c97e1277e624d9643bb6c93b13102c3d538ea859c6c4519f62e61e5304e0,44,JHG30_aca1d501bac0,weak_train,-1,included_in_development_residue_labels
SOPPCL__6taz,soppe_legacy,6taz,6taz,B,2f70d616f24ae964e680d80456de3e17de405ec746b97d23e1ea816c3579ead1,141,JHG30_10582eb4940b,weak_train,-1,included_in_development_residue_labels
SOPPCL__6tey,soppe_legacy,6tey,6tey,A,b60b3a43fa0d22112c6a587fd0076f78e629420466655f8b0c54a31c25d525c9,81,JHG30_6b3be4bbe71a,weak_validation,-1,included_in_development_residue_labels
SOPPCL__6tf4,soppe_legacy,6tf4,6tf4,A,cf7915193f082cd4e5f59ce69c8bc34d8eb28dbca01c3a6f9b6d3bcdab0715db,57,JHG30_bb6ac548f795,weak_train,-1,included_in_development_residue_labels
SOPPCL__6tg5,soppe_legacy,6tg5,6tg5,A,2f4a8bb1d72f609bdc12bf4069d07d74562e83746a232c33dfad0d1263604d5c,111,JHG30_4f9c54ab6bd2,weak_train,-1,included_in_development_residue_labels
SOPPCL__6th8,soppe_legacy,6th8,6th8,A,a9c71a7a857791a25bcadbc29e04c59007058ab228703a4001debf234866cbb5,125,JHG30_ce2b866824fa,weak_train,-1,included_in_development_residue_labels
SOPPCL__6tj3,soppe_legacy,6tj3,6tj3,A,6cb9137b92bef6135ed003bfe323994118a415a7a6d7247227d4eb88f50fdb02,74,JHG30_6f44d9b48650,weak_train,-1,included_in_development_residue_labels
SOPPCL__6tkt,soppe_legacy,6tkt,6tkt,A,1f0de50140b90e2595613dc38f3a176b38b90fac1356fc9107e0d6aafddde128,93,JHG30_02822c144628,weak_validation,-1,included_in_development_residue_labels
SOPPCL__6tl0,soppe_legacy,6tl0,6tl0,A,9a8588ebf4e70a991e8c44223d4ebedfbd5929e2365f4d79e22078cce928bfb2,192,JHG30_89b35ef1e5dd,weak_train,-1,included_in_development_residue_labels
SOPPCL__6to6,soppe_legacy,6to6,6to6,A,7d90f5ffccfad09c805298135acec8ddad882afa1a8bdd520b90aae8a21eb5e4,74,JHG30_829d72b76a05,weak_train,-1,included_in_development_residue_labels
SOPPCL__6tob,soppe_legacy,6tob,6tob,A,695e3fc84ef52a7596fadf67dc30e941198ad8127f167f3ebc2370f994cf0843,109,JHG30_5423265130d8,weak_validation,-1,included_in_development_residue_labels
SOPPCL__6tr8,soppe_legacy,6tr8,6tr8,A,73d622951062bb59e4463aa53d6534639e9519cac1cd436e4f6f60393c264651,136,JHG30_ce118e3e1865,weak_train,-1,included_in_development_residue_labels
SOPPCL__6trm,soppe_legacy,6trm,6trm,A,d6de9477fdb5ce526ad8ff7d74eff31447d06668a4f1150db151b410f346ab04,64,JHG30_a1c9aa2eac29,weak_train,-1,included_in_development_residue_labels
SOPPCL__6tv5,soppe_legacy,6tv5,6tv5,A,cb4876d3785904910267e404d2a850a80c89402523f488f3f8588bbe0816f258,137,JHG30_4243d3d82882,quarantine_metadata_only,-1,excluded_quarantine_metadata_only
SOPPCL__6twr,soppe_legacy,6twr,6twr,A,201143d91a9ad6e02f330b59d24f9e6b9b86374241afe6a9179f6d78d7473c23,169,JHG30_9bb52c039727,weak_train,-1,included_in_development_residue_labels
SOPPCL__6txt,soppe_legacy,6txt,6txt,A,6024279a5aad4463a1f6d8abdc5755bdcd9c52fe8a3fe39225272e6623411634,72,JHG30_39dfb2111b90,weak_train,-1,included_in_development_residue_labels
SOPPCL__6uch,soppe_legacy,6uch,6uch,A,e031b2129a4b9f57288b94477218289662cdb577a0594c47a21cb3c8a45a9370,41,JHG30_3362e39fb7f0,weak_train,-1,included_in_development_residue_labels
SOPPCL__6ucj,soppe_legacy,6ucj,6ucj,A,dbeb70bc37e87fade3f6632e636af7eb34d759ddb811bcf2c295befff1aacf78,67,JHG30_40284cbdc0ee,weak_train,-1,included_in_development_residue_labels
SOPPCL__6uf2,soppe_legacy,6uf2,6uf2,A,c9ca29cbbf6689e19319cdbb0fdeb1a4f40e4c3364a96a71a126857882257567,125,JHG30_b673c9fe8a3b,weak_train,-1,included_in_development_residue_labels
SOPPCL__6uhw,soppe_legacy,6uhw,6uhw,A,895928cd05438af26080dbd0b739007b1a2aa8682765b3ef3ee974edeca4f075,139,JHG30_4bf20ac40c37,weak_train,-1,included_in_development_residue_labels
SOPPCL__6v1w,soppe_legacy,6v1w,6v1w,A,b77e11d399f12ea5d2ad2babbcd2f01d393bcad58732020cf299e44b4a43a746,110,JHG30_5e2e8c3087bf,weak_train,-1,included_in_development_residue_labels
SOPPCL__6vee,soppe_legacy,6vee,6vee,A,9d82d4dcefb60655f5f292113f0453c71545fa2a9ce1fa84d5731e199bdfd1d0,184,JHG30_2c8963e418f3,weak_train,-1,included_in_development_residue_labels
SOPPCL__6vg7,soppe_legacy,6vg7,6vg7,A,a0937a97de221780d742ddfa612f2e507bc4ad317d6e73701ce720cd0b9f2ace,104,JHG30_b2a1da751d4b,weak_train,-1,included_in_development_residue_labels
SOPPCL__6vrj,soppe_legacy,6vrj,6vrj,A,3436dec0d17cb351fccf9a249a8394b5fd231f7c73cf71e560fc5bd67b46efa4,97,JHG30_e9a5e4dfa0c7,weak_train,-1,included_in_development_residue_labels
SOPPCL__6vwb,soppe_legacy,6vwb,6vwb,A,13e11bcc811a4199d86387b8e849f63fdf71094aeda1fbd7069e059b11938a32,90,JHG30_6cf5924b93e9,weak_train,-1,included_in_development_residue_labels
SOPPCL__6x46,soppe_legacy,6x46,6x46,A,09195278ef8e3ca37e6698184640c927b79a9490b8cb437edd27cfc32cfd74eb,80,JHG30_1c1cbb305385,weak_train,-1,included_in_development_residue_labels
SOPPCL__6x6n,soppe_legacy,6x6n,6x6n,A,0a32f7a5f8bef9db6b6d55fea2f618d61a7555c4517da66ce55c65c5258cbb42,134,JHG30_0732bec04bbc,weak_train,-1,included_in_development_residue_labels
SOPPCL__6xeh,soppe_legacy,6xeh,6xeh,A,044cf3d658f3ef04031d422f6130057f381fdfb4761f36b9e4548c5be348ac37,125,JHG30_f3e60af238d9,weak_train,-1,included_in_development_residue_labels
SOPPCL__6xfl,soppe_legacy,6xfl,6xfl,A,f36f330e43e133f81131357c3d2a3f8f301057869e50d75176b1286d5c698916,79,JHG30_29b7e5d3fbf0,weak_train,-1,included_in_development_residue_labels
SOPPCL__6xor,soppe_legacy,6xor,6xor,A,a63883c9cb09cd2d0d7f7a8f1887e9a0d9aea54c36aa277e6a1e0601e47e7c09,71,JHG30_961cd641a312,weak_train,-1,included_in_development_residue_labels
SOPPCL__6xr6,soppe_legacy,6xr6,6xr6,A,f4fe6a79f6fb00fecc981a69c9863b2075b755d341aacd86ba7938640b0ecb2b,287,JHG30_db06dbf7552f,weak_train,-1,included_in_development_residue_labels
SOPPCL__6xry,soppe_legacy,6xry,6xry,A,477a046a2debdb0a60b1f1ce127dd1839680c22edac134a2e0574ee5094357fb,141,JHG30_29b65c55a175,weak_train,-1,included_in_development_residue_labels
SOPPCL__6xtt,soppe_legacy,6xtt,6xtt,B,e1231eeaf6045a2456943dc0d18c5fe2e0cd0ee330adf12ca53a8c2572a52fd8,116,JHG30_44270f29c0a3,weak_train,-1,included_in_development_residue_labels
SOPPCL__6xv2,soppe_legacy,6xv2,6xv2,A,460d1c7f14a7b2adcd02952a5a455ce66e0c403e3de3b252ee8488dec7381ba9,157,JHG30_7f9ededf7258,weak_train,-1,included_in_development_residue_labels
SOPPCL__6xyv,soppe_legacy,6xyv,6xyv,A,3ea86a4e7d7c32e11b28e05d3dc42eaf0741bc3a8036c7970b6121b1eb2c34a7,54,JHG30_e9eeb64555ba,weak_train,-1,included_in_development_residue_labels
SOPPCL__6y06,soppe_legacy,6y06,6y06,A,7e14ba1731709c0192b5719b83ff1c56ef4e330d9449be808090e20f7d032342,117,JHG30_dac0f78d297f,weak_train,-1,included_in_development_residue_labels
SOPPCL__6y07,soppe_legacy,6y07,6y07,A,c48a8ff9e98d5ceb438992877fc00e0aeab143bd7ea45cf4fd988e7af9b3ba94,154,JHG30_019ccc3f176e,weak_train,-1,included_in_development_residue_labels
SOPPCL__6y4h,soppe_legacy,6y4h,6y4h,A,360b11ab8d08784c6015d58af8d8090387b7deffff4a8f14898d416dfb4c7745,168,JHG30_831a18c07f79,weak_train,-1,included_in_development_residue_labels
SOPPCL__6y6m,soppe_legacy,6y6m,6y6m,A,25fd6022e335ef5cd0936e13f95b835df79fe3825fe54895884575b0fc3453dd,165,JHG30_49c694d91cfd,weak_train,-1,included_in_development_residue_labels
SOPPCL__6y8v,soppe_legacy,6y8v,6y8v,A,df6942f37e8d35000c48b6ad583d04070d71c83d2c3b97d088b2bec232b29336,70,JHG30_49a3b9ddb7f5,weak_validation,-1,included_in_development_residue_labels
SOPPCL__6yel,soppe_legacy,6yel,6yel,A,548e14d4c7774818bbda8fea01512155005f932dd5fbf2f3c75e2467aa801259,115,JHG30_927f24dd143e,weak_train,-1,included_in_development_residue_labels
SOPPCL__6yeu,soppe_legacy,6yeu,6yeu,A,22109bd271482802e84ebb47cceda19e91eb18c678580413bcb740438e6b30e0,107,JHG30_bc58b3633082,weak_train,-1,included_in_development_residue_labels
SOPPCL__6yhz,soppe_legacy,6yhz,6yhz,A,eb5025e8c74e9414f89627f18f69e1815d923ac061c739ffc400784502e71755,76,JHG30_084055dd35c0,weak_train,-1,included_in_development_residue_labels
SOPPCL__6yi2,soppe_legacy,6yi2,6yi2,A,97e934c9e76bed53e059e8ca8ad515555f84152b66e483ed1151d4ae8b3226af,76,JHG30_88bee7ab2bd1,weak_train,-1,included_in_development_residue_labels
SOPPCL__6yrr,soppe_legacy,6yrr,6yrr,A,ca9e7b2a912cfaa7ea8cfb8f31e5ec592e7d7fdc3c5617606a0884ec215db245,148,JHG30_ec5d6921e07a,weak_train,-1,included_in_development_residue_labels
SOPPCL__6ytc,soppe_legacy,6ytc,6ytc,A,6a2e915217c5e84a3a3c0abd1895c4e11986ddc8f981b0b81871b6d1a049d8bb,93,JHG30_dc417b33e18a,weak_train,-1,included_in_development_residue_labels
SOPPCL__6z0g,soppe_legacy,6z0g,6z0g,A,18954ff6e45cf5d272227482306b5958a7c79cbc75d1f466387f99776cab28c3,46,JHG30_6037248653b1,weak_train,-1,included_in_development_residue_labels
SOPPCL__6z29,soppe_legacy,6z29,6z29,A,fa908c0525b8070210644639ffe77140bc9913ed5e80e82c4f11949e22c81bb7,116,JHG30_e382c14a6f69,weak_train,-1,included_in_development_residue_labels
SOPPCL__6z35,soppe_legacy,6z35,6z35,A,1c38c108f738e2e54542649355a42612390dbf94b991747e6ced95beafd4b0c7,109,JHG30_225b7a3d87eb,weak_train,-1,included_in_development_residue_labels
SOPPCL__6z41,soppe_legacy,6z41,6z41,A,91b727b8ebef42887b7f5035c46e18499b73172647cae385dddf51a579b43704,68,JHG30_981f593e67dd,weak_train,-1,included_in_development_residue_labels
SOPPCL__6zdb,soppe_legacy,6zdb,6zdb,A,1212408003f52322739d53377cdbbb9e8b07a7bdb4171604ddfd0ea0d2496e48,129,JHG30_38d3fdd15628,weak_train,-1,included_in_development_residue_labels
SOPPCL__6zss,soppe_legacy,6zss,6zss,A,ceefddc6ba5a839f63b66836ea00e6b539a0517e8e11b296d250f58134946488,86,JHG30_f0088afbb5c6,weak_train,-1,included_in_development_residue_labels
SOPPCL__6ztg,soppe_legacy,6ztg,6ztg,A,5fbe0dcf0fedfac37048bab9c2c5921ddf83ffa204cfab9e546c4fb943a8aad4,193,JHG30_f400b52d8b00,weak_train,-1,included_in_development_residue_labels
SOPPCL__6zv1,soppe_legacy,6zv1,6zv1,A,5e3344eaa861983759ca28ecb2ecf60a1140592a65bdf2c3ace92fb310e093b1,150,JHG30_1f31433a8c62,weak_train,-1,included_in_development_residue_labels
SOPPCL__6zxp,soppe_legacy,6zxp,6zxp,A,77092e6c19f3cce0f557479980a1d1b4c71bf283de3f0e61add741790eb0f562,151,JHG30_1ba3c99b5dcc,weak_validation,-1,included_in_development_residue_labels
SOPPCL__6zyg,soppe_legacy,6zyg,6zyg,A,4cb1327fae3847d21524e0df893ef8cec36997aa44d5d23b98dd5f4a90269efa,113,JHG30_be90030e661a,weak_train,-1,included_in_development_residue_labels
SOPPCL__6zze,soppe_legacy,6zze,6zze,A,7d164f9248222cae4d82314dd4d8f9958e2ad2f35b4faca6fe91901f44ff61bc,82,JHG30_9f1b350625a7,weak_train,-1,included_in_development_residue_labels
SOPPCL__7a05,soppe_legacy,7a05,7a05,A,50ee7f6d652fff2b8d16ffc9a135d9bcfe5de8268c277ee59522799d9d3fec19,173,JHG30_054361be2047,weak_train,-1,included_in_development_residue_labels
SOPPCL__7a2d,soppe_legacy,7a2d,7a2d,A,9cbe1f6daa3e27389f51ef7fb66202753d875db5ef92fc5980bd8e9c82020452,178,JHG30_cedaed5dd79e,weak_train,-1,included_in_development_residue_labels
SOPPCL__7ac1,soppe_legacy,7ac1,7ac1,A,c4641d376002a63fd4117be93fd9027fec898307fb57000a627cba4d8e42d1b6,75,JHG30_80fb1a869ed2,weak_train,-1,included_in_development_residue_labels
SOPPCL__7aep,soppe_legacy,7aep,7aep,A,d73cc97708f93680838b2862eba9367510c2e5b8730f2a60b6c527227f6f0ec8,93,JHG30_61f1ed12daa4,weak_validation,-1,included_in_development_residue_labels
SOPPCL__7afq,soppe_legacy,7afq,7afq,V,e4456f99d2a52227587a8b13e79a952505dba8fa6dce4caf3a1ce80a9d134196,93,JHG30_4091b3a5e6f7,weak_train,-1,included_in_development_residue_labels
SOPPCL__7ava,soppe_legacy,7ava,7ava,A,55a6f943ea5c391af75b10e82c32dfa2227213979b2deb37bbc873e0deb64774,138,JHG30_322fffbcf876,weak_train,-1,included_in_development_residue_labels
SOPPCL__7b3j,soppe_legacy,7b3j,7b3j,A,623975dd241b64e6152a5df41430c02519a5e1f84a26b3be7189a1d9c5381fee,55,JHG30_c16454be0315,weak_train,-1,included_in_development_residue_labels
SOPPCL__7bbb,soppe_legacy,7bbb,7bbb,A,01286a562fa9ea2bf3205c0e48eefde58df189d9f96b9b7f44a2e0f2b18eceb6,251,JHG30_25d9040e4b89,weak_train,-1,included_in_development_residue_labels
SOPPCL__7bcj,soppe_legacy,7bcj,7bcj,A,d0beb92fab2f0c15f42a6d9a0bbab33f1f77e364c4c2c6365ddc5b4cf9435e8f,142,JHG30_7115eea045c8,weak_validation,-1,included_in_development_residue_labels
SOPPCL__7bgh,soppe_legacy,7bgh,7bgh,A,54ffa234d4d782dea2293d7a51fbc352f2260bfd84b3daf777708a8480c6ca16,177,JHG30_b1432fa59397,weak_train,-1,included_in_development_residue_labels
SOPPCL__7bpn,soppe_legacy,7bpn,7bpn,A,a11672148c8fc86b1df75dbf247d88836e1b020c1e20e36dd8a33a682865550a,124,JHG30_754510fb40f6,weak_train,-1,included_in_development_residue_labels
SOPPCL__7bqc,soppe_legacy,7bqc,7bqc,A,cf98f606f2085e3adc8d0272c65ecd40112a3ae438e48f382a3329ce2a14be9a,125,JHG30_ceb2ef859eb5,weak_train,-1,included_in_development_residue_labels
SOPPCL__7bqm,soppe_legacy,7bqm,7bqm,A,c91f8622988a70fd2c15c0f10915b0974d054c72b9822c2bfc2e10b14d430d0d,99,JHG30_d8a975a1537e,weak_train,-1,included_in_development_residue_labels
SOPPCL__7bqr,soppe_legacy,7bqr,7bqr,A,38e8db2657a26e42775f4877416095cdb3d4f1e87872e801e7d44ded310f855e,137,JHG30_f52086705f9f,weak_train,-1,included_in_development_residue_labels
SOPPCL__7bqs,soppe_legacy,7bqs,7bqs,A,77b8b4ef3483b75b5928e5e4fb04e09ca84d36e36b978c363709faeba942a19f,122,JHG30_f6d244c44b59,weak_train,-1,included_in_development_residue_labels
SOPPCL__7bul,soppe_legacy,7bul,7bul,A,80ff3f0b04b65cab4322f1c9faa0b75268f99f5cb82b6d3d28c372382ed7c43c,158,JHG30_a59159d37a2b,weak_train,-1,included_in_development_residue_labels
SOPPCL__7but,soppe_legacy,7but,7but,A,215955f8c160586a3fff5d3892786a301bcfbe3d30cafbe6ca2c600d3f167bad,142,JHG30_4243d3d82882,quarantine_metadata_only,-1,excluded_quarantine_metadata_only
SOPPCL__7bv9,soppe_legacy,7bv9,7bv9,A,84f66600ad25a63b445832c9d4891eec9a5f0f00b4f77f1db16fbc892b814977,164,JHG30_59bad6a3b709,weak_train,-1,included_in_development_residue_labels
SOPPCL__7bwe,soppe_legacy,7bwe,7bwe,A,f1a4f1868657dbe8ab842a3732f36d9a399eee065a2e2b53e989d3a2e247f472,64,JHG30_9105e306f370,weak_train,-1,included_in_development_residue_labels
SOPPCL__7by7,soppe_legacy,7by7,7by7,A,1540d01b0fafd216fd5ff72ff741f620ee64d954bfc6119e3e847eba835d7846,77,JHG30_b2fb08f13b72,weak_train,-1,included_in_development_residue_labels
SOPPCL__7c1m,soppe_legacy,7c1m,7c1m,A,6bd4c697fd4b130c95c0bacce67b6fc0c2dc286e05754039555087f8810a5a86,67,JHG30_8acbc3b894d8,weak_validation,-1,included_in_development_residue_labels
SOPPCL__7cfv,soppe_legacy,7cfv,7cfv,A,3027c4a1763b66fa4e04b5c786b2d1c9bdfea545ccdf7f511a3da76784bb2a2b,137,JHG30_5af83e21f3b2,weak_train,-1,included_in_development_residue_labels
SOPPCL__7clv,soppe_legacy,7clv,7clv,A,4eb1f8533467fad1fd9b6cd49f151c510aeab2ce71a85c43672bda98f8e6e3c1,222,JHG30_3a461a361af7,weak_train,-1,included_in_development_residue_labels
SOPPCL__7cnf,soppe_legacy,7cnf,7cnf,A,4c21a7f3087c0e9fdad38333545e51b4d202f5762b29e0ba2e3a8c8ee2e710fd,96,JHG30_d05c6334103d,weak_train,-1,included_in_development_residue_labels
SOPPCL__7cq1,soppe_legacy,7cq1,7cq1,A,b80d98a847893bf50821c520426229d46f4b698d462a57ee8040bda316e6e700,77,JHG30_98bc45944ee8,weak_train,-1,included_in_development_residue_labels
SOPPCL__7d11,soppe_legacy,7d11,7d11,A,8b2c06b675492c8ec773e93ff023275e677a6dc89d14625aa7dfcacb6d036ee6,79,JHG30_40fdd213e046,weak_validation,-1,included_in_development_residue_labels
SOPPCL__7d2o,soppe_legacy,7d2o,7d2o,A,678d6e5f6f112f61c4a02ddd5015979338eecb869c6b24b51b0819efd406282d,168,JHG30_d72caee89439,weak_train,-1,included_in_development_residue_labels
SOPPCL__7dab,soppe_legacy,7dab,7dab,A,763fb8f210b71245fd79d7da5105298d1d2616060efe3bcb7dac2b5533eeffb5,64,JHG30_4d4e28997dcd,weak_train,-1,included_in_development_residue_labels
SOPPCL__7dcv,soppe_legacy,7dcv,7dcv,A,5058866a9f6f2178ec52b1f02052f4595faab42fa4fcfe4d8167671c856202f5,59,JHG30_b9d0cde45573,weak_train,-1,included_in_development_residue_labels
SOPPCL__7dfe,soppe_legacy,7dfe,7dfe,A,73add8bb7bb395e48a4666e0115c4e25f98fa88a77e507f97acba66e83eeaac3,142,JHG30_f40cc116f788,weak_train,-1,included_in_development_residue_labels
SOPPCL__7dme,soppe_legacy,7dme,7dme,A,02dc2213f9ad73ed633204a4e5aeef4fc4cc0da6c222155554b6f01cfde6451e,308,JHG30_6a775a92b600,weak_train,-1,included_in_development_residue_labels
SOPPCL__7dth,soppe_legacy,7dth,7dth,A,0e0431d27dd69d912a0b281f7d28a3826e99c63bdbff2f296ff2531162013bd7,127,JHG30_d16a01c171a0,weak_train,-1,included_in_development_residue_labels
SOPPCL__7en4,soppe_legacy,7en4,7en4,A,c1d88cac251c841ca21adbb18ef10fbfedecb4c72748c5d6574d90954a4e9445,236,JHG30_af14edef9402,weak_train,-1,included_in_development_residue_labels
SOPPCL__7f7n,soppe_legacy,7f7n,7f7n,A,c2dd1c63aa90d8f68026b58943c2bdef1b2f9cc0b1b9c857f37ddec1cb025178,126,JHG30_fda0a93126a2,weak_train,-1,included_in_development_residue_labels
SOPPCL__7ji1,soppe_legacy,7ji1,7ji1,A,bb36c57ca77cd47c4aa389982dedb579fccbc23a99aa86b1d678c4b6ce4a5f75,119,JHG30_726d8a99d2f3,weak_train,-1,included_in_development_residue_labels
SOPPCL__7jk8,soppe_legacy,7jk8,7jk8,A,ee064344f15a010d9aaf128fa98b10792d02c51e7c932753e61bd1eeca48d8a1,102,JHG30_de34b0611108,weak_train,-1,included_in_development_residue_labels
SOPPCL__7jsq,soppe_legacy,7jsq,7jsq,A,c7d26865c4a782b01f3d656c86ac56a8c08a3f40b74eba8f830414536c99a2d4,54,JHG30_2dd26a8d6faf,weak_train,-1,included_in_development_residue_labels
SOPPCL__7k3s,soppe_legacy,7k3s,7k3s,A,f8c28df17173390ed35d7ae68c85cdc3cc144a395c959464ca2ee6042026fc6d,60,JHG30_c0b52c3955bf,weak_validation,-1,included_in_development_residue_labels
SOPPCL__7k7f,soppe_legacy,7k7f,7k7f,A,d6fbd1d97a259d64a9a025f7007a8a367deaee7f26d05bc0b1ca5f9035e7dd56,143,JHG30_b757725d3c30,weak_train,-1,included_in_development_residue_labels
SOPPCL__7kbq,soppe_legacy,7kbq,7kbq,A,bae9b2e4da474d0f41c360793be4974ee08a30946702f444b497490b549b4966,135,JHG30_322d226f873a,weak_train,-1,included_in_development_residue_labels
SOPPCL__7kix,soppe_legacy,7kix,7kix,A,df487d132ee9437a9fae1cec8d36a92c8bf5c9181a6bba139dbb6d3dcc32b821,87,JHG30_5c25185cce59,weak_train,-1,included_in_development_residue_labels
SOPPCL__7knv,soppe_legacy,7knv,7knv,A,b42747e72b92e13af1e818b6edc3a1c7b8b471f659364ccb188ba480ac498da3,126,JHG30_83973851905c,weak_train,-1,included_in_development_residue_labels
SOPPCL__7kw8,soppe_legacy,7kw8,7kw8,A,4fe8cfa29110cdc7caa4860092d01fdf50c96796f615df2f8e396c1e5dddf38e,178,JHG30_03da0a979820,weak_train,-1,included_in_development_residue_labels
SOPPCL__7kwi,soppe_legacy,7kwi,7kwi,A,719c6ba79c7edaf3cd81fd4dd1b74480a2c5af7b84fcda5f4c8db1ca8c3619fc,152,JHG30_bfcf02f95363,weak_train,-1,included_in_development_residue_labels
SOPPCL__7l6k,soppe_legacy,7l6k,7l6k,A,7d832c4677af6ebf8b22c10eb0117eb37366187d16b1ee3ea2c19996fdbafe9e,114,JHG30_57541a03cd41,weak_train,-1,included_in_development_residue_labels
SOPPCL__7ldf,soppe_legacy,7ldf,7ldf,A,9493cd537ac4102bbf17ded24398b7b18193bc3a0a44fec2d8c560e18ac5d555,71,JHG30_fa3e07a0e227,weak_train,-1,included_in_development_residue_labels
SOPPCL__7lgl,soppe_legacy,7lgl,7lgl,A,a5eff9f8ecc1f245b504c8b4e81978d3f069fcddef7c1d94dc6b17443c327c70,47,JHG30_f922f7aea239,weak_train,-1,included_in_development_residue_labels
SOPPCL__7lie,soppe_legacy,7lie,7lie,A,471428f6137a87d6c04e3fd2c78bd09729302224cfb2b5119288f02561482469,78,JHG30_8e7af9953f76,weak_train,-1,included_in_development_residue_labels
SOPPCL__7loi,soppe_legacy,7loi,7loi,A,33c078946c31dba18a0c14c33e9af4e69f83c481fe6106ae42f6f13e1806a5b4,175,JHG30_284204d480a1,weak_train,-1,included_in_development_residue_labels
SOPPCL__7lp5,soppe_legacy,7lp5,7lp5,A,e98559eabbb0f37ac2e7d27732d5ff10845ac7546f086fde3d0a92cff24ffad9,68,JHG30_6f3a2cc3927c,weak_train,-1,included_in_development_residue_labels
SOPPCL__7lqt,soppe_legacy,7lqt,7lqt,A,339540395c710a5131bab2f6fe4f252f9f472cc9350a1f84c7e04eb415c634c9,174,JHG30_9f4e00ef848e,weak_train,-1,included_in_development_residue_labels
SOPPCL__7lu8,soppe_legacy,7lu8,7lu8,A,33992f4c8648b4388f668b09681161107bdd3196cff6c301c5803a35961f902a,76,JHG30_03e0f2b16402,weak_train,-1,included_in_development_residue_labels
SOPPCL__7lxk,soppe_legacy,7lxk,7lxk,A,6204f937e848d614e818ab8203def1e60fe5f86e31af6e4ea6d3f10eb3cb703a,59,JHG30_bbf04a721a63,weak_train,-1,included_in_development_residue_labels
SOPPCL__7m5t,soppe_legacy,7m5t,7m5t,A,f8a6a0c2fe36ef84cf436da3ec7f6dcfb8c3bbfd6be6b31c16f3386f2c0bb8c7,100,JHG30_fa5e324f5896,weak_train,-1,included_in_development_residue_labels
SOPPCL__7mu9,soppe_legacy,7mu9,7mu9,A,38acd7f150052a79307786e699b8df4c3154e8d984fb5f3e7eea7cbfa07b80ac,105,JHG30_b2e9060fa506,weak_train,-1,included_in_development_residue_labels
SOPPCL__7mzw,soppe_legacy,7mzw,7mzw,A,9263a0fff5660b4b19f2056b425754cce501d6450529ded55c35b14629076dd0,353,JHG30_80376a16bd65,weak_train,-1,included_in_development_residue_labels
SOPPCL__7n87,soppe_legacy,7n87,7n87,A,557cb08c05577a02dab939354cf85a5ad63b3df47107fcf7fbcf59e8ea000f3c,151,JHG30_672d20cb1be8,weak_validation,-1,included_in_development_residue_labels
SOPPCL__7nd1,soppe_legacy,7nd1,7nd1,A,a4338bc62ff3af73a7c86f112c52c6f21247d2f95cca30cf62587054445d58d3,100,JHG30_8009d4ca58c7,weak_train,-1,included_in_development_residue_labels
SOPPCL__7ne8,soppe_legacy,7ne8,7ne8,A,e37e8121a200579eb14dee584a9ce2637b6c6c99f86c550528f4309e0d535590,86,JHG30_4ab7d6fed55b,weak_train,-1,included_in_development_residue_labels
SOPPCL__7nf9,soppe_legacy,7nf9,7nf9,A,d46478c6e7e955251ce94fd178958fa8f0bf1e837e8ed91d89467931b2d94036,67,JHG30_f5d02ac7bea3,weak_train,-1,included_in_development_residue_labels
SOPPCL__7nhz,soppe_legacy,7nhz,7nhz,A,79bbd49963630fb1c2b4c34523fd158324154f757f2aec0040135c80dedf7df7,116,JHG30_a478fe975a71,weak_train,-1,included_in_development_residue_labels
SOPPCL__7nn6,soppe_legacy,7nn6,7nn6,A,8b2a69070921957d223efbce1ebcf7cb5032b2c2c341574a6911deca74e84147,94,JHG30_28696e0427b3,weak_train,-1,included_in_development_residue_labels
SOPPCL__7nrn,soppe_legacy,7nrn,7nrn,A,6d5631876e10ddb67ce1fb78a5841ae5c710930a156dcf7c25346144882928fe,79,JHG30_66db5df6f3b0,weak_train,-1,included_in_development_residue_labels
SOPPCL__7nt7,soppe_legacy,7nt7,7nt7,A,ed43659bf0ff1039192d82606e807cb73237e016ee071c734059ee46d70417ea,163,JHG30_dde3500cf53f,weak_train,-1,included_in_development_residue_labels
SOPPCL__7o9u,soppe_legacy,7o9u,7o9u,A,ddc1a7c198bcc0586687a68f5d3f3d39358fff4fe9ed673fee775a6340df5f3d,153,JHG30_ad1848d9dbfa,weak_train,-1,included_in_development_residue_labels
SOPPCL__7ofn,soppe_legacy,7ofn,7ofn,A,b4666a76cf554501def0bc4c4a734764ac6e64877cdb0c1a32238cd0eb5ef8b9,163,JHG30_5cf7dcfd2196,weak_train,-1,included_in_development_residue_labels
SOPPCL__7oio,soppe_legacy,7oio,7oio,A,2c8b2d3f3bb6dd28a285caeaed6bf7ccf1854df489d174fa1d0f3cc56693c260,144,JHG30_8fa4e613d887,weak_train,-1,included_in_development_residue_labels
SOPPCL__7omk,soppe_legacy,7omk,7omk,A,74520f57f79c0b0a4c25d34283d575b77ed38a08b0dbebdcf5dae92ceabe84c5,93,JHG30_0558c8dcca6e,weak_train,-1,included_in_development_residue_labels
SOPPCL__7ox6,soppe_legacy,7ox6,7ox6,A,11f105c712e5a0b49d7c5da844bb49e741d7f5596baf862ec1cb52ecb7e4b65f,127,JHG30_f0c8a704f395,weak_validation,-1,included_in_development_residue_labels
SOPPCL__7oz0,soppe_legacy,7oz0,7oz0,A,9f6e8831d54225a28c5bd68074a4f359d6c16dc702923a4f37a159f67089838d,114,JHG30_f9b516d0159d,weak_train,-1,included_in_development_residue_labels
SOPPCL__7p3p,soppe_legacy,7p3p,7p3p,A,88f69686eccd7e319e411ff5616be169f1928ffe362eace180bdeebb2751dac0,63,JHG30_b74269a47b60,weak_validation,-1,included_in_development_residue_labels
SOPPCL__7p4n,soppe_legacy,7p4n,7p4n,A,963f94b8cb3cd9f3b1db8ec43a2e91327ea82739330355a85e6585a3f4483d3d,78,JHG30_04fce1ceaf48,weak_train,-1,included_in_development_residue_labels
SOPPCL__7pbh,soppe_legacy,7pbh,7pbh,A,d0a91d892b10d6175a6549c534826ade20ee8964bc21bb4a350c037c227ac7b3,145,JHG30_0c31e65984c2,weak_train,-1,included_in_development_residue_labels
SOPPCL__7pmp,soppe_legacy,7pmp,7pmp,A,a6b95f913a4b429edba8c593a2a06a014bf180882436cfbef143b5887aefe9b0,111,JHG30_ed1cd7952974,weak_train,-1,included_in_development_residue_labels
SOPPCL__7pq4,soppe_legacy,7pq4,7pq4,A,98e1d94a8c4c971895907df0a2d0fd057543a9896796932f9c21dbfe4fa7cde8,90,JHG30_bf5143099307,weak_train,-1,included_in_development_residue_labels
SOPPCL__7pqw,soppe_legacy,7pqw,7pqw,A,4cadb99d5dd7b934d0bdb00f05aa49039b5ce0da8bf2ee6f6cf30cd0952834d1,50,JHG30_a2ea33be6973,weak_train,-1,included_in_development_residue_labels
SOPPCL__7prd,soppe_legacy,7prd,7prd,A,00bd38f99a5658cb9942d8df8f9d8eaa33ff1837ff5975eaf835bd2ab60dcb95,125,JHG30_293fbb644295,weak_train,-1,included_in_development_residue_labels
SOPPCL__7q4l,soppe_legacy,7q4l,7q4l,A,17a423ddc346621c7c93069ab42aa37c11628bae5b4fbf87d70c771edbcf9954,227,JHG30_32c0c279742f,weak_train,-1,included_in_development_residue_labels
SOPPCL__7qa5,soppe_legacy,7qa5,7qa5,A,b2773bf3f4180aab1c8a2b720af8270c1ab1f3bd646fa49106ada26eacfdb59a,93,JHG30_d664c0c5de09,weak_train,-1,included_in_development_residue_labels
SOPPCL__7qab,soppe_legacy,7qab,7qab,A,0d7d22a9ce5bd0d72876184f59c4a59595f79e3561d3e201fdfb8b76f14480fd,83,JHG30_44fc7ed032ca,weak_train,-1,included_in_development_residue_labels
SOPPCL__7qcb,soppe_legacy,7qcb,7qcb,A,da4fdb760b919e0fcdbb73130c9cd63b3f16ed8aee75a5e1934446ec9ded12cc,241,JHG30_48ca5d755232,weak_train,-1,included_in_development_residue_labels
SOPPCL__7qil,soppe_legacy,7qil,7qil,A,06fc2f1ee6347ff70a857061e7f2cd18530626112ae0aac4641f5acdcfd82dcf,140,JHG30_0da350b2fb62,weak_train,-1,included_in_development_residue_labels
SOPPCL__7qjf,soppe_legacy,7qjf,7qjf,A,5d6e63eab414839550fa2729e86733940a6e9059ca6c740e975bf0806ad9a842,62,JHG30_7fd2ed3075a6,weak_train,-1,included_in_development_residue_labels
SOPPCL__7qri,soppe_legacy,7qri,7qri,A,87ece129ba3129cb85609ddeedc378729a37b938669f7526df3fa6fc2d6a05ce,101,JHG30_6d867e5aec19,weak_validation,-1,included_in_development_residue_labels
SOPPCL__7qyi,soppe_legacy,7qyi,7qyi,A,af192ca32a896b9fa890ba4d3b08bf38cc8744c56a85fb7e432912b6a8d769f1,125,JHG30_89a7f43d87e8,weak_train,-1,included_in_development_residue_labels
SOPPCL__7r3m,soppe_legacy,7r3m,7r3m,A,1bd33535242ca3d589928d39b4deefbb977d280bf4e805dfb65835f1ee5d5ecf,112,JHG30_737a6f113311,weak_train,-1,included_in_development_residue_labels
SOPPCL__7r95,soppe_legacy,7r95,7r95,A,5fb740d42b4252debf265721409e6c96932e6b9e75034447c48a61c648442985,54,JHG30_5191330bc0ea,weak_train,-1,included_in_development_residue_labels
SOPPCL__7rik,soppe_legacy,7rik,7rik,A,ecfe9eaaaee0822e27c51b0630a891aa3e9fc2e6ce0e1ea4c9cec845399b5a89,349,JHG30_245396c2f642,weak_validation,-1,included_in_development_residue_labels
SOPPCL__7rno,soppe_legacy,7rno,7rno,A,9557152af48f18e4822aa7092f8fd73bd0c3bf3d89d1c6da2bb6a024b00d43b6,268,JHG30_169b6bfdd071,weak_train,-1,included_in_development_residue_labels
SOPPCL__7rpm,soppe_legacy,7rpm,7rpm,A,d4182f727c081dd5322dea3e67254a31daf0ab408af48671e89d98497a730cae,264,JHG30_bbc6d108c623,weak_train,-1,included_in_development_residue_labels
SOPPCL__7rz3,soppe_legacy,7rz3,7rz3,A,ac4c493cc9be67eee7eb8f81ab19a705a702471c792c4f24d28a5661baf53f0f,82,JHG30_250168e60df4,weak_train,-1,included_in_development_residue_labels
SOPPCL__7s0n,soppe_legacy,7s0n,7s0n,A,d22a7b1c691786b7a92fc952d79052300ae3b0e54bfabf74222c13f67712345a,122,JHG30_b9f5db0d09ed,weak_train,-1,included_in_development_residue_labels
SOPPCL__7sek,soppe_legacy,7sek,7sek,A,166aaa212e3f9bfc0756faf3d67be7bde89fe34783a899c6a950b5c08021f4f7,80,JHG30_fb16b8cd29ac,weak_train,-1,included_in_development_residue_labels
SOPPCL__7swj,soppe_legacy,7swj,7swj,A,d648586c566c9c26737770bc8e7d6c7fdef5cb6d3115fb46e492cfa5b9f2ebc5,301,JHG30_b23125b1828a,weak_train,-1,included_in_development_residue_labels
SOPPCL__7sxb,soppe_legacy,7sxb,7sxb,A,7234ed34ebdb4de89f2700c9a7362aafce4475609f466adb3f389a846691cb41,90,JHG30_af89abcc17e2,weak_train,-1,included_in_development_residue_labels
SOPPCL__7sxi,soppe_legacy,7sxi,7sxi,A,e46bf1cb07bfe966d31ab219cf4cbeb0d80136805cc02baa1a02f2cdcf13d966,79,JHG30_e30d36e4bce8,weak_validation,-1,included_in_development_residue_labels
SOPPCL__7tod,soppe_legacy,7tod,7tod,A,ed999b01cd7eb01d794aba4b1c073bedbb4358cf49f967f0ea4d5535d819a68a,108,JHG30_5d2d58198ff7,weak_train,-1,included_in_development_residue_labels
SOPPCL__7txx,soppe_legacy,7txx,7txx,A,f57aaa2102a601f6ea5939803ac99ccc0f7f6c26ca3252fca1ff259ae931dc9b,147,JHG30_353585d1a498,weak_train,-1,included_in_development_residue_labels
SOPPCL__7ugc,soppe_legacy,7ugc,7ugc,A,42518b35fd1b7a419d9317bcdf01483f232ac037c0290fe13d52f938660ed75e,191,JHG30_17c130f6ce96,weak_train,-1,included_in_development_residue_labels
SOPPCL__7uo6,soppe_legacy,7uo6,7uo6,A,959d8ccfcda0cffca7398c377db6d81c984248e21ae4d0c2b770b9f28266b466,144,JHG30_be142655c698,weak_train,-1,included_in_development_residue_labels
SOPPCL__7uqt,soppe_legacy,7uqt,7uqt,A,a3f5b9d31bdd28c3ecf3c01523ab5fb3f818e00d71b0d1127dc1acba60a2e048,84,JHG30_d50543a54cff,weak_train,-1,included_in_development_residue_labels
SOPPCL__7uv4,soppe_legacy,7uv4,7uv4,A,981fe8369063eb0cac48798b4dbb735b431b4119c12a5a22b1b876c49a8b6c92,60,JHG30_e11177370e18,weak_train,-1,included_in_development_residue_labels
SOPPCL__7uwy,soppe_legacy,7uwy,7uwy,A,7f0a8ebff06277fbaf1dabd18503322968df98ed2e5458c33181b92f83a8bd06,61,JHG30_093795f221ea,weak_train,-1,included_in_development_residue_labels
SOPPCL__7uwz,soppe_legacy,7uwz,7uwz,A,a54d2878b93cf9fb5bc8e3c39ab159d6634476a01c8f32a0fab244c587a17e0f,62,JHG30_4131003fb73c,weak_train,-1,included_in_development_residue_labels
SOPPCL__7vb2,soppe_legacy,7vb2,7vb2,A,aca6aa1465260bf16a4509119fdf22c7bc08420022e2d6de05aea3fee0b294cc,165,JHG30_ef172f1b18b6,weak_train,-1,included_in_development_residue_labels
SOPPCL__7vbg,soppe_legacy,7vbg,7vbg,A,b7d196ef7ef2b94d8bd7c33f99927ef03fa56cf1a134fcec03a173802e5d0820,67,JHG30_1d95c856906f,weak_train,-1,included_in_development_residue_labels
SOPPCL__7vh9,soppe_legacy,7vh9,7vh9,A,26649802c6b7d9c375f4db7887b2ed7b3b00f0631ee150816727c9112e484fd1,111,JHG30_77d68e6a9cef,weak_train,-1,included_in_development_residue_labels
SOPPCL__7vil,soppe_legacy,7vil,7vil,A,8060ba0c21008ec7a525770ed15925e0ee3a9fc5e9146893501348eb1ebee1fc,120,JHG30_626c7ba8a8ea,weak_train,-1,included_in_development_residue_labels
SOPPCL__7vu7,soppe_legacy,7vu7,7vu7,A,21136d885c10a220756431dca0895dfefa3e85931345bbca4b33a185aac8b35f,89,JHG30_52b23f7f4572,weak_train,-1,included_in_development_residue_labels
SOPPCL__7vzm,soppe_legacy,7vzm,7vzm,A,b8d88b3880604323576cd8d328f4006407aee39ccbd3b5ed727c24f85aa68912,119,JHG30_b2b6a3384917,weak_train,-1,included_in_development_residue_labels
SOPPCL__7wbn,soppe_legacy,7wbn,7wbn,A,2ff8ac84612bf5b20d9a3b349472d562573718f672ecc63db8f750e15350061b,98,JHG30_eb880bfb285b,weak_train,-1,included_in_development_residue_labels
SOPPCL__7wcg,soppe_legacy,7wcg,7wcg,A,655b09f100e4111e47a2575f7ad08ad6ba9448e9ff5cf76775b4a4473c1304fe,124,JHG30_78e8b6bf042a,weak_train,-1,included_in_development_residue_labels
SOPPCL__7x31,soppe_legacy,7x31,7x31,A,12e3ecb29b7a4c664d628668dafc18711a3113f3bec6a7d783005a0bd4f38f9f,86,JHG30_515e34b97c1e,weak_train,-1,included_in_development_residue_labels
SOPPCL__7x5c,soppe_legacy,7x5c,7x5c,A,1c3452d9838d9d93306ba899e050fe29a2df43d5b0a1e270cee44add3cd5c3ff,172,JHG30_b7931ff328f3,weak_train,-1,included_in_development_residue_labels
SOPPCL__7xrw,soppe_legacy,7xrw,7xrw,A,6914336dc3a9ea77c9506382762810016497f3c9b01923ef64b93264015d2c35,127,JHG30_da94cd56ed8f,weak_train,-1,included_in_development_residue_labels
SOPPCL__7ywq,soppe_legacy,7ywq,7ywq,A,391b272c25227a5fdbc15976849bc200ded307102b0c9004237c9adfd65dfa7f,79,JHG30_d891838667ab,weak_train,-1,included_in_development_residue_labels
SOPPCL__7ywr,soppe_legacy,7ywr,7ywr,A,5883f773b3b30d0a0255305ebdbe88faff5998eb2c07f928847ec572cf50ec71,84,JHG30_c72eeb9ba82a,weak_train,-1,included_in_development_residue_labels
SOPPCL__7z3c,soppe_legacy,7z3c,7z3c,A,2f239d0e69fd1618b4cc98b512ffcf573c099372d074c2c6f742e0766e8fe556,85,JHG30_e3ea0f615be0,weak_train,-1,included_in_development_residue_labels
SOPPCL__7zbq,soppe_legacy,7zbq,7zbq,A,f53732cdbe83e875aa69c5e21840eb1dfe77e41d429b50abbc45d2cfd337fa7b,180,JHG30_83a58280bac2,weak_train,-1,included_in_development_residue_labels
SOPPCL__7zjy,soppe_legacy,7zjy,7zjy,A,00833ecd344334b4b039af545b53ca376f29bce4521350281902c987caee2c41,60,JHG30_62dc1cc5f189,weak_train,-1,included_in_development_residue_labels
SOPPCL__7zk0,soppe_legacy,7zk0,7zk0,A,d76bf50366d44e6e2f36845a306cd2415a240608ea23539e6ef07e955a0e1297,89,JHG30_b0ca60e61642,weak_train,-1,included_in_development_residue_labels
SOPPCL__7zkd,soppe_legacy,7zkd,7zkd,A,be2195a53cc9f954e61118e7a95058094884481b10a3f77ff7fee7b66aa2b317,91,JHG30_08ed7d77ca9c,weak_train,-1,included_in_development_residue_labels
SOPPCL__7zok,soppe_legacy,7zok,7zok,A,399e05358c90b8c70ce74b3baf27137bc606f1ced0f4eeab1f753dfa2803ea0e,51,JHG30_f04268bbbbed,weak_train,-1,included_in_development_residue_labels
SOPPCL__7zro,soppe_legacy,7zro,7zro,A,a7e3cf01734260cceeea99d4f4e897cccd63ae2ba30c682e7a5bffad035da150,40,JHG30_92ed001bf565,weak_train,-1,included_in_development_residue_labels
SOPPCL__8acz,soppe_legacy,8acz,8acz,A,f80a1fdc5a53978494717254f1d3d9e1945d0c977614067d63e99f0c8eab42e2,87,JHG30_c1dc21be871e,weak_train,-1,included_in_development_residue_labels
SOPPCL__8aig,soppe_legacy,8aig,8aig,A,cf3692b8bef7a22ed48a9b12132e638001f656a8916b6c970f0927fc84f2b6b9,86,JHG30_5fce987aad4b,weak_train,-1,included_in_development_residue_labels
SOPPCL__8all,soppe_legacy,8all,8all,A,13fa97c5527e022ec1e0debb2d4297efd19b752130fefd5376a243b7d452a0a4,83,JHG30_d2537db497f3,weak_train,-1,included_in_development_residue_labels
SOPPCL__8aou,soppe_legacy,8aou,8aou,A,3e3ab5f7e9d8a0d137bc08fd1faef574c884eb3ab1f651c2232cda0688ee16d3,181,JHG30_fc2dcf870d42,weak_train,-1,included_in_development_residue_labels
SOPPCL__8ar0,soppe_legacy,8ar0,8ar0,A,22b6d5e713fe28bf83456abe6af3ed7974665f38409452d3b10a1604d5a8f889,50,JHG30_9a939832da8d,weak_train,-1,included_in_development_residue_labels
SOPPCL__8ar3,soppe_legacy,8ar3,8ar3,A,da632a1fb796817ca13b47400bfc07a6a4e2a3930b463de534ec3a0a919f365d,50,JHG30_92431adb9943,weak_train,-1,included_in_development_residue_labels
SOPPCL__8b7i,soppe_legacy,8b7i,8b7i,A,c61ab5a26b192ac0273b970ff8312b30237013015a1da16faf1ff83beb47c860,213,JHG30_722446e52872,weak_train,-1,included_in_development_residue_labels
SOPPCL__8b7t,soppe_legacy,8b7t,8b7t,A,c496c7211c1f4d453e8eebfccfd45e1e33a4fb4ade33a52735c4b0bb44bf1e24,77,JHG30_539fd57dd3c9,weak_train,-1,included_in_development_residue_labels
SOPPCL__8ba1,soppe_legacy,8ba1,8ba1,A,4cc7f38a6a1fb82f74636af6ede7ba5dbaf9b12c1cba37dab105615907d264ca,119,JHG30_642d06ff2810,weak_train,-1,included_in_development_residue_labels
SOPPCL__8c18,soppe_legacy,8c18,8c18,A,01b10b0e4fa6ea68b7b1aa3bce600cd5088e8f1f637e218789a525b3e170b226,207,JHG30_98d79cd0ef65,weak_train,-1,included_in_development_residue_labels
SOPPCL__8c7k,soppe_legacy,8c7k,8c7k,A,0b381eb00ac54a2bf368f66346d4f5bf6d188c6731f26c667638e0c4c5dcbdbc,109,JHG30_0c673cb286aa,weak_validation,-1,included_in_development_residue_labels
SOPPCL__8dpx,soppe_legacy,8dpx,8dpx,A,f838696a734abb15c3558cc05f5cfff3557ce6507e9829a7c66aa4a4a5a7b013,109,JHG30_891d91301e5c,weak_train,-1,included_in_development_residue_labels
SOPPCL__8gbc,soppe_legacy,8gbc,8gbc,A,641ed765a5d0da20d98d4190d3cbb144caefe698ae6f02dccddad1f5a2468669,63,JHG30_ef29cd747d7a,weak_train,-1,included_in_development_residue_labels
SOPPCL__8gdg,soppe_legacy,8gdg,8gdg,A,56b3b28889708e99dbddae4eca24b2f9e2cd5678071a6850f15d253239aa29ea,117,JHG30_8cd6b3597207,weak_train,-1,included_in_development_residue_labels
SOPPCL__8hta,soppe_legacy,8hta,8hta,A,9385284d534dbc8eec1f0aac01d59fe88bf9841f1771dce53b8c0066a3ee32c7,170,JHG30_fa831835ece1,weak_train,-1,included_in_development_residue_labels
